-- phpMyAdmin SQL Dump
-- version 5.2.0
-- https://www.phpmyadmin.net/
--
-- Host: 127.0.0.1
-- Generation Time: Oct 25, 2022 at 02:00 AM
-- Server version: 8.0.16
-- PHP Version: 7.4.29

SET SQL_MODE = "NO_AUTO_VALUE_ON_ZERO";
START TRANSACTION;
SET time_zone = "+00:00";


/*!40101 SET @OLD_CHARACTER_SET_CLIENT=@@CHARACTER_SET_CLIENT */;
/*!40101 SET @OLD_CHARACTER_SET_RESULTS=@@CHARACTER_SET_RESULTS */;
/*!40101 SET @OLD_COLLATION_CONNECTION=@@COLLATION_CONNECTION */;
/*!40101 SET NAMES utf8mb4 */;

--
-- Database: `nordstrom`
--

-- --------------------------------------------------------

--
-- Table structure for table `boots`
--

CREATE TABLE `boots` (
  `boots_id` int(11) NOT NULL,
  `product_name` varchar(255) DEFAULT NULL,
  `sku` int(11) DEFAULT NULL,
  `price_current_usd` decimal(18,2) DEFAULT NULL,
  `price_retail_usd` decimal(18,2) DEFAULT NULL,
  `review_rating` decimal(18,1) DEFAULT NULL,
  `review_count` int(11) DEFAULT NULL,
  `department_id` int(11) DEFAULT NULL,
  `category_id` int(11) DEFAULT NULL,
  `sub_category_id` int(11) DEFAULT NULL,
  `boots_brand_id` int(11) DEFAULT NULL,
  `boots_color_id` int(11) DEFAULT NULL
) ENGINE=InnoDB DEFAULT CHARSET=utf8mb4 COLLATE=utf8mb4_0900_ai_ci;

--
-- Dumping data for table `boots`
--

INSERT INTO `boots` (`boots_id`, `product_name`, `sku`, `price_current_usd`, `price_retail_usd`, `review_rating`, `review_count`, `department_id`, `category_id`, `sub_category_id`, `boots_brand_id`, `boots_color_id`) VALUES
(1, 'Butte Waterproof Boot', 2897068, '224.95', '224.95', '4.8', 877, 1, 1, 1, 1, 1),
(2, 'Neumel Chukka Boot', 3242739, '130.00', '130.00', '4.9', 3561, 1, 1, 1, 1, 2),
(3, '\'1460\' Boot', 3301656, '150.00', '150.00', '4.3', 36, 1, 1, 1, 2, 3),
(4, 'Pampa Hi Canvas Boot', 3314509, '75.00', '75.00', '4.8', 4, 1, 1, 1, 3, 4),
(5, '\'Copeland\' Suede Chukka Boot', 3504137, '169.00', '169.00', '4.6', 291, 1, 1, 1, 4, 5),
(6, '6 Inch Premium Waterproof Boot', 3729247, '198.00', '198.00', '4.7', 3147, 1, 1, 1, 5, 6),
(7, 'Riley Diversa Chelsea Boot', 5271275, '399.00', '399.00', '4.7', 9, 1, 1, 1, 6, 7),
(8, 'Chuck Taylor® All Star® Lugged Boot', 5355855, '70.00', '70.00', '4.8', 255, 1, 1, 1, 7, 6),
(9, '\'2976\' Chelsea Boot', 5437500, '150.00', '150.00', '4.8', 8, 1, 1, 1, 2, 8),
(10, 'Kalia Puki Chukka Boot', 5480449, '165.00', '165.00', '5.0', 1, 1, 1, 1, 8, 9),
(11, 'Marson Water Resistant Chelsea Boot', 5600872, '250.00', '250.00', '5.0', 1, 1, 1, 1, 9, 6),
(12, 'Riley Diversa Chelsea Boot', 5699500, '399.00', '399.00', '4.7', 9, 1, 1, 1, 6, 6),
(13, 'Osborn Plain Toe Chukka Boot', 5706231, '180.00', '180.00', '3.0', 2, 1, 1, 1, 10, 10),
(14, 'Blundstone Classic 550 Series Water Resistant Chelsea Boot', 5724059, '209.95', '209.95', '2.3', 3, 1, 1, 1, 11, 11),
(15, 'UGG Emmett Waterproof Snow Boot', 5737778, '130.00', '130.00', '4.7', 116, 1, 1, 1, 1, 6),
(16, 'Butte Waterproof Chelsea Boot', 5741090, '89.96', '179.95', '4.3', 19, 1, 1, 1, 1, 5),
(17, 'XC Flex Cody Wingtip Boot', 5745357, '199.00', '199.00', '4.7', 50, 1, 1, 1, 4, 12),
(18, 'Magog Waterproof Boot', 5765826, '175.00', '175.00', '0.0', 0, 1, 1, 1, 12, 13),
(19, 'Hyrid Gore-Tex® Waterproof Chukka Boot', 5866858, '249.95', '249.95', '5.0', 1, 1, 1, 1, 13, 6),
(20, 'Warner GrandPro Waterproof Chukka Boot', 5881262, '200.00', '200.00', '5.0', 1, 1, 1, 1, 10, 6),
(21, 'Mason Water Resistant Chelsea Boot', 5903836, '95.96', '119.95', '3.2', 5, 1, 1, 1, 14, 14),
(22, 'CityTray Avant Boot', 5909243, '199.95', '199.95', '5.0', 1, 1, 1, 1, 13, 11),
(23, 'UA Charged Bandit Trek 2 Hiking Shoes', 5927323, '82.50', '110.00', '4.5', 19, 1, 1, 1, 15, 6),
(24, 'Combs Tech Boot', 5933185, '100.00', '100.00', '5.0', 1, 1, 1, 1, 2, 6),
(25, 'Neumel Chelsea Boot', 5934195, '130.00', '130.00', '4.7', 36, 1, 1, 1, 1, 6),
(26, 'Classic Mini Lace-Up Waterproof Winter Boot', 5935529, '180.00', '180.00', '4.7', 19, 1, 1, 1, 1, 13),
(27, 'Alonzo Chukka Boot', 5954133, '350.00', '350.00', '0.0', 0, 1, 1, 1, 16, 15),
(28, 'Soft 7 Tred Water Repellent Bootie', 5958069, '179.95', '179.95', '0.0', 0, 1, 1, 1, 13, 16),
(29, 'Williams Boot', 6087925, '159.00', '265.00', '5.0', 1, 1, 1, 1, 17, 6),
(30, 'Morrison Chelsea Boot', 6087933, '159.00', '265.00', '1.0', 1, 1, 1, 1, 17, 6),
(31, '6-Inch Premium Waterproof Boot', 6143023, '198.00', '198.00', '4.7', 2698, 1, 1, 1, 5, 17),
(32, '6-Inch Waterproof Bean Boot', 6143506, '129.00', '129.00', '4.6', 904, 1, 1, 1, 18, 7),
(33, 'Port Union Waterproof Chukka Boot', 6151709, '99.00', '165.00', '4.5', 73, 1, 1, 1, 5, 11),
(34, '1460 Bex Smooth Plain Toe Boot', 6290700, '160.00', '160.00', '0.0', 0, 1, 1, 1, 2, 18),
(35, 'Knox Cap Toe Genuine Shearling Lined Boot', 6409715, '295.00', '295.00', '0.0', 0, 1, 1, 1, 4, 6),
(36, 'Jameson Plain Toe Chukka Boot', 6409731, '285.00', '285.00', '0.0', 0, 1, 1, 1, 4, 19),
(37, 'Raleigh XC Flex Cap Toe Boot', 6414453, '179.00', '179.00', '4.5', 8, 1, 1, 1, 4, 20),
(38, 'Ashford Plain Toe Chelsea Boot', 6414754, '295.00', '295.00', '0.0', 0, 1, 1, 1, 4, 11),
(39, 'x John Legend Commodore Boot', 6452474, '99.99', '200.00', '0.0', 0, 1, 1, 1, 19, 21),
(40, 'x John Legend Commodore Boot', 6452480, '100.00', '200.00', '0.0', 0, 1, 1, 1, 19, 22),
(41, 'Henrick Chukka Boot', 6455504, '83.94', '139.90', '0.0', 0, 1, 1, 1, 4, 20),
(42, 'Wesley Leather Lace-Up Boot', 6489516, '425.00', '425.00', '4.5', 2, 1, 1, 1, 6, 11),
(43, 'Pampa Travel Lite Boot', 6499516, '100.00', '100.00', '0.0', 0, 1, 1, 1, 3, 23),
(44, '2976 Chelsea Boot', 6531084, '150.00', '150.00', '4.6', 8, 1, 1, 1, 2, 24),
(45, 'Kaha Low GTX Sneaker', 6550641, '200.00', '200.00', '4.0', 65, 1, 1, 1, 20, 25),
(46, 'Port Union Chelsea Boot', 6575316, '145.00', '145.00', '0.0', 0, 1, 1, 1, 5, 6),
(47, 'Redwood Falls Waterproof Boot', 6575336, '145.00', '145.00', '5.0', 4, 1, 1, 1, 5, 6),
(48, 'Original Grand Chukka Boot', 6604389, '190.00', '190.00', '4.8', 6, 1, 1, 1, 10, 26),
(49, 'Nimbus Chelsea Boot', 6613191, '90.00', '90.00', '0.0', 0, 1, 1, 1, 21, 27),
(50, 'Original Waterproof Chelsea Rain Boot', 6648934, '70.00', '140.00', '4.6', 5, 1, 1, 1, 22, 28),
(51, '1460 Combat Boot', 6667821, '150.00', '150.00', '5.0', 1, 1, 1, 1, 2, 8),
(52, '1460 Boot', 6667828, '150.00', '150.00', '0.0', 0, 1, 1, 1, 2, 29),
(53, 'William Waterproof Side Zip Boot', 6706561, '90.96', '129.95', '4.8', 4, 1, 1, 1, 14, 5),
(54, 'Men\'s Terrex Free Hiker Gore-Tex® Waterproof Hiking Boot', 6715477, '180.00', '225.00', '4.8', 503, 1, 1, 1, 23, 6),
(55, 'York Suede Chelsea Boot', 6794931, '165.00', '165.00', '0.0', 0, 1, 1, 1, 24, 30),
(56, 'Butte Mono Leather Boot', 6801704, '112.50', '225.00', '4.7', 12, 1, 1, 1, 1, 18),
(57, 'Warner GrandPro Waterproof Chukka Boot', 6821778, '200.00', '200.00', '5.0', 1, 1, 1, 1, 10, 11),
(58, 'Classic Short Boot', 2792110, '170.00', '170.00', '4.8', 740, 1, 1, 1, 1, 31),
(59, '\'Harrison\' Chukka Boot', 3031628, '125.00', '125.00', '4.4', 7, 1, 1, 1, 25, 11),
(60, '\'1000 Mile\' Plain Toe Boot', 3199403, '385.00', '385.00', '4.7', 110, 1, 1, 1, 26, 6),
(61, 'Liverpool Chelsea Boot', 4366793, '495.00', '495.00', '4.7', 9, 1, 1, 1, 27, 32),
(62, 'Original Refined Waterproof Chelsea Boot', 4376726, '155.00', '155.00', '4.0', 153, 1, 1, 1, 22, 6),
(63, '\'Midtown\' Zip Boot', 4426406, '130.00', '130.00', '4.5', 54, 1, 1, 1, 28, 11),
(64, 'Pebbly Hill Chukka Boot', 4693314, '198.00', '198.00', '4.2', 10, 1, 1, 1, 29, 33),
(65, 'Anchorage II Waterproof Chelsea Boot', 4788086, '123.75', '165.00', '4.7', 3, 1, 1, 1, 30, 6),
(66, 'Troopah-C Cap Toe Boot', 4790549, '124.95', '124.95', '3.3', 3, 1, 1, 1, 31, 6),
(67, 'Shelby Mid Chelsea Boot', 4823592, '398.00', '398.00', '4.7', 15, 1, 1, 1, 16, 34),
(68, 'Nalukai Boot', 4981281, '140.00', '140.00', '4.5', 30, 1, 1, 1, 8, 35),
(69, 'David Field Cap Toe Boot', 5252939, '198.00', '198.00', '5.0', 5, 1, 1, 1, 29, 6),
(70, 'Earthkeepers® Original Mid Plain Toe Boot', 5364462, '160.00', '160.00', '4.4', 462, 1, 1, 1, 5, 13),
(71, 'Kingsview Road Chelsea Boot', 5469132, '178.00', '178.00', '4.7', 7, 1, 1, 1, 29, 32),
(72, 'Bozeman Mid Waterproof Boot', 5500206, '145.00', '145.00', '4.7', 6, 1, 1, 1, 32, 6),
(73, '\'Copeland\' Suede Chukka Boot', 5532170, '169.00', '169.00', '4.5', 295, 1, 1, 1, 4, 20),
(74, 'Clarence Buckle Strap Boot', 5578243, '398.00', '398.00', '0.0', 0, 1, 1, 1, 16, 24),
(75, 'Grandview GTX Hiking Boot', 5591738, '175.00', '175.00', '4.5', 39, 1, 1, 1, 33, 36),
(76, 'Classic Casual Waterproof Chelsea Boot', 5626582, '130.00', '130.00', '5.0', 1, 1, 1, 1, 32, 6),
(77, 'Activist FUTURELIGHT™ Waterproof Hiking Boot', 5704815, '145.00', '145.00', '4.2', 38, 1, 1, 1, 34, 37),
(78, 'Madson II Waterproof Chukka Boot', 5716298, '142.50', '190.00', '4.5', 33, 1, 1, 1, 35, 38),
(79, 'Blundstone Water Resistant Chelsea Boot', 5724056, '204.95', '204.95', '5.0', 1, 1, 1, 1, 11, 6),
(80, 'Madson II Moc Toe Waterproof Boot', 5739886, '185.00', '185.00', '4.6', 56, 1, 1, 1, 35, 18),
(81, 'Moncton Waterproof Boot', 5765839, '195.00', '195.00', '0.0', 0, 1, 1, 1, 12, 6),
(82, 'Rockies High Waterproof Plain Toe Boot', 5786374, '299.98', '425.00', '0.0', 0, 1, 1, 1, 27, 39),
(83, 'Rockies High Waterproof Plain Toe Boot', 5786379, '233.75', '425.00', '5.0', 1, 1, 1, 1, 27, 6),
(84, 'Chilkat IV Waterproof Insulated Snow Boot', 5807837, '115.00', '115.00', '4.4', 536, 1, 1, 1, 34, 13),
(85, 'Classic Mid Waterproof Insulated Work Boot', 5812550, '119.95', '119.95', '4.6', 36, 1, 1, 1, 32, 6),
(86, 'Anchorage III Waterproof Chelsea Boot', 5874470, '123.75', '165.00', '0.0', 0, 1, 1, 1, 30, 18),
(87, 'Pampa Hi Waterproof Bootie', 5883983, '155.00', '155.00', '0.0', 0, 1, 1, 1, 3, 23),
(88, 'Wallabee 2 Chukka Boot', 5885802, '150.00', '150.00', '4.0', 2, 1, 1, 1, 36, 11),
(89, 'Gatson Waterproof Boot', 5890193, '120.00', '120.00', '4.5', 2, 1, 1, 1, 1, 13),
(90, 'Classic Casual Waterproof Chukka', 5905998, '135.00', '135.00', '0.0', 0, 1, 1, 1, 32, 26),
(91, 'Mt. Maddsen LTE Waterproof Hiking Boot', 5914092, '115.00', '115.00', '4.8', 43, 1, 1, 1, 5, 40),
(92, 'Brayden Lug Chelsea Boot', 5918579, '71.96', '89.95', '2.5', 2, 1, 1, 1, 37, 6),
(93, 'Hillmont Chelsea Boot', 5934963, '190.00', '190.00', '4.0', 4, 1, 1, 1, 1, 6),
(94, 'Austin Chukka Boot', 6087939, '265.00', '265.00', '0.0', 0, 1, 1, 1, 17, 11),
(95, 'Fields Waterproof Chelsea Boot', 6088979, '150.00', '150.00', '0.0', 0, 1, 1, 1, 38, 11),
(96, 'Wrapped Chelsea Boot', 6403825, '995.00', '995.00', '0.0', 0, 1, 1, 1, 39, 6),
(97, 'Raleigh XC Flex Chelsea Boot', 6409297, '179.00', '179.00', '5.0', 4, 1, 1, 1, 4, 6),
(98, 'Barrett Moc Toe Boot', 6409699, '199.00', '199.00', '0.0', 0, 1, 1, 1, 4, 5),
(99, 'Gregory Chukka Boot', 6423578, '245.00', '245.00', '0.0', 0, 1, 1, 1, 4, 14),
(100, '2976 Valor Water Resistant Chelsea Boot', 6429052, '170.00', '170.00', '0.0', 0, 1, 1, 1, 2, 6),
(101, 'Combs Tech Combat Boot', 6429080, '120.00', '120.00', '0.0', 0, 1, 1, 1, 2, 6),
(102, 'x John Legend Tall Boot', 6452486, '125.00', '250.00', '5.0', 2, 1, 1, 1, 19, 6),
(103, 'Knox Zip Boot', 6456233, '285.00', '285.00', '0.0', 0, 1, 1, 1, 4, 5),
(104, 'Bruchsalflex Chelsea Boot', 6473496, '160.00', '160.00', '0.0', 0, 1, 1, 1, 40, 19),
(105, 'Pampa Hi Re-Craft Boot', 6499424, '100.00', '100.00', '5.0', 1, 1, 1, 1, 3, 23),
(106, 'The Ultralight Hiking Boot', 6519794, '237.00', '395.00', '5.0', 2, 1, 1, 1, 41, 13),
(107, 'Romance GG Rhombus Lace-Up Boot', 6523514, '980.00', '980.00', '4.0', 1, 1, 1, 1, 42, 9),
(108, 'Abound Chukka Boot', 6547640, '150.00', '150.00', '0.0', 0, 1, 1, 1, 43, 41),
(109, 'Skill Chelsea Boot', 6547646, '79.90', '160.00', '0.0', 0, 1, 1, 1, 43, 42),
(110, 'Abound Chukka Boot', 6547650, '150.00', '150.00', '0.0', 0, 1, 1, 1, 43, 42),
(111, 'Kaha Gore-Tex Waterproof Hiking Boot', 6550640, '220.00', '220.00', '4.4', 378, 1, 1, 1, 20, 43),
(112, 'Freeland Boot (Men.', 6565725, '84.95', '84.95', '0.0', 0, 1, 1, 1, 44, 11),
(113, 'Harken Chukka Boot', 6603383, '90.00', '90.00', '0.0', 0, 1, 1, 1, 31, 11),
(114, 'Bryce Lace-Up Boot', 6603388, '150.00', '150.00', '0.0', 0, 1, 1, 1, 31, 6),
(115, 'Boot', 6604665, '700.00', '700.00', '0.0', 0, 1, 1, 1, 45, 6),
(116, 'Gusthigher Waterproof Boot', 6617091, '179.95', '179.95', '0.0', 0, 1, 1, 1, 46, 6),
(117, '4.ZerøGrand Waterproof Leather Chukka Boot', 6621020, '144.00', '240.00', '0.0', 0, 1, 1, 1, 10, 11),
(118, 'Croresen Boot', 6631638, '165.00', '165.00', '0.0', 0, 1, 1, 1, 40, 5),
(119, 'Combs Tech Poly Casual Boot', 6672050, '100.00', '100.00', '0.0', 0, 1, 1, 1, 2, 6),
(120, 'Hollis Cap Toe Boot', 6676808, '237.50', '475.00', '5.0', 1, 1, 1, 1, 47, 44),
(121, '6 Inch Premium Waterproof Boot', 6723133, '198.00', '198.00', '4.7', 2642, 1, 1, 1, 5, 40),
(122, 'Jenner Chukka Boot', 6774182, '100.00', '100.00', '5.0', 1, 1, 1, 1, 31, 11),
(123, 'Neumel Cozy Water Resistant Boot', 6801705, '75.00', '150.00', '5.0', 3, 1, 1, 1, 1, 13),
(124, 'Shawn Chelsea Boot', 6849392, '395.00', '395.00', '5.0', 3, 1, 1, 1, 16, 34),
(125, '\'Protégé\' Cap Toe Boot', 3498006, '325.00', '325.00', '4.6', 5, 1, 1, 1, 48, 45),
(126, '\'Lookout\' Moc Toe Boot', 3961540, '139.95', '139.95', '4.2', 35, 1, 1, 1, 49, 5),
(127, '\'Harken\' Leather Chukka Boot', 4079580, '95.00', '95.00', '4.5', 24, 1, 1, 1, 31, 36),
(128, 'Pitt Mid Lace-Up Boot', 5023063, '449.00', '449.00', '5.0', 1, 1, 1, 1, 50, 46),
(129, 'Ned Plain Toe Boot', 5355745, '195.00', '195.00', '3.0', 2, 1, 1, 1, 51, 26),
(130, 'Sauvie Waterproof Chelsea Boot', 5500200, '95.00', '95.00', '4.0', 7, 1, 1, 1, 32, 6),
(131, 'Clear Sole Chelsea Boot', 5616646, '1250.00', '1250.00', '3.0', 2, 1, 1, 1, 52, 47),
(132, 'Polo Chukka Boot', 5681663, '379.00', '379.00', '1.0', 1, 1, 1, 1, 50, 13),
(133, 'Original Insulated Commando Boot', 5704770, '195.00', '195.00', '4.3', 121, 1, 1, 1, 22, 6),
(134, 'Blundstone Original 500 Water Resistant Chelsea Boot', 5724057, '199.95', '199.95', '0.0', 0, 1, 1, 1, 11, 45),
(135, 'Hobson Cap Toe Boot', 5728791, '114.50', '229.00', '3.9', 7, 1, 1, 1, 4, 20),
(136, 'Desert 2 Chukka Boot', 5733634, '140.00', '140.00', '4.4', 7, 1, 1, 1, 36, 5),
(137, 'Dundonald Arctic Grip Waterproof Boot', 5765819, '175.00', '175.00', '0.0', 0, 1, 1, 1, 12, 6),
(138, 'Wedge Sole Boot', 5779049, '164.95', '164.95', '0.0', 0, 1, 1, 1, 53, 11),
(139, 'Woven Leather Chukka Driving Boot', 5779073, '124.95', '124.95', '0.0', 0, 1, 1, 1, 53, 11),
(140, 'Landon Lace-Up Cap Toe Boot', 5786376, '445.00', '445.00', '0.0', 0, 1, 1, 1, 27, 32),
(141, 'Landon Lace-Up Cap Toe Boot', 5786380, '445.00', '445.00', '5.0', 2, 1, 1, 1, 27, 26),
(142, 'Clyde Leather Chukka Boot', 5806098, '102.00', '170.00', '4.2', 5, 1, 1, 1, 54, 11),
(143, 'The Chill Water Resistant Chukka Boot', 5819841, '148.00', '148.00', '0.0', 0, 1, 1, 1, 55, 40),
(144, '1460 Ambruzzo Water Resistant Boot', 5859287, '150.00', '150.00', '0.0', 0, 1, 1, 1, 2, 24),
(145, 'Ice Bay Waterproof Snow Boot', 5863205, '98.00', '140.00', '4.4', 52, 1, 1, 1, 19, 5),
(146, 'Newton Ridge™ Plus II Waterproof Hiking Boot', 5880999, '110.00', '110.00', '0.0', 0, 1, 1, 1, 56, 48),
(147, 'Ridgeview Mid RP Waterproof Hiking Boot', 5881840, '150.00', '150.00', '4.3', 12, 1, 1, 1, 33, 49),
(148, 'Stafford Boot', 5910903, '365.00', '365.00', '0.0', 0, 1, 1, 1, 57, 7),
(149, 'ReEmber Mid Water Repellent Bootie', 5916948, '90.00', '90.00', '3.0', 7, 1, 1, 1, 33, 6),
(150, 'Monolith Mini Bag Lug Sole Combat Boot', 5954020, '1580.00', '1580.00', '0.0', 0, 1, 1, 1, 58, 50),
(151, 'Noah Waterproof Lace-Up Boot', 5957869, '180.00', '180.00', '4.0', 1, 1, 1, 1, 59, 51),
(152, 'Dean Waterproof Plain Toe Boot', 5957872, '160.00', '160.00', '5.0', 1, 1, 1, 1, 59, 52),
(153, 'Fever Ankle Boot', 6128092, '1295.00', '1295.00', '0.0', 0, 1, 1, 1, 60, 6),
(154, 'Fever Flat Leopard Genuine Calf Hair Boot', 6128113, '1595.00', '1595.00', '0.0', 0, 1, 1, 1, 60, 11),
(155, 'Flow Centre Hiking Shoe', 6136624, '100.00', '100.00', '0.0', 0, 1, 1, 1, 56, 51),
(156, 'Stage Platform Chelsea Boot', 6142728, '1595.00', '1595.00', '0.0', 0, 1, 1, 1, 60, 6),
(157, '1460 Panel Streeter Boot', 6290640, '150.00', '150.00', '0.0', 0, 1, 1, 1, 2, 6),
(158, 'Henrick Chelsea Boot', 6409175, '139.90', '139.90', '0.0', 0, 1, 1, 1, 4, 20),
(159, 'Downtown Chukka Boot', 6409206, '99.00', '198.00', '0.0', 0, 1, 1, 1, 61, 11),
(160, 'Konor Waterproof Chukka Boot', 6416194, '150.00', '150.00', '3.8', 8, 1, 1, 1, 59, 18),
(161, 'Jameson Plain Toe Chukka Boot', 6423601, '285.00', '285.00', '0.0', 0, 1, 1, 1, 4, 20),
(162, 'Redwood Falls Waterproof Moc Toe Boot', 6434575, '145.00', '145.00', '4.7', 55, 1, 1, 1, 5, 48),
(163, 'Lugo Water Resistant Chelsea Boot', 6441077, '425.00', '425.00', '0.0', 0, 1, 1, 1, 6, 13),
(164, 'x John Legend Tall Boot', 6452475, '131.99', '250.00', '5.0', 1, 1, 1, 1, 19, 5),
(165, 'x John Legend Commodore Boot', 6452478, '100.00', '200.00', '0.0', 0, 1, 1, 1, 19, 53),
(166, 'Barrett Chelsea Boot', 6456142, '179.00', '179.00', '4.8', 9, 1, 1, 1, 4, 39),
(167, 'Cube Apron Water Resistant Boot', 6456814, '99.99', '195.00', '0.0', 0, 1, 1, 1, 51, 54),
(168, 'Ghiaccia Plain Toe Boot', 6460404, '101.50', '145.00', '0.0', 0, 1, 1, 1, 62, 55),
(169, 'Pampa Hi Wax Boot', 6499473, '85.00', '85.00', '5.0', 1, 1, 1, 1, 3, 56),
(170, 'Stewart Chelsea Boot', 6501486, '155.00', '155.00', '0.0', 0, 1, 1, 1, 24, 6),
(171, 'Horsebit Genuine Shearling Lined Quilted Snow Boot', 6523496, '1250.00', '1250.00', '0.0', 0, 1, 1, 1, 42, 6),
(172, 'Seize Lace-Up Boot', 6547652, '74.90', '150.00', '0.0', 0, 1, 1, 1, 43, 57),
(173, 'Vassili Zip Boot', 6589008, '1095.00', '1095.00', '0.0', 0, 1, 1, 1, 63, 58),
(174, 'Vassili 60 Boot', 6589009, '1195.00', '1195.00', '0.0', 0, 1, 1, 1, 63, 11),
(175, 'Seam Toe Demi Boot', 6596095, '190.00', '190.00', '0.0', 0, 1, 1, 1, 64, 59),
(176, 'Storms Water Resistant Boot', 6603405, '130.00', '130.00', '0.0', 0, 1, 1, 1, 31, 60),
(177, 'Original Grand Chukka Boot', 6604390, '190.00', '190.00', '4.8', 6, 1, 1, 1, 10, 8),
(178, 'ZerøGrand Waterproof Chelsea Boot', 6604402, '210.00', '210.00', '5.0', 6, 1, 1, 1, 10, 11),
(179, 'Grant Waterproof Chelsea Boot', 6605936, '150.00', '150.00', '4.5', 11, 1, 1, 1, 59, 61),
(180, 'Crowley Combat Boot', 6650912, '66.00', '110.00', '0.0', 0, 1, 1, 1, 31, 6),
(181, 'Flinton Check Waterproof Rain Boot', 6656232, '450.00', '450.00', '0.0', 0, 1, 1, 1, 65, 6),
(182, 'Silverlake Moc Toe Boot', 6676638, '212.50', '425.00', '0.0', 0, 1, 1, 1, 27, 14),
(183, 'Mayorr Combat Boot', 6774183, '75.00', '125.00', '0.0', 0, 1, 1, 1, 31, 11),
(184, 'Warner Waterproof Chelsea Boot', 6778274, '220.00', '220.00', '0.0', 0, 1, 1, 1, 10, 6),
(185, 'Portland Boot', 6794341, '265.00', '265.00', '0.0', 0, 1, 1, 1, 17, 54),
(186, 'Downtown Chelsea Boot', 6817650, '114.00', '228.00', '0.0', 0, 1, 1, 1, 61, 62),
(187, 'Kezar Waterproof Chukka Boot', 6817803, '92.50', '185.00', '4.5', 8, 1, 1, 1, 35, 63),
(188, 'Classic Chelsea Boot', 3114762, '199.95', '199.95', '4.8', 6, 1, 1, 1, 11, 64),
(189, '\'1460 Mono\' Boot', 3732347, '150.00', '150.00', '4.5', 8, 1, 1, 1, 2, 6),
(190, 'Classic Mini Boot', 4366896, '150.00', '150.00', '4.7', 295, 1, 1, 1, 1, 65),
(191, 'Eldridge Harness Boot', 4985949, '698.00', '698.00', '0.0', 0, 1, 1, 1, 66, 6),
(192, 'Chocorua Trail Mid Waterproof Hiking Boot', 5061466, '125.00', '125.00', '4.4', 92, 1, 1, 1, 5, 13),
(193, 'Malone Chukka Boot', 5283220, '398.00', '398.00', '5.0', 1, 1, 1, 1, 6, 13),
(194, 'Montana II Plain Toe Boot', 5286198, '425.00', '425.00', '4.3', 3, 1, 1, 1, 6, 11),
(195, 'Konor Waterproof Chukka Boot', 5358243, '150.00', '150.00', '3.8', 8, 1, 1, 1, 59, 3),
(196, 'Track 25 Waterproof Moc Toe Boot', 5419096, '249.95', '249.95', '0.0', 0, 1, 1, 1, 13, 66),
(197, 'Higgins Weatherproof Plain Toe Boot', 5424281, '445.00', '445.00', '0.0', 0, 1, 1, 1, 27, 6),
(198, 'Dalton Weatherproof Wingtip Boot', 5476145, '247.50', '495.00', '0.0', 0, 1, 1, 1, 27, 11),
(199, 'Zind Plain Toe Boot', 5498515, '295.00', '295.00', '0.0', 0, 1, 1, 1, 67, 6),
(200, 'Waterproof Rain Boot', 5500202, '85.00', '85.00', '3.3', 3, 1, 1, 1, 32, 6),
(201, 'Chelsea Boot', 5514207, '209.95', '209.95', '4.6', 16, 1, 1, 1, 11, 67),
(202, 'Men\'s Terrex Free Hiker Gore-Tex® Waterproof Hiking Boot', 5684259, '225.00', '225.00', '4.8', 503, 1, 1, 1, 23, 47),
(203, 'Troopah-C Cap Toe Boot', 5762552, '124.95', '124.95', '3.3', 3, 1, 1, 1, 31, 11),
(204, 'Ankeny II Waterproof Boot', 5766424, '155.00', '155.00', '4.0', 49, 1, 1, 1, 35, 11),
(205, 'Discovery Chelsea Boot', 5776024, '425.00', '425.00', '4.0', 1, 1, 1, 1, 27, 11),
(206, '4\" Wedge Sole Boot\"', 5779059, '129.95', '129.95', '0.0', 0, 1, 1, 1, 53, 18),
(207, 'Brooklyn Light Chukka Boot', 5786370, '159.97', '325.00', '0.0', 0, 1, 1, 1, 27, 7),
(208, 'Arnie Chelsea Boot', 5853482, '175.00', '175.00', '4.4', 7, 1, 1, 1, 51, 11),
(209, 'Curtis Cap Toe Boot', 5853492, '195.00', '195.00', '4.6', 8, 1, 1, 1, 51, 11),
(210, 'Zero-X™ Moc Toe Chukka Boot', 5863342, '94.95', '94.95', '0.0', 0, 1, 1, 1, 53, 33),
(211, 'Revel IV Waterproof Chelsea Boot', 5874464, '127.50', '170.00', '0.0', 0, 1, 1, 1, 30, 8),
(212, 'Zip Around Chukka Boot', 5892388, '100.00', '100.00', '0.0', 0, 1, 1, 1, 68, 6),
(213, 'Devick Moc Toe Boot', 5895153, '160.00', '160.00', '0.0', 0, 1, 1, 1, 12, 6),
(214, 'Maltby Chukka Boot', 5895157, '150.00', '150.00', '0.0', 0, 1, 1, 1, 12, 57),
(215, 'Stenton Water Repellent Leather Boot', 5934965, '190.00', '190.00', '5.0', 4, 1, 1, 1, 1, 6),
(216, 'Waterproof Biltmore Boot', 5934966, '140.00', '140.00', '4.4', 9, 1, 1, 1, 1, 5),
(217, 'Neumel High Moc Weather Boot', 5935525, '170.00', '170.00', '4.2', 5, 1, 1, 1, 1, 25),
(218, 'Neumal Snapback Weather Boot', 5935530, '140.00', '140.00', '4.7', 150, 1, 1, 1, 1, 13),
(219, 'Burkett Cap Toe Boot', 5954132, '450.00', '450.00', '0.0', 0, 1, 1, 1, 16, 44),
(220, 'Kingston Waterproof Moc Toe Boot', 5957865, '170.00', '170.00', '0.0', 0, 1, 1, 1, 59, 6),
(221, 'Hatchet Chukka Boot', 5959899, '318.95', '318.95', '0.0', 0, 1, 1, 1, 69, 6),
(222, 'Bean 8-Inch Waterproof PrimaLoft Zip Boot', 6143507, '179.00', '179.00', '0.0', 0, 1, 1, 1, 18, 68),
(223, 'Jonasa Combat Boot', 6411497, '165.00', '165.00', '0.0', 0, 1, 1, 1, 40, 6),
(224, 'Treeline Hiking Boot', 6434566, '120.00', '120.00', '5.0', 7, 1, 1, 1, 5, 48),
(225, 'Harland Cap Toe Bot', 6440412, '278.00', '278.00', '0.0', 0, 1, 1, 1, 70, 6),
(226, 'Barrett Water Resistant Cap Toe Boot', 6456225, '179.00', '179.00', '0.0', 0, 1, 1, 1, 4, 12),
(227, 'Knox Genuine Shearling Lined Cap Toe Boot', 6456237, '295.00', '295.00', '0.0', 0, 1, 1, 1, 4, 5),
(228, 'Pamp Hi Organic II Boot', 6482479, '85.00', '85.00', '0.0', 0, 1, 1, 1, 3, 23),
(229, 'Greco Genuine Shearling Pull-On Boot', 6488329, '590.00', '590.00', '0.0', 0, 1, 1, 1, 71, 50),
(230, 'Westonn Chunky Hiking Boot', 6497568, '265.00', '265.00', '0.0', 0, 1, 1, 1, 9, 9),
(231, 'Greca Rhegis Duck Boot', 6506824, '1125.00', '1125.00', '0.0', 0, 1, 1, 1, 72, 6),
(232, 'Grand Ambition Chelsea Boot', 6518468, '260.00', '260.00', '0.0', 0, 1, 1, 1, 10, 6),
(233, 'Oslo Low Boot', 6532257, '139.00', '139.00', '0.0', 0, 1, 1, 1, 73, 6),
(234, 'Worker Boot', 6537249, '950.00', '950.00', '0.0', 0, 1, 1, 1, 74, 6),
(235, 'Redmond Chelsea Boot', 6538762, '165.00', '165.00', '0.0', 0, 1, 1, 1, 24, 6),
(236, 'Stride Waterproof Rain Boot', 6549429, '650.00', '650.00', '0.0', 0, 1, 1, 1, 52, 50),
(237, 'Epic Outdoor Boot', 6565685, '89.95', '89.95', '0.0', 0, 1, 1, 1, 44, 6),
(238, 'Jord Moc Toe Boot', 6565693, '89.95', '89.95', '0.0', 0, 1, 1, 1, 44, 14),
(239, 'Malibu Chukka Boot', 6581581, '198.00', '198.00', '0.0', 0, 1, 1, 1, 55, 56),
(240, 'Gold Commodore PLUSHWAVE Chukka Boot', 6605849, '190.00', '190.00', '5.0', 1, 1, 1, 1, 19, 56),
(241, 'Higgins Waterproof Lug Sole Boot', 6606864, '445.00', '445.00', '3.0', 1, 1, 1, 1, 27, 69),
(242, 'Chiltern Waterproof Boot', 6613194, '270.00', '270.00', '5.0', 1, 1, 1, 1, 21, 5),
(243, 'Pitt Mid Lace-Up Boot', 6615126, '449.00', '449.00', '5.0', 1, 1, 1, 1, 50, 70),
(244, 'ZerøGrand Omni Chelsea Boot', 6621011, '320.00', '320.00', '0.0', 0, 1, 1, 1, 10, 11),
(245, 'Scout Apron Toe Boot', 6638760, '170.00', '170.00', '0.0', 0, 1, 1, 1, 25, 11),
(246, 'Nash Chukka Boot', 6638769, '110.00', '110.00', '0.0', 0, 1, 1, 1, 25, 18),
(247, 'Bozo Tractor Lace-Up Boot', 6644552, '1775.00', '1775.00', '0.0', 0, 1, 1, 1, 75, 6),
(248, 'Belmont Chukka Boot', 6676302, '155.00', '155.00', '0.0', 0, 1, 1, 1, 24, 36),
(249, 'Chilkat Nylon II Waterproof Boot', 6684686, '115.00', '115.00', '4.6', 97, 1, 1, 1, 34, 71),
(250, 'Originals Ultra Chukka Boot', 6715407, '140.00', '140.00', '0.0', 0, 1, 1, 1, 5, 48),
(251, 'CityTray Chukka Boot', 6801573, '199.95', '199.95', '0.0', 0, 1, 1, 1, 13, 11),
(252, 'UA Charged Bandit Trek 2 Hiking Shoes', 6817204, '82.50', '110.00', '4.5', 19, 1, 1, 1, 15, 11),
(253, '2976 Chelsea Boot', 6844845, '150.00', '150.00', '0.0', 0, 1, 1, 1, 2, 6),
(254, 'Pallabrouse Baggy Boot', 3167703, '85.00', '85.00', '0.0', 0, 1, 1, 1, 3, 6),
(255, 'Fringe Boot', 3768211, '59.95', '59.95', '4.3', 6, 1, 1, 1, 76, 72),
(256, 'Chelsea Boot', 3825985, '199.95', '199.95', '4.5', 2, 1, 1, 1, 11, 64),
(257, 'Blizzard XT Waterproof Boot', 4002638, '130.00', '130.00', '4.1', 36, 1, 1, 1, 35, 25),
(258, 'Knee High Moccasin Boot', 4787140, '107.95', '107.95', '4.8', 6, 1, 1, 1, 76, 72),
(259, 'Angiolini Zip Boot', 5342490, '475.00', '475.00', '4.0', 1, 1, 1, 1, 47, 13),
(260, 'Two Button Boot', 5492498, '72.95', '72.95', '5.0', 1, 1, 1, 1, 76, 72),
(261, 'Classic High Waterproof Boot', 5500204, '130.00', '130.00', '4.5', 56, 1, 1, 1, 32, 6),
(262, 'Bozeman Tall Waterproof Boot', 5500207, '150.00', '150.00', '4.8', 13, 1, 1, 1, 32, 6),
(263, 'Wyatt Chelsea Boot', 5675366, '945.00', '945.00', '0.0', 0, 1, 1, 1, 63, 6),
(264, 'Genuine Shearling Lined Bean Boot', 5720367, '229.00', '229.00', '4.7', 51, 1, 1, 1, 18, 11),
(265, 'Combs II Boot', 5735111, '105.00', '105.00', '2.5', 2, 1, 1, 1, 2, 6),
(266, 'Softsole Boot', 5743262, '67.95', '67.95', '0.0', 0, 1, 1, 1, 76, 72),
(267, '8\" Waterproof Bean Boot\"', 5745914, '139.00', '139.00', '4.6', 471, 1, 1, 1, 18, 11),
(268, 'Thane Waterproof Boot', 5765830, '165.00', '165.00', '0.0', 0, 1, 1, 1, 12, 6),
(269, 'Garison Lace-Up Boot', 5767640, '179.00', '179.00', '5.0', 8, 1, 1, 1, 77, 6),
(270, 'Madson II Chelsea Waterproof Boot', 5768244, '165.00', '165.00', '4.0', 14, 1, 1, 1, 35, 73),
(271, 'Original Waterproof Boot', 5770158, '135.00', '135.00', '3.3', 15, 1, 1, 1, 22, 71),
(272, 'Cloudrock Edge Raw Waterproof Hiking Boot', 5787805, '249.99', '249.99', '0.0', 0, 1, 1, 1, 78, 74),
(273, 'Mountain Classic Waterproof Hiking Boot', 5788610, '139.00', '139.00', '4.2', 13, 1, 1, 1, 18, 13),
(274, 'Neuman Chukka Boot', 5798394, '132.00', '165.00', '0.0', 0, 1, 1, 1, 79, 6),
(275, '1000 Mile Axel Boot', 5811208, '400.00', '400.00', '0.0', 0, 1, 1, 1, 26, 11),
(276, 'Warner Waterproof Hunting Boot', 5812534, '160.00', '160.00', '0.0', 0, 1, 1, 1, 32, 75),
(277, 'Bill Chukka Boot', 5835197, '148.00', '185.00', '5.0', 1, 1, 1, 1, 79, 72),
(278, 'MX Gore-Tex® Waterproof Hiking Boot', 5866122, '170.00', '170.00', '5.0', 1, 1, 1, 1, 13, 6),
(279, 'Ridge Flex Waterproof Hiking Boot', 5874463, '185.00', '185.00', '0.0', 0, 1, 1, 1, 30, 18),
(280, 'Pallabrousse Legion Boot', 5883988, '95.00', '95.00', '0.0', 0, 1, 1, 1, 3, 76),
(281, 'Bog Classic Casual Waterproof Hiker Boot', 5905996, '140.00', '140.00', '0.0', 0, 1, 1, 1, 32, 6),
(282, 'Spruce Waterproof Hiking Boot', 5905997, '145.00', '145.00', '0.0', 0, 1, 1, 1, 32, 11),
(283, 'Spruce Waterproof Chelsea Boot', 5905999, '140.00', '140.00', '0.0', 0, 1, 1, 1, 32, 6),
(284, 'Kirkson Waterproof Boot', 5934968, '210.00', '210.00', '4.8', 9, 1, 1, 1, 1, 6),
(285, 'Neumel Low Chukka Boot', 5935533, '110.00', '110.00', '4.6', 12, 1, 1, 1, 1, 13),
(286, 'Veymont Hiking Boot', 5965367, '159.95', '159.95', '0.0', 0, 1, 1, 1, 80, 77),
(287, 'Bonham Water Repellent Chelsea Boot', 5970996, '245.00', '350.00', '0.0', 0, 1, 1, 1, 81, 6),
(288, 'Knox Boot', 6414484, '285.00', '285.00', '0.0', 0, 1, 1, 1, 4, 18),
(289, 'Trackstud Combat Boot', 6418585, '1270.00', '1270.00', '0.0', 0, 1, 1, 1, 82, 6),
(290, 'Kilakila Waterproof Lace-Up Leather Boot', 6419741, '175.00', '175.00', '0.0', 0, 1, 1, 1, 8, 78),
(291, 'Boniface Chelsea Boot', 6426757, '795.00', '795.00', '5.0', 1, 1, 1, 1, 83, 79),
(292, 'Hugh Double Strap Leather Boot', 6429424, '199.00', '199.00', '0.0', 0, 1, 1, 1, 84, 6),
(293, 'Trailstorm™ Waterproof Mid Hiking Shoe', 6454080, '110.00', '110.00', '0.0', 0, 1, 1, 1, 56, 80),
(294, 'Karmelo Chelsea Boot', 6473491, '150.00', '150.00', '5.0', 1, 1, 1, 1, 40, 2),
(295, 'Sponge Sole Hiking Boot', 6475483, '900.00', '900.00', '0.0', 0, 1, 1, 1, 85, 6),
(296, 'Pampa Recycled Waterproof Boot', 6499470, '130.00', '130.00', '0.0', 0, 1, 1, 1, 3, 23),
(297, 'Vienna Suede Chelsea Boot', 6501404, '1100.00', '1100.00', '0.0', 0, 1, 1, 1, 86, 66),
(298, 'Townsend Leather Boot', 6501489, '99.00', '165.00', '0.0', 0, 1, 1, 1, 24, 6),
(299, 'Pix Chelsea Boot', 6505428, '200.00', '200.00', '2.0', 2, 1, 1, 1, 79, 6),
(300, 'Bird Cuff Boot', 6524998, '240.00', '240.00', '0.0', 0, 1, 1, 1, 87, 11),
(301, 'Gasly Chelsea Boot', 6565689, '104.95', '104.95', '5.0', 1, 1, 1, 1, 44, 5),
(302, 'Grimes Cap Toe Lace-Up Boot', 6595173, '189.00', '189.00', '0.0', 0, 1, 1, 1, 77, 6),
(303, 'Eyelet Plain Toe Leather Demi Boot', 6596105, '190.00', '190.00', '0.0', 0, 1, 1, 1, 64, 59),
(304, 'Odyssey Outdoor Water Resistant Boot', 6603097, '94.95', '94.95', '0.0', 0, 1, 1, 1, 44, 6),
(305, 'Ice Bay Waterproof Snow Boot', 6605851, '199.95', '199.95', '0.0', 0, 1, 1, 1, 19, 11),
(306, 'Lucca Chukka Boot', 6608362, '348.00', '348.00', '0.0', 0, 1, 1, 1, 88, 13),
(307, 'Abram Leather Boot', 6617089, '119.95', '119.95', '0.0', 0, 1, 1, 1, 46, 6),
(308, 'Lorenz Ankle Boot', 6617097, '109.95', '109.95', '0.0', 0, 1, 1, 1, 46, 36),
(309, 'Lorenz Ankle Boot', 6617101, '109.95', '109.95', '0.0', 0, 1, 1, 1, 46, 6),
(310, '4.ZerøGrand Waterproof Rain Boot', 6621023, '115.50', '210.00', '0.0', 0, 1, 1, 1, 10, 11),
(311, 'Etandari Chelsea Boot', 6631660, '150.00', '150.00', '0.0', 0, 1, 1, 1, 40, 54),
(312, 'Bark Chukka Boot', 6632545, '131.25', '175.00', '0.0', 0, 1, 1, 1, 79, 6),
(313, 'Sean Plain Toe Boot', 6638757, '170.00', '170.00', '0.0', 0, 1, 1, 1, 25, 11),
(314, 'Lumber Up Moc Toe Boot', 6664341, '135.00', '135.00', '0.0', 0, 1, 1, 1, 89, 11),
(315, 'Noah Waterproof Lace-Up Boot', 6676743, '90.00', '180.00', '4.0', 1, 1, 1, 1, 59, 81),
(316, 'Neumel Boot', 6738855, '70.00', '140.00', '4.8', 31, 1, 1, 1, 1, 11),
(317, 'Soft 7 Gore-Tex® Boot', 6817554, '119.96', '199.95', '0.0', 0, 1, 1, 1, 13, 5),
(318, 'Pampa Recycled Waterproof Boot', 6817785, '91.00', '130.00', '0.0', 0, 1, 1, 1, 3, 82),
(319, 'Grand Ambition Chelsea Boot', 6817859, '199.99', '260.00', '0.0', 0, 1, 1, 1, 10, 11),
(320, 'Top-Sider® \'Avenue\' Rain Boot', 3790480, '77.00', '110.00', '4.1', 124, 1, 1, 1, 19, 8),
(321, '\'Oscar 11\' Chukka Boot', 4247225, '185.00', '185.00', '3.3', 3, 1, 1, 1, 90, 52),
(322, 'Original Insulated Commando Boot', 4687964, '185.00', '185.00', '4.2', 22, 1, 1, 1, 22, 59),
(323, 'Targhee EXP Mid Waterproof Hiking Boot', 4961095, '155.00', '155.00', '4.5', 2, 1, 1, 1, 30, 78),
(324, 'Melon Spike Chelsea Boot', 5255092, '1445.00', '1445.00', '5.0', 1, 1, 1, 1, 60, 83),
(325, 'Curtis Cap Toe Boot', 5355751, '195.00', '195.00', '4.6', 8, 1, 1, 1, 51, 6),
(326, 'ZerøGrand Waterproof Boot', 5394797, '159.90', '320.00', '3.4', 5, 1, 1, 1, 10, 6),
(327, 'Cap Toe Boot', 5442506, '750.00', '750.00', '0.0', 0, 1, 1, 1, 74, 6),
(328, 'Classic Waterproof Boot', 5626581, '120.00', '120.00', '0.0', 0, 1, 1, 1, 32, 71),
(329, 'Pebbly Hill Chukka Boot', 5651493, '198.00', '198.00', '4.2', 10, 1, 1, 1, 29, 11),
(330, 'Ember Commute Waterproof Boot', 5741551, '140.00', '140.00', '4.6', 19, 1, 1, 1, 33, 6),
(331, 'Targhee III Mid Waterproof Hiking Boot', 5771496, '175.00', '175.00', '0.0', 0, 1, 1, 1, 30, 5),
(332, 'Waterproof Chukka Boot', 5779050, '144.95', '144.95', '0.0', 0, 1, 1, 1, 53, 11),
(333, '4\" Double Gore Wedge Boot\"', 5779055, '159.95', '159.95', '0.0', 0, 1, 1, 1, 53, 11),
(334, 'Chukka Driving Boot', 5779056, '124.95', '124.95', '0.0', 0, 1, 1, 1, 53, 11),
(335, 'Lombard Cap Toe Chelsea Boot', 5786381, '495.00', '495.00', '0.0', 0, 1, 1, 1, 27, 32),
(336, 'Landon Lace-Up Cap Toe Boot', 5786382, '445.00', '445.00', '0.0', 0, 1, 1, 1, 27, 45),
(337, 'Desert 221 Chelsea Boot', 5885798, '240.00', '240.00', '1.0', 1, 1, 1, 1, 36, 84),
(338, 'Breeze All Terrain Gore-Tex® Waterproof Hiking Boot', 5906352, '190.00', '190.00', '2.8', 12, 1, 1, 1, 91, 11),
(339, 'Hayes Waterproof Hiking Boot', 5922824, '190.00', '190.00', '5.0', 6, 1, 1, 1, 92, 37),
(340, 'Neumel Boot', 5934962, '140.00', '140.00', '4.7', 25, 1, 1, 1, 1, 13),
(341, 'Neumel Weather II Waterproof Boot', 5935534, '150.00', '150.00', '5.0', 1, 1, 1, 1, 1, 37),
(342, 'Madson II Waterproof Chukka Boot', 5943603, '190.00', '190.00', '4.6', 55, 1, 1, 1, 35, 85),
(343, 'Hellcat UltraSpring™ Weatherproof Wedge Boot', 5943833, '165.00', '165.00', '0.0', 0, 1, 1, 1, 26, 5),
(344, 'Monolith Lug Sole Chelsea Boot', 5953976, '1150.00', '1150.00', '0.0', 0, 1, 1, 1, 58, 6),
(345, 'Waterproof Chukka Boot', 5956636, '425.00', '425.00', '5.0', 1, 1, 1, 1, 6, 11),
(346, 'Morgan Fleur Crystal Embellished Boot', 6142726, '4895.00', '4895.00', '0.0', 0, 1, 1, 1, 60, 86),
(347, '8-Inch Waterproof Insulated Bean Boot', 6143557, '149.25', '199.00', '0.0', 0, 1, 1, 1, 18, 37),
(348, 'Liykerr Hiking Boot', 6407436, '250.00', '250.00', '0.0', 0, 1, 1, 1, 9, 87),
(349, 'Modern City Combat Boot', 6409199, '148.80', '248.00', '0.0', 0, 1, 1, 1, 61, 6),
(350, 'Downtown Chelsea Boot', 6409202, '228.00', '228.00', '0.0', 0, 1, 1, 1, 61, 6),
(351, 'Montgomery Desert Boot', 6437390, '695.00', '695.00', '0.0', 0, 1, 1, 1, 93, 54),
(352, 'Targhee Vent Waterproof Hiking Shoe', 6454983, '165.00', '165.00', '0.0', 0, 1, 1, 1, 30, 9),
(353, 'Carson Water Resistant Chelsea Boot', 6462477, '325.00', '325.00', '0.0', 0, 1, 1, 1, 94, 11),
(354, 'Copeland Chelsea Boot', 6469127, '169.00', '169.00', '0.0', 0, 1, 1, 1, 4, 6),
(355, 'Pampa Waterproof Boot', 6482483, '170.00', '170.00', '0.0', 0, 1, 1, 1, 3, 25),
(356, 'Brutus Chukka Boot', 6505482, '144.00', '180.00', '0.0', 0, 1, 1, 1, 79, 6),
(357, 'Sutherland Wingtip Boot', 6515850, '295.00', '295.00', '0.0', 0, 1, 1, 1, 17, 6),
(358, 'Yellowknife Waterproof Snow Boot', 6523479, '150.00', '150.00', '0.0', 0, 1, 1, 1, 95, 11),
(359, 'Copenhagen Waterproof Snow Boot', 6523492, '170.00', '170.00', '0.0', 0, 1, 1, 1, 95, 6),
(360, 'Summit Waterproof Snow Boot', 6523518, '210.00', '210.00', '0.0', 0, 1, 1, 1, 95, 8),
(361, 'Tunley Halb Lace-Up Boot', 6555926, '280.00', '280.00', '0.0', 0, 1, 1, 1, 96, 6),
(362, 'Gasly Leather Boot', 6565684, '104.95', '104.95', '0.0', 0, 1, 1, 1, 44, 6),
(363, 'Ocon Hiking Boot', 6565692, '84.95', '84.95', '0.0', 0, 1, 1, 1, 44, 20),
(364, 'Frey Boot', 6565783, '84.95', '84.95', '0.0', 0, 1, 1, 1, 44, 20),
(365, 'The Chill Chelsea Boot', 6581579, '158.00', '158.00', '0.0', 0, 1, 1, 1, 55, 67),
(366, 'Bolinas Off Shore Waterproof Boot', 6601508, '100.00', '100.00', '0.0', 0, 1, 1, 1, 97, 88),
(367, 'Crossover Hiking Boot', 6604430, '299.00', '299.00', '0.0', 0, 1, 1, 1, 98, 13),
(368, 'Gold Commodore PLUSHWAVE Chukka Boot', 6605855, '190.00', '190.00', '5.0', 1, 1, 1, 1, 19, 6),
(369, 'A/O PLUSHWAVE Lug Chukka Boot', 6605870, '130.00', '130.00', '4.3', 4, 1, 1, 1, 19, 6),
(370, 'Gustavo Waterproof Ankle Boot', 6617110, '169.95', '169.95', '0.0', 0, 1, 1, 1, 46, 6),
(371, 'Carter Leather Boot', 6617116, '169.95', '169.95', '0.0', 0, 1, 1, 1, 46, 6),
(372, 'Sullivan Cap Toe Boot', 6617132, '99.95', '99.95', '0.0', 0, 1, 1, 1, 46, 32),
(373, 'Croresen Boot', 6631643, '165.00', '165.00', '0.0', 0, 1, 1, 1, 40, 11),
(374, 'Etandari Chelsea Boot', 6631661, '150.00', '150.00', '0.0', 0, 1, 1, 1, 40, 5),
(375, 'Makeup Chukka Boot', 6637881, '610.00', '610.00', '0.0', 0, 1, 1, 1, 99, 9),
(376, 'Hayes Zip Boot', 6638766, '130.00', '130.00', '0.0', 0, 1, 1, 1, 25, 45),
(377, 'Brody Chelsea Boot', 6638776, '125.00', '125.00', '0.0', 0, 1, 1, 1, 25, 89),
(378, 'Seneca 1955 Camp Moc Chukka Boot', 6664340, '150.00', '150.00', '0.0', 0, 1, 1, 1, 89, 2),
(379, 'Lumber Up Moc Toe Boot', 6664462, '135.00', '135.00', '0.0', 0, 1, 1, 1, 89, 6),
(380, 'Striper Storm Waterproof Boot', 6664982, '100.00', '100.00', '5.0', 6, 1, 1, 1, 19, 56),
(381, 'Black Mckay Cooper Cap Toe Boot', 6676303, '165.00', '165.00', '0.0', 0, 1, 1, 1, 24, 6),
(382, 'Clarkdale Chelsea Boot', 6677783, '110.50', '170.00', '0.0', 0, 1, 1, 1, 36, 90),
(383, '2976 Neighborhood Chelsea Boot', 6688333, '310.00', '310.00', '0.0', 0, 1, 1, 1, 2, 6),
(384, 'Greenwood Moc Toe Leather Boot', 6794933, '175.00', '175.00', '0.0', 0, 1, 1, 1, 24, 7),
(385, '\'Baggy\' Canvas Boot', 3054270, '85.00', '85.00', '4.7', 7, 1, 1, 1, 3, 6),
(386, '\'Vintage 1460\' Boot', 4159504, '230.00', '230.00', '5.0', 1, 1, 1, 1, 2, 6),
(387, 'Field Waterproof Boot', 4368377, '175.00', '175.00', '4.8', 352, 1, 1, 1, 5, 13),
(388, '\'High Fidelity\' Cap Toe Boot', 4762379, '135.00', '135.00', '0.0', 0, 1, 1, 1, 89, 6),
(389, 'Maison Margiela Tabi Split Toe Boot', 5123693, '1220.00', '1220.00', '0.0', 0, 1, 1, 1, 100, 6),
(390, 'Biltmore Waterproof Chelsea Boot', 5263978, '70.00', '140.00', '4.6', 95, 1, 1, 1, 1, 5),
(391, 'Earl 04 Chukka Boot', 5266615, '160.00', '160.00', '0.0', 0, 1, 1, 1, 90, 11),
(392, 'Jake Waterproof Chelsea Boot', 5408281, '96.00', '160.00', '4.2', 5, 1, 1, 1, 54, 5),
(393, 'Himalaya Zip Boot', 5424310, '346.50', '495.00', '2.0', 1, 1, 1, 1, 27, 11),
(394, 'Rondo Boot', 5606603, '475.00', '475.00', '5.0', 2, 1, 1, 1, 16, 12),
(395, 'Bodhi Boot', 5622571, '450.00', '450.00', '5.0', 1, 1, 1, 1, 6, 11),
(396, 'Sun-Tans Chukka Boot', 5747140, '140.00', '140.00', '0.0', 0, 1, 1, 1, 97, 54),
(397, 'Payce Suede Chelsea Boot', 5761356, '35.98', '89.95', '2.8', 8, 1, 1, 1, 37, 91),
(398, 'Marshal Lace-Up Boot', 5767639, '179.00', '179.00', '5.0', 6, 1, 1, 1, 77, 5),
(399, 'Moc Toe Waterproof Chelsea Rain Boot', 5770154, '165.00', '165.00', '4.8', 8, 1, 1, 1, 22, 11),
(400, 'Tempo Flex Waterproof Mid Hiking Boot', 5771499, '170.00', '170.00', '0.0', 0, 1, 1, 1, 30, 8),
(401, 'Riky Zip Boot', 5774278, '280.00', '280.00', '0.0', 0, 1, 1, 1, 101, 8),
(402, 'Original Driving Moc Chukka Boot', 5779053, '124.95', '124.95', '5.0', 1, 1, 1, 1, 53, 11),
(403, 'Chukka Driving Boot', 5779054, '124.95', '124.95', '0.0', 0, 1, 1, 1, 53, 6),
(404, 'Driving Moc CellStretch® Chukka Boot', 5779068, '144.95', '144.95', '0.0', 0, 1, 1, 1, 53, 11),
(405, 'Higgins Mill Plain Toe Boot', 5783708, '445.00', '445.00', '4.4', 33, 1, 1, 1, 27, 11),
(406, 'Dawson Waterproof Boot', 5794858, '196.00', '275.00', '0.0', 0, 1, 1, 1, 102, 6),
(407, 'Walden Chukka Gore-Tex® Waterproof Boot', 5798370, '168.00', '240.00', '5.0', 1, 1, 1, 1, 79, 9),
(408, 'Copeland Chelsea Boot', 5809624, '169.00', '169.00', '4.1', 8, 1, 1, 1, 4, 20),
(409, '1000 Mile Fairbault Wool Boot', 5811207, '425.00', '425.00', '0.0', 0, 1, 1, 1, 26, 6),
(410, 'Curtis II Moc Toe Boot', 5842035, '185.00', '185.00', '0.0', 0, 1, 1, 1, 48, 92),
(411, 'Dreck Cap Toe Boot', 5842042, '185.00', '185.00', '0.0', 0, 1, 1, 1, 48, 60),
(412, 'Waterproof Moc Toe Boot', 5863340, '149.95', '149.95', '0.0', 0, 1, 1, 1, 53, 11),
(413, 'Moc Toe Boot', 5863346, '164.95', '164.95', '0.0', 0, 1, 1, 1, 53, 11),
(414, 'Pull-On Boot', 5863349, '149.95', '149.95', '0.0', 0, 1, 1, 1, 53, 11),
(415, 'Tagish Waterproof Boot', 5895154, '190.00', '190.00', '0.0', 0, 1, 1, 1, 12, 11),
(416, 'Stave Waterproof Hiking Boot', 5895155, '175.00', '175.00', '0.0', 0, 1, 1, 1, 12, 26),
(417, 'Eastside Boot', 5908873, '298.00', '298.00', '0.0', 0, 1, 1, 1, 96, 26),
(418, 'Caribou™ Moc Waterproof Lace-Up Boot', 5911707, '180.00', '180.00', '3.2', 30, 1, 1, 1, 35, 48),
(419, 'Caribou™ OTM Waterproof Chukka Boot', 5911710, '90.00', '120.00', '4.7', 7, 1, 1, 1, 35, 93),
(420, 'Blacktail Waterproof Hiking Boot', 5922819, '180.00', '180.00', '0.0', 0, 1, 1, 1, 92, 6),
(421, 'Madson II Moc Toe Waterproof Boot', 5942385, '185.00', '185.00', '4.4', 31, 1, 1, 1, 35, 11),
(422, 'Torrent Waterproof Duck Boot', 5943744, '120.00', '120.00', '5.0', 1, 1, 1, 1, 26, 94),
(423, 'Garavini Roman Stud Ankle Boot', 5949388, '1270.00', '1270.00', '0.0', 0, 1, 1, 1, 103, 6),
(424, 'Beckham Water Resistant Chelsea Boot', 5956628, '425.00', '425.00', '0.0', 0, 1, 1, 1, 6, 18),
(425, 'Stage Platform Over the Knee Boot', 6142723, '2695.00', '2695.00', '0.0', 0, 1, 1, 1, 60, 6),
(426, '2976 Bex Chelsea Boot', 6290645, '160.00', '160.00', '0.0', 0, 1, 1, 1, 2, 6),
(427, 'Modern City Chelsea Boot', 6409208, '248.00', '248.00', '0.0', 0, 1, 1, 1, 61, 6),
(428, 'Port Union Waterproof Boot', 6415708, '190.00', '190.00', '4.1', 134, 1, 1, 1, 5, 13),
(429, 'Kingsview Road Chelsea Boot', 6421610, '178.00', '178.00', '4.7', 7, 1, 1, 1, 29, 19),
(430, 'Decimals Plain Toe Boot', 6426754, '850.00', '850.00', '0.0', 0, 1, 1, 1, 83, 79),
(431, 'Dethrone Genuine Shearling Lined Moc Toe Boot', 6426769, '850.00', '850.00', '0.0', 0, 1, 1, 1, 83, 11),
(432, 'Desktop Chukka Boot', 6426771, '650.00', '650.00', '0.0', 0, 1, 1, 1, 83, 5),
(433, 'Tarik Recycled Nylon Utility Boot', 6429049, '105.00', '105.00', '0.0', 0, 1, 1, 1, 2, 95),
(434, 'Zone Waterproof Snow Boot', 6484959, '160.00', '160.00', '0.0', 0, 1, 1, 1, 95, 18),
(435, 'Kent Boot', 6501501, '175.00', '175.00', '0.0', 0, 1, 1, 1, 24, 7),
(436, 'Bill Chukka Boot', 6505421, '138.75', '185.00', '0.0', 0, 1, 1, 1, 79, 9),
(437, 'Canada Waterproof Snow Boot', 6523490, '150.00', '150.00', '0.0', 0, 1, 1, 1, 95, 6),
(438, 'Romance Hiking Boot', 6523499, '980.00', '980.00', '0.0', 0, 1, 1, 1, 42, 11),
(439, 'Moze Chelsea Boot', 6552285, '300.00', '300.00', '0.0', 0, 1, 1, 1, 101, 18),
(440, 'Driving Moc Toe Chelsea Boot', 6553508, '134.95', '134.95', '0.0', 0, 1, 1, 1, 53, 96),
(441, 'Odyssey Boot', 6565772, '94.95', '94.95', '0.0', 0, 1, 1, 1, 44, 11),
(442, 'Plain Toe Chelsea Boot', 6596102, '190.00', '190.00', '0.0', 0, 1, 1, 1, 64, 59),
(443, 'Conan Buckle Boot', 6597261, '395.00', '395.00', '0.0', 0, 1, 1, 1, 104, 6),
(444, 'Buckle Strap Boot', 6597265, '450.00', '450.00', '0.0', 0, 1, 1, 1, 104, 63),
(445, 'Trento Chelsea Boot', 6608348, '348.00', '348.00', '0.0', 0, 1, 1, 1, 88, 5),
(446, 'Bandana Strap Ankle Boot', 6612196, '1390.00', '1390.00', '0.0', 0, 1, 1, 1, 105, 6),
(447, 'Readhead Chukka Boot', 6613153, '200.00', '200.00', '0.0', 0, 1, 1, 1, 21, 6),
(448, 'Sullivan Cap Toe Boot', 6617090, '99.95', '99.95', '0.0', 0, 1, 1, 1, 46, 6),
(449, 'Gazette Print Combat Boot', 6620210, '690.00', '690.00', '0.0', 0, 1, 1, 1, 106, 6),
(450, 'ZerøGrand Omni Waterproof Chelsea Boot', 6621019, '320.00', '320.00', '0.0', 0, 1, 1, 1, 10, 11),
(451, 'Cozy Vibe Primo Mid Boot', 6639107, '110.00', '110.00', '5.0', 1, 1, 1, 1, 107, 13),
(452, 'Cold Bay Chukka', 6664980, '110.00', '110.00', '0.0', 0, 1, 1, 1, 19, 19),
(453, 'Digger Waterproof Boot', 6681617, '80.00', '80.00', '0.0', 0, 1, 1, 1, 32, 97),
(454, 'Chilkat IV Waterproof Boot', 6684730, '149.00', '149.00', '4.5', 53, 1, 1, 1, 34, 8),
(455, 'Targhee II Mid Hiking Waterproof Boot', 3852234, '165.00', '165.00', '4.5', 4, 1, 1, 1, 30, 5),
(456, 'Business Chelsea Boot', 4139428, '219.95', '219.95', '0.0', 0, 1, 1, 1, 108, 70),
(457, 'Midtown Rambler Mid Chelsea Boot', 4503956, '149.95', '149.95', '4.3', 50, 1, 1, 1, 49, 37),
(458, 'Logan Terrace Chelsea Boot', 4693320, '198.00', '198.00', '4.8', 5, 1, 1, 1, 29, 98),
(459, 'Plano Cowboy Boot', 4980873, '219.95', '219.95', '4.5', 4, 1, 1, 1, 49, 11),
(460, 'Uptown Chukka Boot', 5146108, '130.00', '130.00', '4.8', 9, 1, 1, 1, 28, 11),
(461, 'Cold Bay Duck Boot', 5453436, '120.00', '120.00', '0.0', 0, 1, 1, 1, 19, 19),
(462, 'Declan Chukka Boot', 5498524, '250.00', '250.00', '0.0', 0, 1, 1, 1, 67, 13),
(463, 'Original Short Waterproof Rain Boot', 5637664, '145.00', '145.00', '4.7', 29, 1, 1, 1, 22, 19),
(464, 'Peyton II Cap Toe Boot', 5699498, '398.00', '398.00', '5.0', 2, 1, 1, 1, 6, 20),
(465, 'Un Brawley Chukka Boot', 5741072, '180.00', '180.00', '4.2', 9, 1, 1, 1, 36, 24),
(466, 'Warden Chelsea Boot', 5774817, '325.00', '325.00', '0.0', 0, 1, 1, 1, 104, 6),
(467, 'Chelsey Driving Moc Chelsea Boot', 5779051, '149.95', '149.95', '0.0', 0, 1, 1, 1, 53, 11),
(468, 'Chukka Driving Boot', 5779052, '144.95', '144.95', '0.0', 0, 1, 1, 1, 53, 18),
(469, 'Weekly Chukka Boot', 5782785, '130.00', '130.00', '3.0', 1, 1, 1, 1, 109, 11),
(470, 'Lombard Chelsea Boot', 5786377, '495.00', '495.00', '0.0', 0, 1, 1, 1, 27, 69),
(471, 'Higgins Waterproof Lug Sole Boot', 5786383, '445.00', '445.00', '3.0', 1, 1, 1, 1, 27, 6),
(472, 'Iseminger Waterproof Chukka Boot', 5788326, '104.30', '148.95', '0.0', 0, 1, 1, 1, 110, 20),
(473, 'Trialmaster Leather Boot', 5815550, '395.00', '395.00', '0.0', 0, 1, 1, 1, 57, 6),
(474, 'Alperton Leather Boot', 5815552, '425.00', '425.00', '0.0', 0, 1, 1, 1, 57, 6),
(475, 'Longton Leather Chelsea Boot', 5815553, '395.00', '395.00', '0.0', 0, 1, 1, 1, 57, 6),
(476, 'Fairbanks™ Omni-Heat™ Hiking Boot', 5876226, '130.00', '130.00', '0.0', 0, 1, 1, 1, 56, 99),
(477, 'Holmes Chukka Boot', 5883521, '169.00', '169.00', '0.0', 0, 1, 1, 1, 77, 6),
(478, 'Skogan Mid Waterproof Hiking Boot', 5892422, '155.00', '155.00', '0.0', 0, 1, 1, 1, 12, 100),
(479, 'Motok Chelsea Boot', 5912731, '1095.00', '1095.00', '0.0', 0, 1, 1, 1, 60, 50),
(480, 'Commander Chelsea Boot', 5919490, '78.00', '130.00', '2.0', 2, 1, 1, 1, 109, 6),
(481, 'Hyland Waterproof Rain Boot', 5922834, '160.00', '160.00', '0.0', 0, 1, 1, 1, 92, 45),
(482, 'UGG Gatson Waterproof Chelsea Boot', 5934954, '110.00', '110.00', '4.7', 3, 1, 1, 1, 1, 13),
(483, 'Frost Waterproof Leather Boot', 5943754, '130.00', '130.00', '0.0', 0, 1, 1, 1, 26, 11),
(484, 'Hemingway Water Resistant Chelsea Boot', 5954137, '217.25', '395.00', '0.0', 0, 1, 1, 1, 16, 6),
(485, 'Elmore Plain Toe Boot', 5955482, '300.00', '300.00', '0.0', 0, 1, 1, 1, 111, 72),
(486, '10\" Shearling Lined Bean Boot\"', 6143456, '249.00', '249.00', '0.0', 0, 1, 1, 1, 18, 11),
(487, '\'Lumber Up\' Moc Toe Boot', 6154993, '75.00', '135.00', '0.0', 0, 1, 1, 1, 89, 20),
(488, 'High Top Chukka Boot', 6294714, '425.00', '425.00', '2.0', 1, 1, 1, 1, 112, 101),
(489, 'High Top Chukka Boot', 6294718, '425.00', '425.00', '0.0', 0, 1, 1, 1, 112, 102),
(490, 'Duck Boot', 6403821, '795.00', '795.00', '0.0', 0, 1, 1, 1, 39, 103),
(491, 'Cusco Flex Water Resistant Chukka Boot', 6422442, '145.00', '145.00', '0.0', 0, 1, 1, 1, 113, 78),
(492, '2976 Faux Fur Lined Ambassador Boot', 6429079, '160.00', '160.00', '5.0', 1, 1, 1, 1, 2, 6),
(493, 'Allostock Check Chelsea Boot', 6430868, '890.00', '890.00', '0.0', 0, 1, 1, 1, 65, 6),
(494, 'D-Alabhama Plain Toe Boot', 6463047, '250.00', '250.00', '0.0', 0, 1, 1, 1, 114, 6),
(495, 'Kilgore Zip Boot', 6515807, '197.65', '295.00', '0.0', 0, 1, 1, 1, 17, 6),
(496, 'Romance GG Rhombus Lace-Up Boot', 6523493, '980.00', '980.00', '0.0', 0, 1, 1, 1, 42, 6),
(497, 'Kurt Geiger Bear Chelsea Boot', 6525000, '225.00', '225.00', '0.0', 0, 1, 1, 1, 87, 6),
(498, 'Cris Suede Chukka Boot', 6533423, '275.00', '275.00', '0.0', 0, 1, 1, 1, 115, 104),
(499, 'Caia Chelsea Boot', 6552212, '200.00', '200.00', '0.0', 0, 1, 1, 1, 116, 6),
(500, 'Faux Fur Trim Leather Hiking Boot', 6555703, '150.00', '150.00', '0.0', 0, 1, 1, 1, 117, 11),
(501, 'Monolith Mini Bag Lug Sole Combat Boot', 6587162, '1580.00', '1580.00', '0.0', 0, 1, 1, 1, 58, 9),
(502, 'Davis Chelsea Boot', 6595175, '179.00', '179.00', '0.0', 0, 1, 1, 1, 77, 11),
(503, 'Batton Lace-Up Boot', 6595181, '199.00', '199.00', '0.0', 0, 1, 1, 1, 77, 48),
(504, 'Eugene Straight Tip Boot', 6596103, '190.00', '190.00', '0.0', 0, 1, 1, 1, 64, 11),
(505, 'Guard Patent Leather Combat Boot', 6603398, '160.00', '160.00', '0.0', 0, 1, 1, 1, 31, 6),
(506, 'Cold Bay Waterproof Insulated Duck Shoe', 6605845, '100.00', '100.00', '0.0', 0, 1, 1, 1, 19, 6),
(507, 'Bergamo Lace-Up Boot', 6608361, '368.00', '368.00', '0.0', 0, 1, 1, 1, 88, 26),
(508, 'Pennine Waterproof Chukka Boot', 6613143, '230.00', '230.00', '0.0', 0, 1, 1, 1, 21, 7),
(509, 'Victory Moc Toe Boot', 6613186, '220.00', '220.00', '0.0', 0, 1, 1, 1, 21, 5),
(510, 'Newton Ridge™ Plus II Waterproof Hiking Boot', 6615097, '75.00', '100.00', '4.5', 2, 1, 1, 1, 56, 62),
(511, 'Mason Zip Boot', 6617096, '99.95', '99.95', '0.0', 0, 1, 1, 1, 46, 6),
(512, 'Gusthigher Waterproof Boot', 6617102, '179.95', '179.95', '0.0', 0, 1, 1, 1, 46, 5),
(513, 'Johnny Boot', 6617113, '99.95', '99.95', '0.0', 0, 1, 1, 1, 46, 59),
(514, 'Gustavo Ankle Boot', 6617126, '169.95', '169.95', '0.0', 0, 1, 1, 1, 46, 5),
(515, 'Mathias Leather Boot', 6617128, '99.95', '99.95', '0.0', 0, 1, 1, 1, 46, 6),
(516, 'Discovery Chelsea Boot', 6620915, '425.00', '425.00', '0.0', 0, 1, 1, 1, 27, 6),
(517, 'Brutus Plaid Combat Boot', 6632674, '206.25', '275.00', '5.0', 1, 1, 1, 1, 79, 65),
(518, 'VECTIV Fastpack FUTURELIGHT™ Waterproof Mid Hiking Boot', 6655631, '155.00', '155.00', '0.0', 0, 1, 1, 1, 34, 18),
(519, 'Suede Chukka Boot', 6668522, '552.00', '552.00', '0.0', 0, 1, 1, 1, 118, 50),
(520, 'Mase Hiking Boot', 6700077, '520.00', '520.00', '0.0', 0, 1, 1, 1, 119, 6),
(521, 'USA Genuine Shearling Lined Puff Boot', 6766730, '395.00', '395.00', '0.0', 0, 1, 1, 1, 94, 50),
(522, 'Thayer Boot', 6794928, '165.00', '165.00', '0.0', 0, 1, 1, 1, 24, 10),
(523, 'Original Short Waterproof Rain Boot', 3736810, '145.00', '145.00', '4.3', 169, 1, 1, 1, 22, 71),
(524, 'Leonardo HydroProtect Waterproof Genuine Shearling Lined Boot', 4040744, '435.00', '435.00', '5.0', 7, 1, 1, 1, 50, 61),
(525, 'Pampa Sport Cuff Waterproof Boot', 4111798, '130.00', '130.00', '1.0', 1, 1, 1, 1, 3, 70),
(526, 'Wyatt Chelsea Boot', 4638278, '945.00', '945.00', '4.3', 9, 1, 1, 1, 63, 6),
(527, 'Iron Ranger Cap Toe Boot', 4690068, '350.00', '350.00', '4.8', 525, 1, 1, 1, 120, 18),
(528, 'Waterproof Lightweight Short Boot', 5040544, '185.00', '185.00', '3.8', 81, 1, 1, 1, 22, 6),
(529, 'Driggs Chukka Boot', 5212644, '177.00', '295.00', '4.2', 5, 1, 1, 1, 27, 105),
(530, 'Cloudrock Waterproof Hiking Boot', 5454637, '229.99', '229.99', '3.4', 5, 1, 1, 1, 78, 37),
(531, 'Harley Chelsea Boot', 5476202, '278.00', '278.00', '5.0', 5, 1, 1, 1, 70, 8),
(532, 'Heritage Chelsea Boot', 5694592, '349.95', '349.95', '0.0', 0, 1, 1, 1, 11, 6),
(533, '4.Zerøgrand Waterproof Leather Hiking Boot', 5706230, '182.00', '260.00', '0.0', 0, 1, 1, 1, 10, 6),
(534, 'Maddox XC4® Waterproof Chelsea Boot', 5745371, '199.00', '199.00', '4.6', 11, 1, 1, 1, 4, 6),
(535, 'XC Flex Cody Genuine Shearling Lined Boot', 5745401, '199.00', '199.00', '4.3', 19, 1, 1, 1, 4, 6),
(536, 'Merrel Moab 2 Vent Mid Hiking Boot', 5750395, '110.00', '110.00', '4.7', 267, 1, 1, 1, 121, 13),
(537, 'Thermoball™ Eco Waterproof Zip Boot', 5753174, '139.00', '139.00', '4.7', 312, 1, 1, 1, 34, 58),
(538, 'Battery Lace-Up Boot', 5767636, '179.00', '179.00', '5.0', 1, 1, 1, 1, 77, 11),
(539, '4\" Wedge Sole Boot\"', 5779066, '154.95', '154.95', '0.0', 0, 1, 1, 1, 53, 11),
(540, 'Pix Combat Boot', 5798378, '200.00', '200.00', '4.0', 7, 1, 1, 1, 79, 6),
(541, 'Mansfield Chelsea Boot', 5818181, '650.00', '650.00', '0.0', 0, 1, 1, 1, 122, 6),
(542, 'Bradley Plain Toe Boot', 5841702, '295.00', '295.00', '0.0', 0, 1, 1, 1, 48, 2),
(543, 'Chelsea Boot', 5863351, '124.95', '124.95', '0.0', 0, 1, 1, 1, 53, 11),
(544, 'Marshall Plain Toe Boot', 5910901, '450.00', '450.00', '0.0', 0, 1, 1, 1, 57, 11),
(545, 'Trooper Plain Toe Boot', 5910904, '450.00', '450.00', '0.0', 0, 1, 1, 1, 57, 26),
(546, 'Navi Chukka Boot', 5915051, '59.96', '119.95', '4.0', 1, 1, 1, 1, 123, 94),
(547, 'Yak Waterproof Insulated Boot', 5943990, '140.00', '140.00', '0.0', 0, 1, 1, 1, 26, 11),
(548, 'Piuma Drawcord Snow Boot', 5964863, '1150.00', '1150.00', '1.0', 1, 1, 1, 1, 58, 6),
(549, 'Golf Montant Lace-Up Boot', 6016806, '1275.00', '1275.00', '0.0', 0, 1, 1, 1, 124, 6),
(550, 'Chelsea Boot', 6016811, '1390.00', '1390.00', '0.0', 0, 1, 1, 1, 124, 11),
(551, 'Our Georges Moc Toe Boot', 6128133, '1295.00', '1295.00', '5.0', 1, 1, 1, 1, 60, 6),
(552, 'Morgan Faux Calf Hair Boot', 6142727, '2395.00', '2395.00', '0.0', 0, 1, 1, 1, 60, 11),
(553, 'Raider Water Repellent Combat Boot', 6292245, '395.00', '395.00', '0.0', 0, 1, 1, 1, 81, 6);
INSERT INTO `boots` (`boots_id`, `product_name`, `sku`, `price_current_usd`, `price_retail_usd`, `review_rating`, `review_count`, `department_id`, `category_id`, `sub_category_id`, `boots_brand_id`, `boots_color_id`) VALUES
(554, 'Tire Chukka Boot', 6296170, '1100.00', '1100.00', '0.0', 0, 1, 1, 1, 52, 60),
(555, 'Bulkhead Chelsea Boot', 6426744, '695.00', '695.00', '0.0', 0, 1, 1, 1, 83, 11),
(556, 'Designs Chelsea Boot', 6426755, '850.00', '850.00', '0.0', 0, 1, 1, 1, 83, 18),
(557, 'Tarik Wyoming Boot', 6429075, '115.00', '115.00', '0.0', 0, 1, 1, 1, 2, 6),
(558, 'Vaughn Chelsea Boot', 6460161, '250.00', '250.00', '0.0', 0, 1, 1, 1, 17, 18),
(559, 'Keane Leather Chelsea Boot', 6501416, '160.00', '160.00', '0.0', 0, 1, 1, 1, 24, 6),
(560, 'Bill Chukka Boot', 6505453, '148.00', '185.00', '0.0', 0, 1, 1, 1, 79, 6),
(561, 'Freeport Apron Toe Boot', 6508902, '445.00', '445.00', '0.0', 0, 1, 1, 1, 27, 6),
(562, 'Classic Wingtip Boot', 6518333, '1100.00', '1100.00', '0.0', 0, 1, 1, 1, 125, 6),
(563, 'Crossfire Waterproof Boot', 6523507, '190.00', '190.00', '0.0', 0, 1, 1, 1, 95, 11),
(564, 'Snow Monster Snow Boot', 6523512, '250.00', '250.00', '0.0', 0, 1, 1, 1, 95, 35),
(565, 'Impact Waterproof Snow Boot', 6523530, '250.00', '250.00', '0.0', 0, 1, 1, 1, 95, 25),
(566, 'Oslo High Boot', 6532258, '159.00', '159.00', '0.0', 0, 1, 1, 1, 73, 5),
(567, 'Oslo Low Boot', 6532288, '139.00', '139.00', '0.0', 0, 1, 1, 1, 73, 11),
(568, 'Crux Chukka Boot', 6542139, '100.00', '100.00', '3.0', 2, 1, 1, 1, 109, 6),
(569, 'Malrose Chukka Boot', 6553730, '140.00', '140.00', '0.0', 0, 1, 1, 1, 40, 5),
(570, 'Rambler Phoenix Western Boot', 6554810, '169.95', '169.95', '4.7', 23, 1, 1, 1, 49, 11),
(571, 'Techwelt Chukka Boot', 6562737, '199.95', '199.95', '0.0', 0, 1, 1, 1, 13, 6),
(572, 'Puff Winter Boot', 6579263, '395.00', '395.00', '0.0', 0, 1, 1, 1, 94, 6),
(573, 'Asymmetric Suede Boot', 6597256, '425.00', '425.00', '0.0', 0, 1, 1, 1, 104, 78),
(574, 'Lace-Up Boot', 6597274, '425.00', '425.00', '0.0', 0, 1, 1, 1, 104, 11),
(575, 'A/O PLUSHWAVE Lug Chukka Boot', 6605840, '130.00', '130.00', '4.3', 4, 1, 1, 1, 19, 56),
(576, 'Grant Waterproof Chelsea Boot', 6605935, '82.50', '150.00', '4.5', 11, 1, 1, 1, 59, 26),
(577, 'Chelsea Boot', 6612193, '890.00', '890.00', '0.0', 0, 1, 1, 1, 105, 64),
(578, 'Bede Rain Boot', 6613217, '100.00', '100.00', '0.0', 0, 1, 1, 1, 21, 27),
(579, 'Cirrus Rain Boot', 6613220, '110.00', '110.00', '0.0', 0, 1, 1, 1, 21, 6),
(580, 'Elliot Boot', 6617117, '159.95', '159.95', '0.0', 0, 1, 1, 1, 46, 6),
(581, 'ZerøGrand Waterproof Chelsea Boot', 6621018, '250.00', '250.00', '0.0', 0, 1, 1, 1, 10, 54),
(582, 'Indy Commando Water Resistant Boot', 6637709, '649.00', '649.00', '0.0', 0, 1, 1, 1, 99, 11),
(583, 'Northfield Waterproof Boot', 6662694, '125.00', '125.00', '4.4', 130, 1, 1, 1, 126, 6),
(584, 'Umbwe II Trail Waterproof Leather Boot', 6665317, '160.00', '160.00', '4.7', 43, 1, 1, 1, 126, 6),
(585, 'Commander Chelsea Boot', 6676667, '78.00', '130.00', '2.0', 1, 1, 1, 1, 109, 11),
(586, 'USA Genuine Shearling Lined Puff Scuff', 6766729, '350.00', '350.00', '0.0', 0, 1, 1, 1, 94, 50),
(587, 'Tempo Cap Toe Boot', 6816793, '297.00', '495.00', '2.0', 1, 1, 1, 1, 16, 6),
(588, 'Magog All Season Waterproof Boot', 6817508, '99.99', '170.00', '1.0', 1, 1, 1, 1, 12, 106),
(589, '4.Zerogrand Waterproof Chukka Boot', 6817651, '132.00', '240.00', '0.0', 0, 1, 1, 1, 10, 9),
(590, 'Cold Bay Duck Boot', 6818960, '84.00', '120.00', '4.6', 85, 1, 1, 1, 19, 56),
(591, 'Alal Duck Boot', 6829912, '126.00', '210.00', '0.0', 0, 1, 1, 1, 127, 56),
(592, 'Original Waterproof Insulated Short Snow Boot', 6849171, '145.00', '145.00', '3.7', 33, 1, 1, 1, 22, 6),
(593, '\'Classic Ultra\' Mid High Rain Boot', 3178052, '135.00', '135.00', '4.5', 78, 1, 1, 1, 32, 6),
(594, 'UGG Dagmann Chukka Boot', 4577986, '199.95', '199.95', '4.7', 67, 1, 1, 1, 1, 8),
(595, 'Track 25 Boot', 4616573, '249.95', '249.95', '4.9', 8, 1, 1, 1, 13, 11),
(596, 'Cheyanne II Insulated Waterpoof Boot', 4690203, '77.50', '155.00', '4.0', 103, 1, 1, 1, 35, 107),
(597, 'Highline Chelsea Boot', 4923732, '99.95', '99.95', '3.2', 13, 1, 1, 1, 31, 26),
(598, 'Sion Water Resistant Chukka Boot', 4966807, '112.00', '270.00', '5.0', 1, 1, 1, 1, 101, 54),
(599, 'Motion Waterproof Chelsea Boot', 5035396, '250.00', '250.00', '0.0', 0, 1, 1, 1, 128, 6),
(600, 'Recon Moc Toe Boot', 5236180, '154.95', '154.95', '5.0', 1, 1, 1, 1, 49, 5),
(601, 'Cheyanne Metro Waterproof Duck Boot', 5258988, '116.25', '155.00', '3.8', 13, 1, 1, 1, 35, 105),
(602, 'Grant Waterproof Chelsea Boot', 5358239, '150.00', '150.00', '4.5', 11, 1, 1, 1, 59, 3),
(603, 'Phillipe Waterproof Boot', 5405045, '319.00', '425.00', '0.0', 0, 1, 1, 1, 94, 6),
(604, 'Ethan Mid Boot', 5606608, '140.00', '350.00', '5.0', 1, 1, 1, 1, 70, 6),
(605, 'Tire Chelsea Boot', 5616644, '1200.00', '1200.00', '0.0', 0, 1, 1, 1, 52, 3),
(606, 'Tread Slick Chelsea Boot', 5675253, '790.00', '790.00', '2.0', 1, 1, 1, 1, 74, 23),
(607, 'Sampson Chukka Boot', 5707492, '66.00', '110.00', '5.0', 1, 1, 1, 1, 25, 18),
(608, 'Kezar Moc Waterproof Boot', 5723325, '195.00', '195.00', '3.8', 5, 1, 1, 1, 35, 108),
(609, 'XC Flex Cody Cap Toe Lace-Up Boot', 5745410, '199.00', '199.00', '4.3', 44, 1, 1, 1, 4, 6),
(610, 'Discovery Chukka Boot', 5776022, '425.00', '425.00', '0.0', 0, 1, 1, 1, 27, 11),
(611, 'Lombard Cap Toe Chelsea Boot', 5786373, '495.00', '495.00', '0.0', 0, 1, 1, 1, 27, 6),
(612, 'Derek Waterproof Boot', 5794860, '196.00', '275.00', '0.0', 0, 1, 1, 1, 102, 6),
(613, 'Ballot Plain Toe Boot', 5802513, '110.00', '110.00', '0.0', 0, 1, 1, 1, 31, 109),
(614, 'Saltwater Duck Waterproof Rain Boot', 5858816, '91.00', '129.95', '4.0', 5, 1, 1, 1, 19, 5),
(615, 'Naval Gancio Boot', 5861576, '1150.00', '1150.00', '5.0', 1, 1, 1, 1, 93, 6),
(616, 'Midtown Rambler Mid Chelsea Boot', 5870587, '149.95', '149.95', '4.3', 50, 1, 1, 1, 49, 11),
(617, 'Steens Waterproof Mid Hiking Boot', 5874493, '105.00', '140.00', '0.0', 0, 1, 1, 1, 30, 11),
(618, 'Fairbanks Rover II Waterproof Boot', 5876230, '140.00', '140.00', '0.0', 0, 1, 1, 1, 56, 41),
(619, 'Sponge Sole Boot', 5887859, '1045.00', '1045.00', '0.0', 0, 1, 1, 1, 85, 25),
(620, 'Markham Zip Boot', 5910905, '375.00', '375.00', '4.0', 1, 1, 1, 1, 57, 6),
(621, 'Kennen Water Repellent Leather Boot', 5934969, '200.00', '200.00', '4.1', 14, 1, 1, 1, 1, 6),
(622, 'Classic Water Repellent Short Boot', 5935523, '200.00', '200.00', '4.5', 22, 1, 1, 1, 1, 6),
(623, 'Dentolone Boot', 5951681, '1190.00', '1190.00', '0.0', 0, 1, 1, 1, 129, 6),
(624, 'Ivan Water Resistant Boot', 5954177, '315.00', '450.00', '0.0', 0, 1, 1, 1, 16, 11),
(625, 'Ridge Walker Waterproof Hiking Boot', 5963005, '109.95', '109.95', '0.0', 0, 1, 1, 1, 80, 81),
(626, 'Cycloid-4 Sneaker', 6146410, '880.00', '880.00', '0.0', 0, 1, 1, 1, 130, 6),
(627, '4.ZeroGrand Waterproof Rain Boot', 6410501, '157.50', '210.00', '5.0', 1, 1, 1, 1, 10, 6),
(628, 'Grand Ambition Chukka Boot', 6410503, '210.00', '210.00', '0.0', 0, 1, 1, 1, 10, 6),
(629, 'Deen Chelsea Boot', 6411503, '175.00', '175.00', '0.0', 0, 1, 1, 1, 40, 6),
(630, '2976 Faux Fur Lined Ambassador Boot', 6429077, '160.00', '160.00', '0.0', 0, 1, 1, 1, 2, 30),
(631, 'Runway Ankle Boot', 6430970, '830.00', '830.00', '0.0', 0, 1, 1, 1, 65, 6),
(632, 'Ghiaccia Plain Toe Boot', 6460401, '99.99', '145.00', '0.0', 0, 1, 1, 1, 62, 55),
(633, 'Ryion Derby Boot', 6497563, '265.00', '265.00', '0.0', 0, 1, 1, 1, 9, 6),
(634, 'Tundra Aerogel Boot', 6499859, '62.30', '89.00', '4.8', 5, 1, 1, 1, 131, 27),
(635, 'Dunbar Leather Boot', 6501490, '175.00', '175.00', '0.0', 0, 1, 1, 1, 24, 6),
(636, 'Pix Plain Toe Boot', 6505432, '100.00', '200.00', '3.0', 1, 1, 1, 1, 79, 69),
(637, 'Leedor Chelsea Boot', 6514678, '111.30', '158.95', '5.0', 1, 1, 1, 1, 110, 5),
(638, 'Grand Ambition Chukka Boot', 6518447, '210.00', '210.00', '0.0', 0, 1, 1, 1, 10, 11),
(639, 'Hampden Street Plain Toe Boot', 6520441, '198.00', '198.00', '0.0', 0, 1, 1, 1, 29, 73),
(640, 'Escalate Waterproof Snow Boot', 6523476, '140.00', '140.00', '0.0', 0, 1, 1, 1, 95, 6),
(641, 'Kurt Geiger Bird Cuff Boot', 6525022, '240.00', '240.00', '0.0', 0, 1, 1, 1, 87, 6),
(642, 'Oslo High Boot', 6532302, '159.00', '159.00', '0.0', 0, 1, 1, 1, 73, 6),
(643, 'Redwood Falls Waterproof Chukka Boot', 6575301, '130.00', '130.00', '1.0', 1, 1, 1, 1, 5, 2),
(644, 'Chocolate Combat Boot', 6587131, '1250.00', '1250.00', '0.0', 0, 1, 1, 1, 58, 6),
(645, 'Greyson Lace-Up Boot', 6595169, '189.00', '189.00', '0.0', 0, 1, 1, 1, 77, 48),
(646, 'Husky Chukka Boot', 6595174, '179.00', '179.00', '0.0', 0, 1, 1, 1, 77, 96),
(647, 'Lace-Up Chelsea Boot', 6597264, '475.00', '475.00', '0.0', 0, 1, 1, 1, 104, 6),
(648, 'Bradstreet Ultra Chukka Boot', 6610427, '130.00', '130.00', '4.8', 11, 1, 1, 1, 5, 13),
(649, 'Port Union Waterproof Duck Boot', 6610799, '185.00', '185.00', '0.0', 0, 1, 1, 1, 5, 78),
(650, 'Move Chelsea Boot', 6612338, '135.00', '135.00', '0.0', 0, 1, 1, 1, 132, 6),
(651, 'Wolsingham Plain Toe Boot', 6613185, '230.00', '230.00', '0.0', 0, 1, 1, 1, 21, 5),
(652, 'Patton Waterproof Suede Derby Boot', 6620905, '425.00', '425.00', '0.0', 0, 1, 1, 1, 27, 71),
(653, 'Grand Ambition Chelsea Boot', 6621012, '260.00', '260.00', '0.0', 0, 1, 1, 1, 10, 45),
(654, 'Boundain Chelsea Boot', 6631655, '160.00', '160.00', '0.0', 0, 1, 1, 1, 40, 6),
(655, 'Combat Boot', 6670281, '250.00', '250.00', '0.0', 0, 1, 1, 1, 133, 61),
(656, 'Desert Chukka Boot', 6678702, '71.97', '160.00', '5.0', 1, 1, 1, 1, 36, 110),
(657, 'Chapman Wingtip Boot', 6817758, '311.50', '445.00', '5.0', 1, 1, 1, 1, 27, 111),
(658, 'Pamp Hi Organic II Boot', 6817767, '55.25', '85.00', '0.0', 0, 1, 1, 1, 3, 82),
(659, 'Cold Bay Snow Boot', 6818961, '66.00', '110.00', '4.6', 136, 1, 1, 1, 19, 11),
(660, '\'Caribou XT\' Snow Boot', 3717217, '95.00', '190.00', '3.5', 29, 1, 1, 1, 35, 25),
(661, 'Oscar Cap Toe Boot', 4360928, '185.00', '185.00', '0.0', 0, 1, 1, 1, 90, 11),
(662, 'Original Grand Chukka Boot', 4928391, '180.00', '180.00', '5.0', 10, 1, 1, 1, 10, 11),
(663, 'Watertown Waterproof Moc Toe Boot', 4984780, '119.00', '170.00', '5.0', 1, 1, 1, 1, 19, 11),
(664, 'Portland Chukka Boot', 5265163, '228.00', '228.00', '0.0', 0, 1, 1, 1, 134, 8),
(665, 'Eli Chelsea Boot', 5355744, '79.97', '180.00', '0.0', 0, 1, 1, 1, 51, 6),
(666, 'Jake Waterproof Boot', 5408282, '96.00', '160.00', '4.6', 11, 1, 1, 1, 54, 11),
(667, 'Fendalton Road Chukka Boot', 5612933, '178.00', '178.00', '5.0', 2, 1, 1, 1, 29, 5),
(668, 'Rugged Bucks II Waterproof Plain Toe Boot', 5623982, '69.97', '130.00', '4.0', 28, 1, 1, 1, 126, 6),
(669, 'Originals \'Desert\' Boot', 5629622, '130.00', '130.00', '4.5', 134, 1, 1, 1, 36, 39),
(670, 'Gateway Mid Hiking Boot', 5741549, '110.00', '110.00', '4.1', 28, 1, 1, 1, 33, 106),
(671, 'Original Play Waterproof Rain Boot', 5749911, '105.00', '105.00', '4.5', 13, 1, 1, 1, 22, 66),
(672, 'Detroit Water Resistant Chukka Boot', 5750744, '119.95', '119.95', '4.0', 1, 1, 1, 1, 135, 11),
(673, 'McKinney Waterproof Boot', 5765845, '160.00', '160.00', '0.0', 0, 1, 1, 1, 12, 13),
(674, 'Mac Hill Waterproof Boot', 5766421, '175.00', '175.00', '4.6', 34, 1, 1, 1, 35, 11),
(675, 'Alpine Waterproof Chukka Boot', 5769943, '223.99', '425.00', '0.0', 0, 1, 1, 1, 27, 6),
(676, 'Kezar Waterproof Chukka Boot', 5776653, '129.97', '185.00', '4.2', 5, 1, 1, 1, 35, 7),
(677, 'Cold Bay Bionic® Waterproof Duck Boot', 5782547, '84.50', '130.00', '0.0', 0, 1, 1, 1, 19, 6),
(678, 'Brutus Sneaker Boot', 5798376, '135.00', '180.00', '4.5', 2, 1, 1, 1, 79, 91),
(679, 'Ethan 1955 Cap Toe Boot', 5802896, '225.00', '225.00', '0.0', 0, 1, 1, 1, 89, 6),
(680, '8000Works Waterproof Boot', 5806094, '127.50', '170.00', '3.0', 5, 1, 1, 1, 54, 6),
(681, 'Hoover II Plain Toe Boot', 5842023, '175.00', '175.00', '0.0', 0, 1, 1, 1, 48, 6),
(682, 'Michelangelo Chelsea Boot', 5842031, '195.00', '195.00', '0.0', 0, 1, 1, 1, 48, 7),
(683, 'Watertown Waterproof Duck Boot', 5853360, '90.00', '180.00', '4.0', 1, 1, 1, 1, 19, 12),
(684, 'Moc Toe Boot', 5863348, '139.95', '139.95', '0.0', 0, 1, 1, 1, 53, 11),
(685, 'Chuck Chukka Boot', 5872325, '110.00', '275.00', '0.0', 0, 1, 1, 1, 115, 20),
(686, 'Bugaboot III Waterproof Boot', 5876229, '82.46', '109.95', '0.0', 0, 1, 1, 1, 56, 48),
(687, 'Federal St. Chukka Boot', 5878977, '198.00', '198.00', '5.0', 1, 1, 1, 1, 29, 6),
(688, 'Wolfe St. Chelsea Boot', 5878978, '198.00', '198.00', '5.0', 1, 1, 1, 1, 29, 19),
(689, 'Show Chelsea Boot', 5879082, '1195.00', '1195.00', '0.0', 0, 1, 1, 1, 136, 6),
(690, 'Freeside Rapid Repel Waterproof Hiking Boot', 5881853, '120.00', '120.00', '0.0', 0, 1, 1, 1, 33, 112),
(691, 'Garavani VLTN Strap Chelsea Boot', 5883288, '980.00', '980.00', '0.0', 0, 1, 1, 1, 103, 6),
(692, 'Pampa Hi Organic II Boot', 5883990, '85.00', '85.00', '0.0', 0, 1, 1, 1, 3, 82),
(693, 'Original Insulated Waterproof Chelsea Boot', 5894673, '145.00', '145.00', '4.6', 17, 1, 1, 1, 22, 6),
(694, 'Zuccone Boot', 5951677, '1498.00', '1498.00', '4.0', 1, 1, 1, 1, 129, 6),
(695, 'Dumas Water Resistant Boot', 5954127, '237.00', '395.00', '0.0', 0, 1, 1, 1, 16, 36),
(696, 'Lugo Water Resistant Chelsea Boot', 5956610, '255.00', '425.00', '0.0', 0, 1, 1, 1, 6, 6),
(697, 'Desert Boot', 5965475, '895.00', '895.00', '0.0', 0, 1, 1, 1, 137, 11),
(698, 'Ethan 1955 Cap Toe Boot', 5969914, '225.00', '225.00', '0.0', 0, 1, 1, 1, 89, 6),
(699, 'Vanguard Chelsea Boot', 6045791, '375.00', '375.00', '5.0', 1, 1, 1, 1, 104, 6),
(700, 'Genuine Shearling & Leather Bean Boot', 6143533, '229.00', '229.00', '4.9', 85, 1, 1, 1, 18, 7),
(701, '1460 Blizzard Leather Boot', 6290876, '170.00', '170.00', '0.0', 0, 1, 1, 1, 2, 11),
(702, 'Ultrarange Exo Water Resistant Leather Boot', 6295626, '99.99', '129.95', '0.0', 0, 1, 1, 1, 138, 13),
(703, 'Barrett Water Resistant Boot', 6409429, '179.00', '179.00', '0.0', 0, 1, 1, 1, 4, 5),
(704, 'Orlando Chukka Boot', 6410062, '375.00', '375.00', '0.0', 0, 1, 1, 1, 47, 11),
(705, 'Gasol Chelsea Boot', 6410080, '237.00', '395.00', '0.0', 0, 1, 1, 1, 47, 26),
(706, 'Arthur TB Monogram Hiking Boot', 6430839, '1050.00', '1050.00', '0.0', 0, 1, 1, 1, 65, 11),
(707, 'Linton Lace-Up Derby Boot', 6462899, '250.00', '250.00', '0.0', 0, 1, 1, 1, 9, 6),
(708, 'Chukka Boot', 6465260, '225.00', '225.00', '0.0', 0, 1, 1, 1, 139, 40),
(709, 'Jarrno Waxy Leather Moc Toe Boot', 6497561, '280.00', '280.00', '0.0', 0, 1, 1, 1, 9, 6),
(710, 'Borealis Waterproof Boot', 6523495, '240.00', '240.00', '0.0', 0, 1, 1, 1, 95, 113),
(711, 'Davis Square Leather Boot', 6532048, '60.00', '100.00', '4.1', 7, 1, 1, 1, 5, 6),
(712, 'Crossover Chukka Boot', 6550542, '250.00', '250.00', '0.0', 0, 1, 1, 1, 98, 7),
(713, 'A/O Waterproof Chukka Boot', 6605850, '150.00', '150.00', '0.0', 0, 1, 1, 1, 19, 11),
(714, 'A/O PLUSHWAVE Lug Chukka Boot', 6605853, '130.00', '130.00', '4.3', 4, 1, 1, 1, 19, 56),
(715, 'Field Chukka Boot', 6606522, '100.00', '100.00', '0.0', 0, 1, 1, 1, 28, 11),
(716, 'Seaton Wingtip Boot', 6613142, '230.00', '230.00', '0.0', 0, 1, 1, 1, 21, 5),
(717, 'Farsley Chelsea Boot', 6613144, '200.00', '200.00', '0.0', 0, 1, 1, 1, 21, 36),
(718, 'Johnny Boot', 6617124, '99.95', '99.95', '4.0', 1, 1, 1, 1, 46, 10),
(719, 'John Gallioano Combat Boot', 6620219, '650.00', '650.00', '0.0', 0, 1, 1, 1, 106, 6),
(720, 'Patton Weatherproof Cap Toe Boot', 6620912, '425.00', '425.00', '0.0', 0, 1, 1, 1, 27, 7),
(721, 'Kaedian Chukka Boot', 6631689, '140.00', '140.00', '0.0', 0, 1, 1, 1, 40, 6),
(722, 'Terrex Swift R3 Mid Waterproof Hiking Boot', 6687244, '180.00', '180.00', '4.5', 68, 1, 1, 1, 23, 6),
(723, 'Pilot Chukka Boot', 6706416, '149.99', '219.95', '4.0', 1, 1, 1, 1, 108, 8),
(724, 'ZeroGrand Omni Waterproof Boot', 6706582, '144.00', '320.00', '0.0', 0, 1, 1, 1, 10, 13),
(725, 'Union Waterproof Chelsea Boot', 6777439, '90.00', '150.00', '4.9', 7, 1, 1, 1, 1, 13),
(726, 'Ashford Plain Toe Chelsea Boot', 6817652, '177.00', '295.00', '0.0', 0, 1, 1, 1, 4, 37),
(727, 'ZerøGrand Waterproof Chelsea Boot', 6817858, '150.00', '250.00', '0.0', 0, 1, 1, 1, 10, 18),
(728, 'Rambler Boot', 3207235, '164.95', '164.95', '4.7', 172, 1, 1, 1, 49, 5),
(729, '\'Cloud\' Waterproof Hiking Boot', 3787065, '140.00', '140.00', '4.2', 55, 1, 1, 1, 54, 114),
(730, 'Glacier XT Waterproof Boot', 4002671, '160.00', '160.00', '4.7', 32, 1, 1, 1, 35, 25),
(731, '\'Daily Double\' Chelsea Boot', 4093633, '125.00', '125.00', '5.0', 2, 1, 1, 1, 89, 6),
(732, '1000 Mile Evans Boot', 4346214, '400.00', '400.00', '4.5', 8, 1, 1, 1, 26, 63),
(733, 'Maslon Chukka Boot', 4687059, '110.00', '110.00', '4.5', 2, 1, 1, 1, 97, 115),
(734, 'Max Wingtip Boot', 4690884, '450.00', '450.00', '0.0', 0, 1, 1, 1, 17, 11),
(735, '2.Zerogrand Chukka Boot', 4813691, '170.00', '170.00', '0.0', 0, 1, 1, 1, 10, 5),
(736, 'Cyrus Chukka Boot', 5270698, '395.00', '395.00', '0.0', 0, 1, 1, 1, 27, 18),
(737, 'Blundstone City Chelsea Boot', 5374923, '239.95', '239.95', '0.0', 0, 1, 1, 1, 11, 6),
(738, 'Wilbur Chelsea Boot', 5452185, '170.00', '170.00', '3.0', 2, 1, 1, 1, 64, 11),
(739, 'Pyrenees Hiking Boot', 5460486, '170.00', '170.00', '0.0', 0, 1, 1, 1, 30, 116),
(740, 'Field Chukka Boot', 5533322, '100.00', '100.00', '0.0', 0, 1, 1, 1, 28, 25),
(741, 'Murcia Boot', 5622574, '245.00', '350.00', '0.0', 0, 1, 1, 1, 6, 6),
(742, 'Williamsburg Chukka Boot', 5638015, '222.50', '445.00', '5.0', 1, 1, 1, 1, 27, 117),
(743, 'ExoHike Water Repellent Retro Hiker Boot', 5727381, '189.95', '189.95', '0.0', 0, 1, 1, 1, 13, 11),
(744, 'Taylor Waterproof Leather Chukka Boot', 5730972, '130.00', '130.00', '4.1', 16, 1, 1, 1, 126, 48),
(745, 'Freeroam Hiker Boot', 5732235, '87.46', '124.95', '4.6', 17, 1, 1, 1, 19, 26),
(746, 'Kezar Tall Waterproof Boot', 5739884, '200.00', '200.00', '5.0', 3, 1, 1, 1, 35, 61),
(747, 'Magog All Season Waterproof Boot', 5765833, '127.50', '170.00', '1.0', 1, 1, 1, 1, 12, 6),
(748, 'Fly London Ryke Chelsea Boot', 5774290, '275.00', '275.00', '0.0', 0, 1, 1, 1, 140, 49),
(749, 'Weekly Combat Boot', 5782786, '120.00', '120.00', '5.0', 1, 1, 1, 1, 109, 6),
(750, 'Brooklyn Light Chukka Boot', 5786372, '159.97', '325.00', '5.0', 1, 1, 1, 1, 27, 40),
(751, 'Discover Lugged Lace-Up Boot', 5786375, '276.25', '425.00', '0.0', 0, 1, 1, 1, 27, 14),
(752, 'Hull 1955 Chukka Boot', 5802893, '150.00', '150.00', '0.0', 0, 1, 1, 1, 89, 118),
(753, 'Sauvie Waterproof Snow Boot', 5812529, '120.00', '120.00', '0.0', 0, 1, 1, 1, 32, 119),
(754, 'Mac Hill Waterproof Boot', 5835956, '175.00', '175.00', '4.9', 13, 1, 1, 1, 35, 25),
(755, 'Illiad Plain Toe Boot', 5842041, '185.00', '185.00', '0.0', 0, 1, 1, 1, 48, 2),
(756, 'Fairbanks Rover II Waterproof Boot', 5876227, '140.00', '140.00', '0.0', 0, 1, 1, 1, 56, 25),
(757, 'Shawn Chelsea Boot', 5877067, '395.00', '395.00', '5.0', 3, 1, 1, 1, 16, 102),
(758, 'Circuit Patriot Square Toe Cowboy Boot', 5883809, '199.95', '199.95', '0.0', 0, 1, 1, 1, 49, 11),
(759, 'Wallabee 2 Chukka Boot', 5885806, '80.00', '160.00', '5.0', 1, 1, 1, 1, 36, 63),
(760, 'GOtrail Alpine Glarus Hiking Boot', 5903242, '120.00', '120.00', '4.7', 14, 1, 1, 1, 141, 11),
(761, 'Sunsetter Nature-Tex® Waterproof Hiking Boot', 5904719, '150.00', '150.00', '0.0', 0, 1, 1, 1, 91, 120),
(762, 'Arcata Boot', 5905995, '159.95', '159.95', '0.0', 0, 1, 1, 1, 32, 6),
(763, 'Keyes Weatherproof Boot', 5954140, '237.00', '395.00', '0.0', 0, 1, 1, 1, 16, 121),
(764, 'Truman 3 Chelsea Boot', 5960584, '153.75', '205.00', '0.0', 0, 1, 1, 1, 142, 66),
(765, 'Stage Platform Lace-Up Boot', 6142729, '2395.00', '2395.00', '0.0', 0, 1, 1, 1, 60, 6),
(766, 'Solaris High Boot', 6146170, '700.00', '700.00', '0.0', 0, 1, 1, 1, 130, 6),
(767, 'Kezar Waterproof Chukka Boot', 6150080, '185.00', '185.00', '4.6', 10, 1, 1, 1, 35, 122),
(768, 'Puddle Bomber Boot', 6296157, '990.00', '990.00', '0.0', 0, 1, 1, 1, 52, 84),
(769, 'Austin Bootie', 6405991, '184.95', '184.95', '0.0', 0, 1, 1, 1, 143, 123),
(770, 'Vedro Wedge Desert Boot', 6407420, '250.00', '250.00', '0.0', 0, 1, 1, 1, 9, 98),
(771, 'Alencia Chelsea Boot', 6411495, '165.00', '165.00', '0.0', 0, 1, 1, 1, 40, 6),
(772, 'Detoxify Chelsea Boot', 6426778, '750.00', '750.00', '5.0', 1, 1, 1, 1, 83, 6),
(773, 'Ashford Chelsea Boot', 6455499, '295.00', '295.00', '0.0', 0, 1, 1, 1, 4, 7),
(774, 'Chapman Plain Toe Boot', 6468290, '445.00', '445.00', '0.0', 0, 1, 1, 1, 27, 6),
(775, 'Akeeno Lug Sole Chelsea Boot', 6497565, '265.00', '265.00', '0.0', 0, 1, 1, 1, 9, 6),
(776, 'Clandestine Combat Boot', 6499664, '890.00', '890.00', '0.0', 0, 1, 1, 1, 144, 6),
(777, 'Peu Cami Boot', 6505417, '184.00', '230.00', '0.0', 0, 1, 1, 1, 79, 13),
(778, 'Discovery Zip Boot', 6508925, '279.98', '445.00', '0.0', 0, 1, 1, 1, 27, 6),
(779, 'Lodge Plain Toe Boot', 6512331, '125.00', '125.00', '0.0', 0, 1, 1, 1, 28, 45),
(780, 'Grand Ambition Chelsea Boot', 6518458, '220.00', '220.00', '0.0', 0, 1, 1, 1, 10, 11),
(781, 'Milton Street Moc Toe Boot', 6520440, '198.00', '198.00', '0.0', 0, 1, 1, 1, 29, 34),
(782, '4-Bar Chelsea Boot', 6521305, '890.00', '890.00', '5.0', 1, 1, 1, 1, 125, 6),
(783, 'Wolf Waterproof Snow Boot', 6523508, '170.00', '170.00', '0.0', 0, 1, 1, 1, 95, 6),
(784, 'Crux Boot', 6541961, '110.00', '110.00', '0.0', 0, 1, 1, 1, 109, 11),
(785, 'Ankle Boot', 6577023, '175.00', '175.00', '0.0', 0, 1, 1, 1, 40, 84),
(786, 'Ballast Cap Toe Lace-Up Boot', 6595153, '199.00', '199.00', '0.0', 0, 1, 1, 1, 77, 13),
(787, 'Hybrid Chelsea Boot', 6597268, '395.00', '395.00', '0.0', 0, 1, 1, 1, 104, 63),
(788, 'A/O Waterproof Chukka Boot', 6605856, '150.00', '150.00', '0.0', 0, 1, 1, 1, 19, 6),
(789, 'A/O PLUSHWAVE Lug Chukka Boot', 6605857, '130.00', '130.00', '4.3', 4, 1, 1, 1, 19, 11),
(790, 'Gold Cup Authentic Original Lug Chukka', 6605858, '111.00', '185.00', '4.0', 2, 1, 1, 1, 19, 6),
(791, 'Konor Waterproof Chukka Boot', 6605939, '150.00', '150.00', '3.8', 8, 1, 1, 1, 59, 52),
(792, 'Lug Sole Combat Boot', 6612198, '1490.00', '1490.00', '0.0', 0, 1, 1, 1, 105, 11),
(793, 'Nelson Apron Toe Boot', 6613145, '200.00', '200.00', '0.0', 0, 1, 1, 1, 21, 5),
(794, 'Seaham Plain Toe Boot', 6613155, '220.00', '220.00', '0.0', 0, 1, 1, 1, 21, 6),
(795, 'Hyrid Gore-Tex® Waterproof Chukka Boot', 6614937, '124.96', '249.95', '5.0', 1, 1, 1, 1, 13, 11),
(796, 'Reily Cap Toe Boot', 6631663, '165.00', '165.00', '0.0', 0, 1, 1, 1, 40, 6),
(797, 'Peu Cami Boot', 6632629, '172.00', '215.00', '5.0', 1, 1, 1, 1, 79, 9),
(798, 'Benson Chukka Boot', 6657522, '295.00', '295.00', '0.0', 0, 1, 1, 1, 81, 6),
(799, '\'Ultra High\' Rain Boot', 3314535, '140.00', '140.00', '1.0', 1, 1, 1, 1, 32, 6),
(800, '\'GM 09\' Plain Toe Boot', 3579814, '278.00', '278.00', '3.0', 1, 1, 1, 1, 133, 10),
(801, 'Classic Break Chukka Boot', 4716426, '134.95', '134.95', '4.4', 63, 1, 1, 1, 126, 5),
(802, '\'GM 09\' Plain Toe Boot', 4929029, '278.00', '278.00', '3.0', 1, 1, 1, 1, 133, 11),
(803, 'NYC Back Zip Boot', 4969761, '298.00', '298.00', '3.0', 4, 1, 1, 1, 134, 32),
(804, 'Emil 59 Waterproof Chukka Boot', 5266606, '175.00', '175.00', '0.0', 0, 1, 1, 1, 90, 98),
(805, 'Strike Plain Toe Boot', 5374940, '995.00', '995.00', '0.0', 0, 1, 1, 1, 145, 6),
(806, 'Rambler Patriot Cowboy Boot', 5395057, '179.95', '179.95', '4.6', 18, 1, 1, 1, 49, 11),
(807, 'Trukka Waterproof Boot', 5408277, '160.00', '160.00', '4.7', 3, 1, 1, 1, 54, 11),
(808, 'World Wide 1000 Mile Cap Toe Boot', 5479429, '385.00', '385.00', '5.0', 1, 1, 1, 1, 26, 6),
(809, 'Pablo Chelsea Boot', 5498508, '350.00', '350.00', '0.0', 0, 1, 1, 1, 67, 13),
(810, 'Pampa Sport Waterproof Boot', 5503714, '170.00', '170.00', '2.0', 1, 1, 1, 1, 3, 124),
(811, 'Cruiser Double Monk Strap Boot', 5558092, '995.00', '995.00', '0.0', 0, 1, 1, 1, 146, 18),
(812, 'Angiolini Zip Boot', 5637843, '475.00', '475.00', '4.0', 1, 1, 1, 1, 47, 6),
(813, 'Waverly Covered Chelsea Boot', 5653681, '298.00', '298.00', '0.0', 0, 1, 1, 1, 134, 39),
(814, 'NYC Back Zip Boot', 5660881, '298.00', '298.00', '3.0', 4, 1, 1, 1, 134, 6),
(815, 'Alpinono Chelsea Boot', 5679516, '1245.00', '1245.00', '0.0', 0, 1, 1, 1, 60, 6),
(816, 'Iron Ranger Boot', 5752777, '350.00', '350.00', '4.6', 50, 1, 1, 1, 120, 6),
(817, 'Monte Water Resistant Genuine Shearling Boot', 5757831, '349.00', '475.00', '0.0', 0, 1, 1, 1, 94, 11),
(818, 'Wallingford Water Resistant Boot', 5767411, '295.00', '295.00', '0.0', 0, 1, 1, 1, 111, 11),
(819, 'Samo Chelsea Boot', 5774280, '310.00', '310.00', '0.0', 0, 1, 1, 1, 101, 50),
(820, 'Joka Boot', 5774281, '325.00', '325.00', '0.0', 0, 1, 1, 1, 101, 11),
(821, 'Syas Chukka Boot', 5774282, '310.00', '310.00', '0.0', 0, 1, 1, 1, 101, 6),
(822, 'Conor Zip Boot', 5774819, '395.00', '395.00', '0.0', 0, 1, 1, 1, 104, 63),
(823, 'Waterproof Bedrock Wellington Boot', 5812552, '195.00', '195.00', '0.0', 0, 1, 1, 1, 32, 11),
(824, 'Circuit Patriot Cowboy Boot', 5828900, '199.95', '199.95', '0.0', 0, 1, 1, 1, 49, 11),
(825, 'Rayburn Chukka Boot', 5841749, '175.00', '175.00', '0.0', 0, 1, 1, 1, 48, 26),
(826, 'Old Bowen Plain Toe Boot', 5842022, '295.00', '295.00', '0.0', 0, 1, 1, 1, 48, 2),
(827, 'Kaldi Zip Boot', 5842024, '295.00', '295.00', '0.0', 0, 1, 1, 1, 48, 60),
(828, 'Lincoln Moc Toe Boot', 5842043, '265.00', '265.00', '0.0', 0, 1, 1, 1, 48, 37),
(829, 'Show Chelsea Boot', 5879084, '468.75', '1250.00', '0.0', 0, 1, 1, 1, 136, 125),
(830, 'Trench Lace-Up Boot', 5883520, '179.00', '179.00', '0.0', 0, 1, 1, 1, 77, 96),
(831, 'Recon Boot', 5883810, '149.95', '149.95', '0.0', 0, 1, 1, 1, 49, 11),
(832, 'Patriot Harness Western Boot', 5883811, '204.95', '204.95', '0.0', 0, 1, 1, 1, 49, 6),
(833, 'Mardin Chelsea Boot', 5883838, '195.00', '195.00', '0.0', 0, 1, 1, 1, 9, 19),
(834, 'Romance Logo Boot', 5910249, '980.00', '980.00', '5.0', 1, 1, 1, 1, 42, 6),
(835, 'Glacier Waterproof Hiking Boot', 5928688, '695.00', '695.00', '0.0', 0, 1, 1, 1, 147, 6),
(836, 'Mon Corp Logo Lace-Up Boot', 5928694, '750.00', '750.00', '5.0', 1, 1, 1, 1, 147, 54),
(837, 'Wilderness Waterproof Hiking Boot', 5943869, '100.00', '100.00', '0.0', 0, 1, 1, 1, 26, 6),
(838, 'Watson Chukka Boot', 5954129, '150.00', '375.00', '0.0', 0, 1, 1, 1, 16, 34),
(839, 'Calhoun Chelsea Boot', 5954143, '398.00', '398.00', '0.0', 0, 1, 1, 1, 16, 5),
(840, 'Bianchetto Tabi Boot', 5955070, '1315.00', '1315.00', '0.0', 0, 1, 1, 1, 148, 50),
(841, 'Duran Chukka Boot', 5956634, '164.25', '365.00', '0.0', 0, 1, 1, 1, 6, 18),
(842, 'Navarra Boot', 5956640, '288.00', '288.00', '0.0', 0, 1, 1, 1, 149, 6),
(843, 'Lartigue Zip Boot', 5956644, '278.00', '278.00', '5.0', 1, 1, 1, 1, 149, 96),
(844, 'Lawson Chelsea Boot', 5959570, '210.00', '210.00', '0.0', 0, 1, 1, 1, 150, 72),
(845, 'Straight Tip Blucher Boot', 5963750, '810.00', '810.00', '5.0', 1, 1, 1, 1, 99, 11),
(846, 'U-Tip Moc Stitch Boot', 5963763, '845.00', '845.00', '5.0', 2, 1, 1, 1, 99, 69),
(847, 'Wyatt Chelsea Boot', 5978392, '945.00', '945.00', '0.0', 0, 1, 1, 1, 63, 11),
(848, 'Stage Faux Calf Hair Boot', 6142722, '1595.00', '1595.00', '0.0', 0, 1, 1, 1, 60, 11),
(849, 'Cycloid-4 Sneaker', 6146822, '880.00', '880.00', '0.0', 0, 1, 1, 1, 130, 50),
(850, 'Chelsea Boot', 6267963, '692.50', '1385.00', '0.0', 0, 1, 1, 1, 151, 6),
(851, 'Hollis Cap Toe Boot', 6410085, '475.00', '475.00', '5.0', 1, 1, 1, 1, 47, 108),
(852, 'Destroy Plain Toe Boot', 6426766, '850.00', '850.00', '0.0', 0, 1, 1, 1, 83, 56),
(853, 'Arthur Hiking Boot', 6430835, '990.00', '990.00', '0.0', 0, 1, 1, 1, 65, 54),
(854, 'Bridgeport 2 Chukka Boot', 6431699, '120.00', '120.00', '0.0', 0, 1, 1, 1, 135, 6),
(855, 'Gunner Chukka Boot', 6455506, '129.00', '129.00', '0.0', 0, 1, 1, 1, 4, 11),
(856, 'Chelsea Boot', 6465236, '275.00', '275.00', '0.0', 0, 1, 1, 1, 139, 13),
(857, 'Lizard Embossed Chelsea Boot', 6465241, '250.00', '250.00', '0.0', 0, 1, 1, 1, 139, 6),
(858, 'Grained Leather Buckled Boot', 6465256, '295.00', '295.00', '0.0', 0, 1, 1, 1, 139, 6),
(859, 'Plain Toe Boot', 6465259, '295.00', '295.00', '0.0', 0, 1, 1, 1, 139, 6),
(860, 'Tread Slick Lite Boot', 6537224, '1150.00', '1150.00', '0.0', 0, 1, 1, 1, 74, 6),
(861, 'Worker Chelsea Boot', 6537231, '950.00', '950.00', '0.0', 0, 1, 1, 1, 74, 6),
(862, 'Terra 4G Buckle Combat Boot', 6552238, '1195.00', '1195.00', '2.0', 2, 1, 1, 1, 136, 6),
(863, 'Terra 4G Buckle Faux Shearling Lined Combat Boot', 6552259, '1350.00', '1350.00', '0.0', 0, 1, 1, 1, 136, 5),
(864, 'Winter Mallow Ankle Boot', 6552287, '925.00', '925.00', '0.0', 0, 1, 1, 1, 136, 6),
(865, 'TBL® Originals Ultra Waterproof Boot', 6610778, '170.00', '170.00', '0.0', 0, 1, 1, 1, 5, 78),
(866, 'Myth Lace-Up Boot', 6612325, '145.00', '145.00', '0.0', 0, 1, 1, 1, 132, 6),
(867, 'Dalton Weatherproof Wingtip Derby Boot', 6620767, '495.00', '495.00', '0.0', 0, 1, 1, 1, 27, 11),
(868, 'Beatle Turbo Cyclops Chelsea Boot', 6644413, '2265.00', '2265.00', '0.0', 0, 1, 1, 1, 75, 6),
(869, 'Dalton Wingtip Boot', 6678567, '279.98', '445.00', '4.3', 41, 1, 1, 1, 27, 69),
(870, 'Caribou Genuine Shearling Lined Waterproof Duck Boot', 6816984, '112.50', '225.00', '0.0', 0, 1, 1, 1, 35, 25),
(871, 'Chelsea Boot', 3900980, '775.00', '775.00', '4.5', 6, 1, 1, 1, 58, 8),
(872, 'Chukka Boot', 4731027, '605.00', '605.00', '4.0', 1, 1, 1, 1, 99, 11),
(873, 'Platform Chelsea Boot', 5288862, '650.00', '650.00', '0.0', 0, 1, 1, 1, 74, 6),
(874, 'Wyatt Zip Boot', 5438890, '995.00', '995.00', '3.5', 2, 1, 1, 1, 63, 6),
(875, 'Combat Boot', 5614211, '690.00', '690.00', '5.0', 1, 1, 1, 1, 74, 6),
(876, 'Prenton Chelsea Boot', 5650000, '995.00', '995.00', '0.0', 0, 1, 1, 1, 152, 6),
(877, 'Coalport Derby Boot', 5675844, '1250.00', '1250.00', '0.0', 0, 1, 1, 1, 152, 5),
(878, 'Valido Ankle Boot', 5679531, '1295.00', '1295.00', '0.0', 0, 1, 1, 1, 60, 126),
(879, 'Tractor Chelsea Boot', 5729290, '1050.00', '1050.00', '0.0', 0, 1, 1, 1, 145, 6),
(880, 'The Bounce Brushed Calfskin Leather Boot', 5782805, '1100.00', '1100.00', '0.0', 0, 1, 1, 1, 52, 6),
(881, 'Roadirik Spike Boot', 5829955, '1595.00', '1595.00', '0.0', 0, 1, 1, 1, 60, 6),
(882, 'Boat Lace-Up Boot', 5871160, '895.00', '895.00', '0.0', 0, 1, 1, 1, 39, 54),
(883, 'Lock Boot', 5879081, '1395.00', '1395.00', '0.0', 0, 1, 1, 1, 136, 6),
(884, 'Mayerswing Donna Boot', 5912699, '1495.00', '1495.00', '0.0', 0, 1, 1, 1, 60, 3),
(885, 'Mayerswing Donna Snakeskin Embossed Boot', 5912717, '1595.00', '1595.00', '0.0', 0, 1, 1, 1, 60, 45),
(886, 'Motok Chelsea Boot', 5912729, '1095.00', '1095.00', '0.0', 0, 1, 1, 1, 60, 6),
(887, 'Summus Belted Snow Boot', 5928686, '575.00', '575.00', '0.0', 0, 1, 1, 1, 147, 6),
(888, 'Lir Chelsea Boot', 5928689, '825.00', '825.00', '0.0', 0, 1, 1, 1, 147, 6),
(889, 'Toblach Chelsea Boot', 5943901, '950.00', '950.00', '1.0', 1, 1, 1, 1, 58, 6),
(890, 'Cloudburst Thunder Boot', 5964859, '1170.00', '1170.00', '0.0', 0, 1, 1, 1, 58, 127),
(891, 'Lace-Up Boot', 5965474, '717.00', '1195.00', '0.0', 0, 1, 1, 1, 137, 11),
(892, 'Dixon Ankle Boot', 5978363, '1195.00', '1195.00', '0.0', 0, 1, 1, 1, 63, 6),
(893, 'Force Shearling Lined Suede Boot', 6148854, '1790.00', '1790.00', '0.0', 0, 1, 1, 1, 153, 11),
(894, 'Tor Genuine Shearling Lined Hiking Boot', 6430840, '1050.00', '1050.00', '0.0', 0, 1, 1, 1, 65, 6),
(895, 'The Bounce Chelsea Boot', 6549441, '1100.00', '1100.00', '0.0', 0, 1, 1, 1, 52, 6),
(896, 'Avoriaz Boot', 6638492, '644.00', '644.00', '0.0', 0, 1, 1, 1, 154, 6),
(897, '4-Bar Leather Chelsea Boot', 6714252, '408.75', '1090.00', '0.0', 0, 1, 1, 1, 125, 18),
(898, 'Men\'s Colosseum Blue UCLA Bruins The Dude Swim Shorts', 6857160, '54.99', '54.99', '0.0', 0, 1, 1, 1, 155, 59),
(899, 'Men\'s Colosseum White/Navy West Virginia Mountaineers Pineapple Swim Shorts', 6857228, '54.99', '54.99', '0.0', 0, 1, 1, 1, 155, 50),
(900, 'Men\'s Colosseum Black Army Black Knights The Dude Swim Shorts', 6857239, '54.99', '54.99', '0.0', 0, 1, 1, 1, 155, 6),
(901, 'Men\'s Colosseum Purple Kansas State Wildcats The Dude Swim Shorts', 6857241, '54.99', '54.99', '0.0', 0, 1, 1, 1, 155, 128),
(902, 'Men\'s Colosseum Red Maryland Terrapins The Dude Swim Shorts', 6857300, '54.99', '54.99', '0.0', 0, 1, 1, 1, 155, 65),
(903, 'Men\'s Colosseum Black Vanderbilt Commodores The Dude Swim Shorts', 6857337, '54.99', '54.99', '0.0', 0, 1, 1, 1, 155, 6),
(904, 'Men\'s Colosseum Crimson Alabama Crimson Tide The Dude Swim Shorts', 6857341, '54.99', '54.99', '0.0', 0, 1, 1, 1, 155, 129),
(905, 'Men\'s Colosseum Orange Clemson Tigers The Dude Swim Shorts', 6857377, '54.99', '54.99', '0.0', 0, 1, 1, 1, 155, 21),
(906, 'Men\'s G-III Sports by Carl Banks Black Boston Bruins Sand Beach Swim Shorts', 6857550, '44.99', '44.99', '0.0', 0, 1, 1, 1, 156, 6),
(907, 'Men\'s G-III Sports by Carl Banks Black Boston Bruins Wind Wave Board Shorts', 6857561, '49.99', '49.99', '0.0', 0, 1, 1, 1, 156, 6),
(908, 'Men\'s G-III Sports by Carl Banks Navy New York Yankees Sand Beach Volley Swim Shorts', 6857564, '44.99', '44.99', '0.0', 0, 1, 1, 1, 156, 19),
(909, 'Men\'s G-III Sports by Carl Banks Kelly Green/Cream Milwaukee Bucks Sand Beach Volley Swim Shorts', 6857571, '44.99', '44.99', '0.0', 0, 1, 1, 1, 156, 130),
(910, 'Men\'s G-III Sports by Carl Banks Purple/Teal Charlotte Hornets Sand Beach Volley Swim Shorts', 6857572, '44.99', '44.99', '0.0', 0, 1, 1, 1, 156, 128),
(911, 'Men\'s G-III Sports by Carl Banks Black/Gold Pittsburgh Penguins Sand Beach Swim Shorts', 6857580, '44.99', '44.99', '0.0', 0, 1, 1, 1, 156, 6),
(912, 'Men\'s G-III Sports by Carl Banks Kelly Green Boston Celtics Sand Beach Volley Swim Shorts', 6857615, '44.99', '44.99', '0.0', 0, 1, 1, 1, 156, 130),
(913, 'Men\'s G-III Sports by Carl Banks Navy/Red Montreal Canadiens Sand Beach Swim Shorts', 6857628, '44.99', '44.99', '0.0', 0, 1, 1, 1, 156, 19),
(914, 'Men\'s G-III Sports by Carl Banks Red Chicago Bulls Sand Beach Volley Swim Shorts', 6857638, '44.99', '44.99', '0.0', 0, 1, 1, 1, 156, 65),
(915, 'Men\'s G-III Sports by Carl Banks Black/Gray Brooklyn Nets Sand Beach Volley Swim Shorts', 6857645, '44.99', '44.99', '0.0', 0, 1, 1, 1, 156, 6),
(916, 'Men\'s G-III Sports by Carl Banks Black/Orange Philadelphia Flyers Sand Beach Swim Shorts', 6857661, '44.99', '44.99', '0.0', 0, 1, 1, 1, 156, 6),
(917, 'Men\'s G-III Sports by Carl Banks Red Philadelphia Phillies Sand Beach Volley Swim Shorts', 6857683, '44.99', '44.99', '0.0', 0, 1, 1, 1, 156, 65),
(918, 'Men\'s G-III Sports by Carl Banks Royal/Red Philadelphia 76ers Sand Beach Volley Swim Shorts', 6857693, '44.99', '44.99', '0.0', 0, 1, 1, 1, 156, 131),
(919, 'Men\'s G-III Sports by Carl Banks Royal New York Mets Sand Beach Volley Swim Shorts', 6857704, '44.99', '44.99', '0.0', 0, 1, 1, 1, 156, 131),
(920, 'Men\'s G-III Sports by Carl Banks Navy New York Yankees Wind Wave Swim Shorts', 6857711, '49.99', '49.99', '0.0', 0, 1, 1, 1, 156, 19),
(921, 'Men\'s G-III Sports by Carl Banks Blue/Orange New York Knicks Sand Beach Volley Swim Shorts', 6857724, '44.99', '44.99', '0.0', 0, 1, 1, 1, 156, 59),
(922, 'Men\'s G-III Sports by Carl Banks Red St. Louis Cardinals Sand Beach Volley Swim Shorts', 6857726, '44.99', '44.99', '0.0', 0, 1, 1, 1, 156, 65),
(923, 'Men\'s G-III Sports by Carl Banks Black Philadelphia Flyers Wind Wave Board Shorts', 6857744, '49.99', '49.99', '0.0', 0, 1, 1, 1, 156, 6),
(924, 'Men\'s Colosseum Maroon Mississippi State Bulldogs The Dude Swim Shorts', 6857745, '54.99', '54.99', '0.0', 0, 1, 1, 1, 155, 22),
(925, 'Men\'s G-III Sports by Carl Banks Black Pittsburgh Penguins Wind Wave Board Shorts', 6857748, '49.99', '49.99', '0.0', 0, 1, 1, 1, 156, 6),
(926, 'Men\'s G-III Sports by Carl Banks Blue New York Rangers Sand Beach Swim Shorts', 6857766, '44.99', '44.99', '0.0', 0, 1, 1, 1, 156, 59),
(927, 'Men\'s G-III Sports by Carl Banks Black Chicago White Sox Wind Wave Swim Shorts', 6857778, '49.99', '49.99', '0.0', 0, 1, 1, 1, 156, 6),
(928, 'Men\'s Colosseum Navy Ole Miss Rebels The Dude Swim Shorts', 6857820, '54.99', '54.99', '0.0', 0, 1, 1, 1, 155, 19),
(929, 'Men\'s Colosseum Orange Miami Hurricanes The Dude Swim Shorts', 6857846, '59.99', '59.99', '0.0', 0, 1, 1, 1, 155, 21),
(930, 'Men\'s G-III Sports by Carl Banks Red/Gray Detroit Red Wings Sand Beach Swim Shorts', 6857893, '44.99', '44.99', '0.0', 0, 1, 1, 1, 156, 65),
(931, 'Men\'s G-III Sports by Carl Banks Royal Chicago Cubs Wind Wave Swim Shorts', 6857929, '49.99', '49.99', '0.0', 0, 1, 1, 1, 156, 131),
(932, 'Men\'s G-III Sports by Carl Banks Navy Milwaukee Brewers Sand Beach Volley Swim Shorts', 6858116, '44.99', '44.99', '0.0', 0, 1, 1, 1, 156, 19),
(933, 'Men\'s G-III Sports by Carl Banks Red Washington Capitals Wind Wave Board Shorts', 6861748, '49.99', '49.99', '0.0', 0, 1, 1, 1, 156, 65),
(934, 'Men\'s G-III Sports by Carl Banks Red/Navy Washington Capitals Sand Beach Swim Shorts', 6861768, '44.99', '44.99', '0.0', 0, 1, 1, 1, 156, 65),
(935, 'Men\'s G-III Sports by Carl Banks Royal New York Rangers Wind Wave Board Shorts', 6862006, '49.99', '49.99', '0.0', 0, 1, 1, 1, 156, 131),
(936, 'Men\'s G-III Sports by Carl Banks Royal New York Islanders Sand Beach Swim Shorts', 6862058, '44.99', '44.99', '0.0', 0, 1, 1, 1, 156, 131),
(937, 'Men\'s G-III Sports by Carl Banks Black Chicago White Sox Sand Beach Volley Swim Shorts', 6862088, '44.99', '44.99', '0.0', 0, 1, 1, 1, 156, 6),
(938, 'Men\'s G-III Sports by Carl Banks Navy Boston Red Sox Sand Beach Volley Swim Shorts', 6862262, '44.99', '44.99', '0.0', 0, 1, 1, 1, 156, 19),
(939, 'Men\'s G-III Sports by Carl Banks Royal Chicago Cubs Sand Beach Volley Swim Shorts', 6862305, '44.99', '44.99', '0.0', 0, 1, 1, 1, 156, 131),
(940, 'Men\'s G-III Sports by Carl Banks Royal Tampa Bay Lightning Wind Wave Board Shorts', 6864982, '49.99', '49.99', '0.0', 0, 1, 1, 1, 156, 131),
(941, 'Union Waterproof Chukka Boot', 5228770, '74.96', '149.95', '4.7', 43, 1, 1, 1, 1, 70),
(942, 'Union Waterproof Chukka Boot', 5228770, '75.00', '150.00', '4.7', 43, 1, 1, 1, 1, 70),
(943, 'Walker Waterproof Chukka Boot', 5872524, '60.47', '109.95', '4.2', 5, 1, 1, 1, 14, 26),
(944, 'Maddox Chukka Boot', 5918495, '60.47', '109.95', '2.0', 3, 1, 1, 1, 14, 6),
(945, 'Maddox Chukka Boot', 5918495, '87.96', '109.95', '2.0', 3, 1, 1, 1, 14, 6),
(946, 'Toby Chukka Boot', 6501500, '125.00', '125.00', '0.0', 0, 1, 1, 1, 24, 12),
(947, 'Ice Bay Tall Waterproof Snow Boot', 5453439, '111.96', '159.95', '4.3', 62, 1, 1, 1, 19, 6),
(948, 'Higgins Mill Plain Toe Boot', 4366785, '425.00', '425.00', '4.5', 228, 1, 1, 1, 27, 11),
(949, 'Higgins Mill Plain Toe Boot', 4366785, '445.00', '445.00', '4.5', 228, 1, 1, 1, 27, 11),
(950, 'Wilder Chukka Boot', 5881281, '162.25', '295.00', '0.0', 0, 1, 1, 1, 27, 18),
(951, 'Wilder Chukka Boot', 5881281, '192.50', '275.00', '0.0', 0, 1, 1, 1, 27, 18),
(952, 'Patton Boot', 5424312, '425.00', '425.00', '4.5', 2, 1, 1, 1, 27, 25),
(953, 'Patton Boot', 5424312, '445.00', '445.00', '4.5', 2, 1, 1, 1, 27, 25),
(954, 'Newton Ridge™ Plus II Waterproof Hiking Boot', 5881002, '79.95', '79.95', '4.5', 2, 1, 1, 1, 56, 132),
(955, 'Newton Ridge™ Plus II Waterproof Hiking Boot', 5881002, '100.00', '100.00', '4.5', 2, 1, 1, 1, 56, 132),
(956, 'Chapman Plain Toe Boot', 6508906, '445.00', '445.00', '0.0', 0, 1, 1, 1, 27, 11),
(957, 'Chapman Plain Toe Boot', 6508906, '279.98', '445.00', '0.0', 0, 1, 1, 1, 27, 11),
(958, 'Revel Chelsea Boot', 6088968, '75.00', '75.00', '0.0', 0, 1, 1, 1, 38, 18),
(959, 'Revel Chelsea Boot', 6088968, '90.00', '90.00', '0.0', 0, 1, 1, 1, 38, 18),
(960, 'Chelsea Boot', 3501850, '219.95', '219.95', '4.4', 12, 1, 1, 1, 11, 6),
(961, 'Chelsea Boot', 3501850, '209.95', '209.95', '4.4', 12, 1, 1, 1, 11, 6),
(962, '\'Lumber Up\' Moc Toe Boot', 4093638, '125.00', '125.00', '0.0', 0, 1, 1, 1, 89, 19),
(963, '\'Lumber Up\' Moc Toe Boot', 4093638, '135.00', '135.00', '0.0', 0, 1, 1, 1, 89, 19),
(964, 'Rafi Plain Toe Boot', 5774287, '295.00', '295.00', '0.0', 0, 1, 1, 1, 101, 37),
(965, 'Rafi Plain Toe Boot', 5774287, '300.00', '300.00', '0.0', 0, 1, 1, 1, 101, 37),
(966, 'Rafi Plain Toe Boot', 5774287, '290.00', '290.00', '0.0', 0, 1, 1, 1, 101, 37),
(967, 'Rafa Chukka Boot', 5774284, '275.00', '275.00', '0.0', 0, 1, 1, 1, 140, 59),
(968, 'Rafa Chukka Boot', 5774284, '187.00', '265.00', '0.0', 0, 1, 1, 1, 140, 59),
(969, 'Rafa Chukka Boot', 5774284, '265.00', '265.00', '0.0', 0, 1, 1, 1, 140, 59),
(970, 'Silverlake Moc Toe Boot', 6817157, '212.50', '425.00', '0.0', 0, 1, 1, 1, 27, 18),
(971, 'Silverlake Moc Toe Boot', 6817157, '249.98', '425.00', '0.0', 0, 1, 1, 1, 27, 18),
(972, 'Desert Chukka Boot', 4647736, '150.00', '150.00', '3.9', 158, 1, 1, 1, 36, 133),
(973, 'Desert Chukka Boot', 4647736, '149.95', '149.95', '3.9', 158, 1, 1, 1, 36, 133),
(974, 'Wallabee Chukka Boot', 5741071, '170.00', '170.00', '3.9', 110, 1, 1, 1, 36, 54),
(975, 'Wallabee Chukka Boot', 5741071, '160.00', '160.00', '3.9', 110, 1, 1, 1, 36, 54),
(976, 'Max Water Resistant Lug Chelsea Boot', 5918492, '59.99', '99.95', '3.2', 6, 1, 1, 1, 14, 5),
(977, 'Romero Leather Boot', 6499971, '197.50', '395.00', '4.3', 4, 1, 1, 1, 81, 18),
(978, 'Romero Leather Boot', 6499971, '237.00', '395.00', '4.3', 4, 1, 1, 1, 81, 18),
(979, '\'Original Tall\' Rain Boot', 3736862, '150.00', '150.00', '4.3', 383, 1, 1, 1, 22, 6),
(980, '\'Original Tall\' Rain Boot', 3736862, '155.00', '155.00', '4.3', 383, 1, 1, 1, 22, 6),
(981, 'Caravan Shoe', 6570522, '200.00', '200.00', '0.0', 0, 1, 1, 1, 36, 11),
(982, 'Caravan Shoe', 6570522, '219.95', '219.95', '0.0', 0, 1, 1, 1, 36, 11),
(983, 'Originals \'Desert\' Boot', 2779752, '130.00', '130.00', '4.3', 227, 1, 1, 1, 36, 39),
(984, 'Originals \'Desert\' Boot', 2779752, '150.00', '150.00', '4.3', 227, 1, 1, 1, 36, 39),
(985, 'Dash Waterproof Boot', 5794863, '183.00', '275.00', '5.0', 1, 1, 1, 1, 102, 6),
(986, 'Dash Waterproof Boot', 5794863, '196.00', '275.00', '5.0', 1, 1, 1, 1, 102, 6),
(987, 'Chapman Wingtip Boot', 6468291, '222.50', '445.00', '5.0', 1, 1, 1, 1, 27, 11),
(988, 'Chapman Wingtip Boot', 6468291, '279.98', '445.00', '5.0', 1, 1, 1, 1, 27, 11),
(989, 'Dev Chelsea Boot', 5184218, '160.00', '160.00', '4.9', 21, 1, 1, 1, 51, 7),
(990, 'Dev Chelsea Boot', 5184218, '180.00', '180.00', '4.9', 21, 1, 1, 1, 51, 7),
(991, 'Hamilton Wingtip Chukka Boot', 5424282, '425.00', '425.00', '5.0', 3, 1, 1, 1, 27, 32),
(992, 'Hamilton Wingtip Chukka Boot', 5424282, '445.00', '445.00', '5.0', 3, 1, 1, 1, 27, 32),
(993, 'Cruz Water Resistant Chelsea Boot', 6422430, '200.00', '200.00', '0.0', 0, 1, 1, 1, 113, 5),
(994, 'Cruz Water Resistant Chelsea Boot', 6422430, '165.00', '200.00', '0.0', 0, 1, 1, 1, 113, 5),
(995, 'Silverlake Moc Toe Boot', 5913319, '297.50', '425.00', '0.0', 0, 1, 1, 1, 27, 6),
(996, 'Silverlake Moc Toe Boot', 5913319, '249.98', '425.00', '0.0', 0, 1, 1, 1, 27, 6),
(997, 'Neuman Chukka', 6632589, '146.25', '195.00', '0.0', 0, 1, 1, 1, 79, 6),
(998, 'Terrex Free Parley Trail Hiking Boot', 5518729, '112.50', '150.00', '4.7', 290, 1, 1, 1, 23, 13),
(999, 'Maxwell Water Resistant Boot', 5918491, '64.99', '99.95', '0.0', 0, 1, 1, 1, 14, 14),
(1000, 'Maxwell Water Resistant Boot', 5918491, '59.96', '99.95', '0.0', 0, 1, 1, 1, 14, 14),
(1001, 'Matthews Chelsea Boot', 6087929, '265.00', '265.00', '0.0', 0, 1, 1, 1, 17, 18),
(1002, 'Matthews Chelsea Boot', 6087929, '159.00', '265.00', '0.0', 0, 1, 1, 1, 17, 18),
(1003, 'Hamilton Wingtip Waterproof Chukka Boot', 5786386, '445.00', '445.00', '0.0', 0, 1, 1, 1, 27, 11),
(1004, 'Hamilton Wingtip Waterproof Chukka Boot', 5786386, '425.00', '425.00', '0.0', 0, 1, 1, 1, 27, 11),
(1005, 'Chukka Boot', 6422436, '180.00', '180.00', '0.0', 0, 1, 1, 1, 113, 72),
(1006, 'Chukka Boot', 6422436, '160.00', '160.00', '0.0', 0, 1, 1, 1, 113, 72),
(1007, 'Park City Waterproof Boot', 5786371, '279.98', '445.00', '5.0', 1, 1, 1, 1, 27, 39),
(1008, 'Park City Waterproof Boot', 5786371, '445.00', '445.00', '5.0', 1, 1, 1, 1, 27, 39),
(1009, 'Andres All Weather Water Resistant Boot', 6422445, '209.00', '260.00', '5.0', 1, 1, 1, 1, 113, 6),
(1010, 'Andres All Weather Water Resistant Boot', 6422445, '260.00', '260.00', '5.0', 1, 1, 1, 1, 113, 6),
(1011, 'Targhee III Mid Waterproof Hiking Boot', 5063485, '175.00', '175.00', '5.0', 3, 1, 1, 1, 30, 26),
(1012, 'Targhee III Mid Waterproof Hiking Boot', 5063485, '165.00', '165.00', '5.0', 3, 1, 1, 1, 30, 26),
(1013, 'Alal Low Duck Boot', 6829906, '92.25', '205.00', '0.0', 0, 1, 1, 1, 127, 6),
(1014, 'Alal Low Duck Boot', 6829906, '123.00', '205.00', '0.0', 0, 1, 1, 1, 127, 6),
(1015, 'Neumel Suede Boot', 5935528, '90.00', '150.00', '4.8', 25, 1, 1, 1, 1, 13),
(1016, 'Bradley II Boot', 5842030, '275.00', '275.00', '0.0', 0, 1, 1, 1, 48, 7),
(1017, 'Bradley II Boot', 5842030, '265.00', '265.00', '0.0', 0, 1, 1, 1, 48, 7),
(1018, '4.Zerogrand Waterproof Chukka Boot', 6621014, '120.00', '240.00', '0.0', 0, 1, 1, 1, 10, 45),
(1019, '4.Zerogrand Waterproof Chukka Boot', 6621014, '156.00', '240.00', '0.0', 0, 1, 1, 1, 10, 45),
(1020, 'Mateo All Weather Water Resistant Boot', 6422438, '260.00', '260.00', '0.0', 0, 1, 1, 1, 113, 72),
(1021, 'Roni Chelsea Boot', 5774283, '275.00', '275.00', '0.0', 0, 1, 1, 1, 101, 6),
(1022, 'Roni Chelsea Boot', 5774283, '290.00', '290.00', '0.0', 0, 1, 1, 1, 101, 6),
(1023, 'The Everyday Water Resistant Chukka Boot', 6706552, '82.46', '109.95', '0.0', 0, 1, 1, 1, 135, 11),
(1024, 'Madson II Waterproof Chukka Boot', 5887533, '190.00', '190.00', '4.5', 31, 1, 1, 1, 35, 67),
(1025, 'Madson II Waterproof Chukka Boot', 5887533, '175.00', '175.00', '4.5', 31, 1, 1, 1, 35, 67),
(1026, 'Desert Coal Chukka Boot', 5885809, '160.00', '160.00', '4.0', 3, 1, 1, 1, 36, 84),
(1027, 'Desert Coal Chukka Boot', 5885809, '180.00', '180.00', '4.0', 3, 1, 1, 1, 36, 84),
(1028, 'Puddle Waterproof Chelsea Rain Boot', 5971856, '690.00', '690.00', '0.0', 0, 1, 1, 1, 52, 134),
(1029, 'Puddle Waterproof Chelsea Rain Boot', 5971856, '650.00', '650.00', '0.0', 0, 1, 1, 1, 52, 134),
(1030, 'Original Play Waterproof Boot', 5479762, '95.00', '95.00', '4.6', 165, 1, 1, 1, 22, 6),
(1031, 'Original Play Waterproof Boot', 5479762, '98.00', '98.00', '4.6', 165, 1, 1, 1, 22, 6),
(1032, 'Water Resistant Chelsea Boot', 5872543, '79.96', '99.95', '5.0', 3, 1, 1, 1, 37, 13),
(1033, 'Water Resistant Chelsea Boot', 5872543, '99.95', '99.95', '5.0', 3, 1, 1, 1, 37, 13),
(1034, 'Water Resistant Chelsea Boot', 5872543, '54.99', '99.95', '5.0', 3, 1, 1, 1, 37, 13),
(1035, 'William Waterproof Side Zip Boot', 5918496, '129.95', '129.95', '4.8', 4, 1, 1, 1, 14, 40),
(1036, 'ZeroGrand Omni Waterproof Boot', 6621025, '199.99', '320.00', '0.0', 0, 1, 1, 1, 10, 6),
(1037, 'ZeroGrand Omni Waterproof Boot', 6621025, '144.00', '320.00', '0.0', 0, 1, 1, 1, 10, 6),
(1038, 'Biltmore Waterproof Chelsea Boot', 6421334, '139.95', '139.95', '4.6', 95, 1, 1, 1, 1, 107),
(1039, 'Biltmore Waterproof Chelsea Boot', 6421334, '140.00', '140.00', '4.6', 95, 1, 1, 1, 1, 107),
(1040, 'Original Waterproof Chelsea Rain Boot', 5758814, '135.00', '135.00', '4.4', 134, 1, 1, 1, 22, 19),
(1041, 'Original Waterproof Chelsea Rain Boot', 5758814, '140.00', '140.00', '4.4', 134, 1, 1, 1, 22, 19),
(1042, 'Walker Waterproof Chukka Boot', 6110388, '65.99', '109.95', '4.2', 5, 1, 1, 1, 14, 26),
(1043, 'Walker Waterproof Chukka Boot', 6110388, '60.47', '109.95', '4.2', 5, 1, 1, 1, 14, 26),
(1044, 'Turn Gore-Tex® Waterproof Chukka Boot', 4381575, '229.95', '229.95', '4.5', 24, 1, 1, 1, 13, 6),
(1045, 'Turn Gore-Tex® Waterproof Chukka Boot', 4381575, '126.47', '229.95', '4.5', 24, 1, 1, 1, 13, 6),
(1046, 'All Weather Chelsea Boot', 6422513, '230.00', '230.00', '0.0', 0, 1, 1, 1, 113, 11),
(1047, 'Desert 221 Boot', 5885853, '310.00', '310.00', '5.0', 3, 1, 1, 1, 36, 84),
(1048, 'Desert 221 Boot', 5885853, '230.00', '230.00', '5.0', 3, 1, 1, 1, 36, 84),
(1049, 'Chelsea Boot', 3331086, '219.95', '219.95', '4.6', 16, 1, 1, 1, 11, 6),
(1050, 'Chelsea Boot', 3331086, '209.95', '209.95', '4.6', 16, 1, 1, 1, 11, 6),
(1051, 'Chelsea Boot', 3331086, '199.95', '199.95', '4.6', 16, 1, 1, 1, 11, 6),
(1052, '\'Lumber Up\' Moc Toe Boot', 6609413, '135.00', '135.00', '0.0', 0, 1, 1, 1, 89, 12),
(1053, '\'Lumber Up\' Moc Toe Boot', 6609413, '125.00', '125.00', '0.0', 0, 1, 1, 1, 89, 12),
(1054, 'Desert Trek Chukka Boot', 4642822, '150.00', '150.00', '4.7', 82, 1, 1, 1, 36, 39),
(1055, 'Desert Trek Chukka Boot', 4642822, '140.00', '140.00', '4.7', 82, 1, 1, 1, 36, 39),
(1056, 'Wimberley Boot', 5954135, '297.00', '495.00', '0.0', 0, 1, 1, 1, 16, 6),
(1057, 'Wimberley Boot', 5954135, '222.75', '495.00', '0.0', 0, 1, 1, 1, 16, 6),
(1058, 'Dax Waterproof Chelsea Boot', 5794859, '183.00', '275.00', '0.0', 0, 1, 1, 1, 102, 6),
(1059, 'Dax Waterproof Chelsea Boot', 5794859, '196.00', '275.00', '0.0', 0, 1, 1, 1, 102, 6),
(1060, 'Dalton Wingtip Boot', 3180220, '475.00', '475.00', '4.4', 379, 1, 1, 1, 27, 96),
(1061, 'Dalton Wingtip Boot', 3180220, '445.00', '445.00', '4.4', 379, 1, 1, 1, 27, 96),
(1062, 'Myke Plain Toe Boot', 5774285, '280.00', '280.00', '0.0', 0, 1, 1, 1, 101, 11),
(1063, 'Myke Plain Toe Boot', 5774285, '300.00', '300.00', '0.0', 0, 1, 1, 1, 101, 11);

-- --------------------------------------------------------

--
-- Table structure for table `boots_brand`
--

CREATE TABLE `boots_brand` (
  `boots_brand_id` int(11) NOT NULL,
  `name` varchar(50) DEFAULT NULL
) ENGINE=InnoDB DEFAULT CHARSET=utf8mb4 COLLATE=utf8mb4_0900_ai_ci;

--
-- Dumping data for table `boots_brand`
--

INSERT INTO `boots_brand` (`boots_brand_id`, `name`) VALUES
(1, 'UGG®'),
(2, 'Dr. Martens'),
(3, 'Palladium'),
(4, 'Johnston & Murphy'),
(5, 'Timberland'),
(6, 'Magnanni'),
(7, 'Converse'),
(8, 'OluKai'),
(9, 'Ted Baker London'),
(10, 'Cole Haan'),
(11, 'Blundstone Footwear'),
(12, 'Kodiak'),
(13, 'ECCO'),
(14, 'Nordstrom'),
(15, 'Under Armour'),
(16, 'To Boot New York'),
(17, 'Gordon Rush'),
(18, 'L.L.Bean'),
(19, 'Sperry'),
(20, 'HOKA ONE ONE'),
(21, 'Barbour'),
(22, 'Hunter'),
(23, 'adidas'),
(24, 'Blake Mckay'),
(25, 'Børn'),
(26, 'Wolverine'),
(27, 'Allen Edmonds'),
(28, 'Florsheim'),
(29, 'Rodd & Gunn'),
(30, 'KEEN'),
(31, 'Steve Madden'),
(32, 'Bogs'),
(33, 'Teva'),
(34, 'The North Face'),
(35, 'SOREL'),
(36, 'Clarks®'),
(37, 'BP.'),
(38, 'Chaco'),
(39, 'Fear of God'),
(40, 'ALDO'),
(41, 'Season Three'),
(42, 'Gucci'),
(43, 'Earth®'),
(44, 'Flexi'),
(45, 'Acne Studios'),
(46, 'Spring Step'),
(47, 'Bruno Magli'),
(48, 'Bed Stu'),
(49, 'Ariat'),
(50, 'Mephisto'),
(51, 'Shoe The Bear'),
(52, 'Bottega Veneta'),
(53, 'Twisted X'),
(54, 'Dunham'),
(55, 'johnnie-O'),
(56, 'Columbia'),
(57, 'Belstaff'),
(58, 'Prada'),
(59, 'Blondo'),
(60, 'Christian Louboutin'),
(61, 'Good Man Brand'),
(62, 'Geox'),
(63, 'Saint Laurent'),
(64, 'Sandro Moscoloni'),
(65, 'Burberry'),
(66, 'John Varvatos'),
(67, 'HELM'),
(68, 'BILLY Footwear'),
(69, 'SAS'),
(70, 'AllSaints'),
(71, 'Bode'),
(72, 'Versace'),
(73, 'Lauren Ralph Lauren'),
(74, 'Alexander McQueen'),
(75, 'Rick Owens'),
(76, 'Minnetonka'),
(77, 'Warfield & Grand'),
(78, 'On'),
(79, 'Camper'),
(80, 'Propét'),
(81, 'Vince'),
(82, 'Valentino Garavani'),
(83, 'Santoni'),
(84, 'Kenneth Cole'),
(85, 'Off-White'),
(86, 'ZEGNA'),
(87, 'Kurt Geiger London'),
(88, 'Koio'),
(89, 'Eastland'),
(90, 'Josef Seibel'),
(91, 'Vasque'),
(92, 'Spyder'),
(93, 'Salvatore Ferragamo'),
(94, 'Ross & Snow'),
(95, 'Baffin'),
(96, 'BOSS'),
(97, 'SeaVees'),
(98, 'Wolf & Shepherd'),
(99, 'Alden'),
(100, 'MM6 Maison Margiela'),
(101, 'Fly London'),
(102, 'Bos. & Co.'),
(103, 'Valentino'),
(104, 'Mezlan'),
(105, 'AMIRI'),
(106, 'John Galliano Paris'),
(107, 'Sanuk'),
(108, 'Naot'),
(109, 'Dr. Scholl\'s'),
(110, 'Vince Camuto'),
(111, 'Zanzara'),
(112, 'Emporio Armani'),
(113, 'Nisolo'),
(114, 'DIESEL®'),
(115, 'Donald Pliner'),
(116, 'Asportuguesas by Fly London'),
(117, 'Lacoste'),
(118, 'Common Projects'),
(119, 'Premiata'),
(120, 'Red Wing'),
(121, 'Merrell'),
(122, 'Paul Stuart'),
(123, 'TOMS'),
(124, 'JM WESTON'),
(125, 'Thom Browne'),
(126, 'Rockport'),
(127, 'Suicoke'),
(128, 'Swims'),
(129, 'Marsèll'),
(130, 'Raf Simons Runner'),
(131, 'Outdoor Research'),
(132, 'Calvin Klein'),
(133, 'Blackstone'),
(134, 'John Varvatos Star USA'),
(135, 'Hush Puppies®'),
(136, 'Givenchy'),
(137, 'Brunello Cucinelli'),
(138, 'Vans'),
(139, 'Karl Lagerfeld Paris'),
(140, 'Softinos by Fly London'),
(141, 'SKECHERS'),
(142, 'Stonefly'),
(143, 'Unity in Diversity'),
(144, 'K.NGSLEY'),
(145, 'Balenciaga'),
(146, 'Ike Behar'),
(147, 'Moncler'),
(148, 'Maison Margiela'),
(149, 'Robert Graham'),
(150, 'English Laundry'),
(151, 'Dries Van Noten'),
(152, 'Church\'s'),
(153, 'Fendi'),
(154, 'PARABOOT'),
(155, 'COLOSSEUM'),
(156, 'G-III SPORTS BY CARL BANKS');

-- --------------------------------------------------------

--
-- Table structure for table `boots_color`
--

CREATE TABLE `boots_color` (
  `boots_color_id` int(11) NOT NULL,
  `name` varchar(10) DEFAULT NULL
) ENGINE=InnoDB DEFAULT CHARSET=utf8mb4 COLLATE=utf8mb4_0900_ai_ci;

--
-- Dumping data for table `boots_color`
--

INSERT INTO `boots_color` (`boots_color_id`, `name`) VALUES
(1, 'WCT'),
(2, '219'),
(3, '006'),
(4, '316'),
(5, '201'),
(6, '001'),
(7, '230'),
(8, '002'),
(9, '300'),
(10, '215'),
(11, '200'),
(12, '206'),
(13, '210'),
(14, '235'),
(15, '243'),
(16, '470'),
(17, 'WHE'),
(18, '020'),
(19, '410'),
(20, '240'),
(21, '800'),
(22, '601'),
(23, '008'),
(24, '003'),
(25, '010'),
(26, '202'),
(27, '340'),
(28, '339'),
(29, '411'),
(30, '237'),
(31, 'BLK'),
(32, '212'),
(33, '249'),
(34, '239'),
(35, '247'),
(36, '203'),
(37, '021'),
(38, '246'),
(39, '204'),
(40, '030'),
(41, '286'),
(42, '221'),
(43, '407'),
(44, '223'),
(45, '205'),
(46, '012'),
(47, '013'),
(48, '231'),
(49, '023'),
(50, '100'),
(51, '005'),
(52, '209'),
(53, '101'),
(54, '250'),
(55, '248'),
(56, '260'),
(57, '302'),
(58, '251'),
(59, '400'),
(60, '004'),
(61, '208'),
(62, '033'),
(63, '236'),
(64, '244'),
(65, '600'),
(66, '022'),
(67, '245'),
(68, '801'),
(69, '930'),
(70, '207'),
(71, '301'),
(72, '211'),
(73, '241'),
(74, '145'),
(75, '373'),
(76, '307'),
(77, '069'),
(78, '220'),
(79, '401'),
(80, '383'),
(81, '025'),
(82, '116'),
(83, '009'),
(84, '007'),
(85, '228'),
(86, '700'),
(87, '214'),
(88, '309'),
(89, '233'),
(90, '015'),
(91, '420'),
(92, '263'),
(93, '093'),
(94, '310'),
(95, '029'),
(96, '213'),
(97, '303'),
(98, '217'),
(99, '384'),
(100, '402'),
(101, '404'),
(102, '262'),
(103, '016'),
(104, '027'),
(105, '365'),
(106, '710'),
(107, '259'),
(108, '028'),
(109, '035'),
(110, '133'),
(111, '238'),
(112, '345'),
(113, '645'),
(114, '014'),
(115, '270'),
(116, '216'),
(117, '218'),
(118, '275'),
(119, '062'),
(120, '330'),
(121, '313'),
(122, '011'),
(123, '273'),
(124, '297'),
(125, '254'),
(126, '274'),
(127, '909'),
(128, '500'),
(129, '604'),
(130, '304'),
(131, '431'),
(132, '234'),
(133, '271'),
(134, '045');

-- --------------------------------------------------------

--
-- Table structure for table `category`
--

CREATE TABLE `category` (
  `category_id` int(11) NOT NULL,
  `name` varchar(20) DEFAULT NULL
) ENGINE=InnoDB DEFAULT CHARSET=utf8mb4 COLLATE=utf8mb4_0900_ai_ci;

--
-- Dumping data for table `category`
--

INSERT INTO `category` (`category_id`, `name`) VALUES
(1, 'Shoes'),
(2, 'Clothing');

-- --------------------------------------------------------

--
-- Table structure for table `department`
--

CREATE TABLE `department` (
  `department_id` int(11) NOT NULL,
  `name` varchar(20) DEFAULT NULL
) ENGINE=InnoDB DEFAULT CHARSET=utf8mb4 COLLATE=utf8mb4_0900_ai_ci;

--
-- Dumping data for table `department`
--

INSERT INTO `department` (`department_id`, `name`) VALUES
(1, 'Men'),
(2, 'Women');

-- --------------------------------------------------------

--
-- Table structure for table `flats`
--

CREATE TABLE `flats` (
  `flats_id` int(11) NOT NULL,
  `product_name` varchar(255) DEFAULT NULL,
  `sku` int(11) DEFAULT NULL,
  `price_current_usd` decimal(18,2) DEFAULT NULL,
  `price_retail_usd` decimal(18,2) DEFAULT NULL,
  `review_rating` decimal(18,1) DEFAULT NULL,
  `review_count` int(11) DEFAULT NULL,
  `department_id` int(11) DEFAULT NULL,
  `category_id` int(11) DEFAULT NULL,
  `sub_category_id` int(11) DEFAULT NULL,
  `flats_brand_id` int(11) DEFAULT NULL,
  `flats_color_id` int(11) DEFAULT NULL
) ENGINE=InnoDB DEFAULT CHARSET=utf8mb4 COLLATE=utf8mb4_0900_ai_ci;

--
-- Dumping data for table `flats`
--

INSERT INTO `flats` (`flats_id`, `product_name`, `sku`, `price_current_usd`, `price_retail_usd`, `review_rating`, `review_count`, `department_id`, `category_id`, `sub_category_id`, `flats_brand_id`, `flats_color_id`) VALUES
(1, '\'Traveler\' Slip-On', 3234591, '184.95', '184.95', '4.4', 233, 2, 1, 2, 1, 1),
(2, 'Right Nina Leather Ballerina Flat', 3887420, '145.00', '145.00', '4.3', 43, 2, 1, 2, 2, 1),
(3, 'Minnie Travel Ballet Flat', 3979217, '228.00', '228.00', '4.7', 3578, 2, 1, 2, 3, 2),
(4, 'Gigi Crystal Pointed Toe Flat', 4413571, '185.00', '185.00', '4.5', 177, 2, 1, 2, 4, 3),
(5, 'Samantha Half d\'Orsay Flat', 4549657, '99.00', '99.00', '4.3', 336, 2, 1, 2, 5, 4),
(6, 'Allegro Ballet Flat', 5105509, '100.00', '100.00', '4.0', 379, 2, 1, 2, 6, 1),
(7, 'Kimmy Flat', 5112062, '109.95', '109.95', '4.2', 15, 2, 1, 2, 7, 1),
(8, 'Starling Loafer', 5223598, '130.00', '130.00', '3.8', 29, 2, 1, 2, 8, 5),
(9, 'Merida Flat', 5452727, '160.00', '160.00', '4.6', 7, 2, 1, 2, 9, 1),
(10, 'Simpil Loafer', 5508564, '99.95', '99.95', '3.4', 13, 2, 1, 2, 10, 6),
(11, 'Ruby Quilted Logo Loafer', 5589339, '298.00', '298.00', '4.8', 29, 2, 1, 2, 3, 2),
(12, 'Havana Pointed Toe Flat', 5595803, '120.00', '120.00', '4.5', 25, 2, 1, 2, 5, 4),
(13, 'Student Platform Loafer', 5613623, '127.46', '169.95', '3.5', 29, 2, 1, 2, 11, 7),
(14, 'Georgia Square Toe Ballet Flat', 5700220, '248.00', '248.00', '4.5', 107, 2, 1, 2, 3, 2),
(15, 'Willa Loafer', 5716737, '129.95', '129.95', '4.2', 66, 2, 1, 2, 12, 8),
(16, 'Marley Driving Moccasin', 5717983, '130.00', '130.00', '3.9', 12, 2, 1, 2, 13, 1),
(17, 'Brin Ballet Flat', 5743311, '84.95', '84.95', '4.1', 14, 2, 1, 2, 14, 5),
(18, 'Kaula Pa\'a Kapa Convertible Espadrille', 5748796, '100.00', '100.00', '4.9', 10, 2, 1, 2, 15, 9),
(19, 'Hill Pointy Toe Flat', 5763482, '78.95', '78.95', '4.2', 40, 2, 1, 2, 16, 1),
(20, 'Mara Loafer', 5784694, '399.00', '399.00', '4.1', 8, 2, 1, 2, 17, 1),
(21, 'Samantha Half d\'Orsay Flat', 5816940, '99.00', '99.00', '4.3', 237, 2, 1, 2, 5, 5),
(22, 'Beale Flat', 5817038, '120.00', '120.00', '4.3', 28, 2, 1, 2, 5, 1),
(23, 'Angel Pointed Toe Flat', 5896050, '48.97', '99.00', '2.5', 4, 2, 1, 2, 18, 10),
(24, 'Pure Easy Loafer', 5899260, '110.00', '110.00', '4.2', 28, 2, 1, 2, 19, 11),
(25, 'The Skim Flat', 5899364, '150.00', '150.00', '4.3', 7, 2, 1, 2, 20, 12),
(26, 'Huarache Flat', 5913563, '130.00', '130.00', '4.3', 19, 2, 1, 2, 21, 13),
(27, 'Ankle Strap Pointed Toe Flat', 5915169, '99.00', '99.00', '4.8', 4, 2, 1, 2, 22, 14),
(28, 'Viola Skimmer Flat', 6090841, '150.00', '150.00', '4.5', 8, 2, 1, 2, 23, 15),
(29, 'Match Cutout Wedge Oxford', 6458757, '225.00', '225.00', '5.0', 1, 2, 1, 2, 24, 15),
(30, 'Nora Pointed Toe Flat', 6465879, '129.95', '129.95', '4.8', 4, 2, 1, 2, 25, 1),
(31, 'Diana Slingback Pointed Toe Flat', 6465890, '119.95', '119.95', '3.0', 1, 2, 1, 2, 25, 1),
(32, 'Avrie Slingback Flat', 6482251, '120.00', '120.00', '3.5', 2, 2, 1, 2, 26, 1),
(33, 'Corrine Knit Flat', 6505803, '39.99', '59.99', '3.9', 7, 2, 1, 2, 27, 16),
(34, 'Starling Disco Ball Glitter Flat', 6506099, '95.00', '140.00', '4.0', 3, 2, 1, 2, 8, 1),
(35, 'Juliana Pointed Toe Lace Flat', 6509354, '89.00', '89.00', '5.0', 1, 2, 1, 2, 22, 17),
(36, 'Vae Slingback Skimmer Flat', 6533028, '135.00', '135.00', '0.0', 0, 2, 1, 2, 13, 1),
(37, 'Georgia Ballet Flat', 6545728, '248.00', '248.00', '4.5', 11, 2, 1, 2, 3, 3),
(38, 'Ballet Loafer', 6545910, '298.00', '298.00', '4.9', 46, 2, 1, 2, 3, 18),
(39, 'Wanda Pointed Toe Flat', 6573392, '120.00', '120.00', '3.0', 2, 2, 1, 2, 28, 5),
(40, 'Zeldi Loafer', 6591783, '89.00', '89.00', '5.0', 1, 2, 1, 2, 29, 13),
(41, 'Zorie Bit Mule', 6591807, '89.00', '89.00', '5.0', 1, 2, 1, 2, 29, 13),
(42, 'Ingle Ankle Strap Flat', 6620594, '195.00', '195.00', '0.0', 0, 2, 1, 2, 24, 19),
(43, 'Whitney Pointed Toe Flat', 6621559, '120.00', '120.00', '3.7', 3, 2, 1, 2, 28, 17),
(44, 'Tucker Loafer', 6639825, '130.00', '130.00', '5.0', 2, 2, 1, 2, 28, 20),
(45, 'Riva Flat', 6653808, '130.00', '130.00', '0.0', 0, 2, 1, 2, 30, 1),
(46, 'Frey Waterproof Loafer', 6657431, '99.95', '99.95', '3.7', 3, 2, 1, 2, 31, 21),
(47, 'Tully Driver Shoe', 6669410, '130.00', '130.00', '0.0', 0, 2, 1, 2, 23, 5),
(48, 'True Colors Maxwell Flat', 6681206, '95.00', '95.00', '0.0', 0, 2, 1, 2, 5, 22),
(49, 'Lori Espadrille Flat', 6691830, '339.00', '339.00', '0.0', 0, 2, 1, 2, 32, 1),
(50, 'Lil Flat', 6691833, '369.00', '369.00', '0.0', 0, 2, 1, 2, 32, 23),
(51, 'Mareva Ballerina Flat', 6691973, '345.00', '345.00', '0.0', 0, 2, 1, 2, 32, 1),
(52, 'Elanndo Square Toe Ballet Flat', 6713593, '88.95', '88.95', '4.8', 6, 2, 1, 2, 33, 24),
(53, 'Ankle Strap Pointed Toe Flat', 6713766, '49.50', '99.00', '4.8', 4, 2, 1, 2, 22, 25),
(54, 'Emenlyn Loafer', 6748569, '110.00', '110.00', '5.0', 4, 2, 1, 2, 33, 1),
(55, 'Jutti Neat Flat', 6762240, '89.95', '89.95', '0.0', 0, 2, 1, 2, 34, 26),
(56, 'Elanna Leather Chain Link Loafer', 6778364, '59.40', '89.00', '4.0', 3, 2, 1, 2, 18, 15),
(57, 'Demi Knit Flat', 6823072, '84.00', '140.00', '5.0', 1, 2, 1, 2, 24, 1),
(58, 'Viola Skimmer Flat', 6835093, '120.00', '150.00', '4.5', 8, 2, 1, 2, 23, 27),
(59, 'Brixton Horsebit Convertible Loafer', 4178560, '880.00', '880.00', '4.7', 220, 2, 1, 2, 35, 1),
(60, 'Alpargata Slip-On', 4858651, '59.95', '59.95', '4.4', 41, 2, 1, 2, 34, 28),
(61, 'Anna Ballerina Flat', 4958185, '62.95', '62.95', '4.3', 34, 2, 1, 2, 36, 6),
(62, 'Pilar GG Matelassé Chevron Flat Espadrille', 5115459, '710.00', '710.00', '3.9', 45, 2, 1, 2, 35, 1),
(63, 'Fenja 01 Flat', 5137317, '119.95', '119.95', '4.7', 23, 2, 1, 2, 37, 3),
(64, 'Alba Skimmer', 5160583, '68.95', '68.95', '4.4', 58, 2, 1, 2, 38, 5),
(65, 'Delorse Flat', 5172333, '129.95', '129.95', '4.0', 13, 2, 1, 2, 39, 29),
(66, 'Robyn Flat', 5356821, '119.95', '119.95', '4.4', 130, 2, 1, 2, 12, 30),
(67, 'Jessa Loafer', 5376062, '328.00', '328.00', '4.8', 65, 2, 1, 2, 3, 31),
(68, 'Monogramme Logo Espadrille', 5446409, '495.00', '495.00', '4.1', 42, 2, 1, 2, 40, 32),
(69, 'Cherie Suede Flat', 5519320, '69.95', '69.95', '5.0', 1, 2, 1, 2, 7, 1),
(70, 'Cleo Ankle Strap Espadrille Flat', 5519398, '69.95', '69.95', '5.0', 2, 2, 1, 2, 7, 1),
(71, 'Jerez Perforated Loafer', 5556591, '160.00', '160.00', '5.0', 2, 2, 1, 2, 9, 18),
(72, 'Princetown Mule', 5666363, '820.00', '820.00', '4.2', 35, 2, 1, 2, 35, 1),
(73, 'Brixton Horsebit & Web Convertible Loafer', 5666365, '880.00', '880.00', '4.9', 16, 2, 1, 2, 35, 1),
(74, 'Seaport Penny Loafer', 5713635, '84.00', '119.95', '4.4', 63, 2, 1, 2, 41, 33),
(75, 'Lena Pointed Toe Flat', 5716736, '119.95', '119.95', '3.4', 49, 2, 1, 2, 12, 34),
(76, 'Ronnie Platform Loafer', 5792420, '120.00', '120.00', '3.0', 2, 2, 1, 2, 42, 4),
(77, 'Marley Driving Moccasin', 5877383, '130.00', '130.00', '0.0', 0, 2, 1, 2, 13, 18),
(78, 'Ferris Flat', 5884836, '109.00', '154.95', '3.0', 1, 2, 1, 2, 43, 1),
(79, 'Mimosa Ballet Flat', 5893213, '360.00', '360.00', '3.5', 4, 2, 1, 2, 17, 4),
(80, 'Hill Pointed Toe Flat', 5909789, '78.95', '78.95', '4.6', 5, 2, 1, 2, 16, 35),
(81, 'Emma Loafer', 5913558, '160.00', '160.00', '4.0', 4, 2, 1, 2, 21, 36),
(82, 'ModTray Penny Loafer', 5914833, '179.95', '179.95', '0.0', 0, 2, 1, 2, 10, 2),
(83, 'T Monogram Espadrille Flat', 5929517, '228.00', '228.00', '4.6', 29, 2, 1, 2, 3, 28),
(84, 'Camden Pointed Toe Slingback Flat', 5947058, '99.00', '99.00', '5.0', 1, 2, 1, 2, 22, 19),
(85, 'Mireya Knit Flat', 5961261, '59.95', '59.95', '3.8', 5, 2, 1, 2, 44, 37),
(86, 'Hathaway Flat', 5961269, '84.95', '84.95', '3.2', 5, 2, 1, 2, 44, 38),
(87, 'Justine Penny Loafer', 6137374, '375.00', '375.00', '4.3', 3, 2, 1, 2, 32, 39),
(88, 'Michaela Mary Jane Flat', 6402978, '130.00', '130.00', '4.9', 12, 2, 1, 2, 28, 1),
(89, 'Etienne Aginer Tonne Flat', 6424737, '55.77', '137.95', '0.0', 0, 2, 1, 2, 45, 40),
(90, 'Safi Flat', 6463183, '99.95', '99.95', '0.0', 0, 2, 1, 2, 46, 1),
(91, 'Sheryl Moc Toe Loafer', 6512437, '425.00', '425.00', '5.0', 1, 2, 1, 2, 17, 41),
(92, 'Pilar Espadrille Flat', 6523355, '590.00', '590.00', '4.0', 3, 2, 1, 2, 35, 42),
(93, 'Farrah Loafer', 6528930, '87.75', '135.00', '0.0', 0, 2, 1, 2, 47, 29),
(94, 'Harald Horsebit Platform Loafer', 6529516, '1100.00', '1100.00', '4.3', 6, 2, 1, 2, 35, 1),
(95, 'Pompom Pointed Toe Flat', 6545913, '229.60', '328.00', '0.0', 0, 2, 1, 2, 3, 20),
(96, 'Haazel Platform Loafer', 6547259, '79.00', '79.00', '0.0', 0, 2, 1, 2, 48, 17),
(97, 'Lillie Logo Ballet Flat', 6551085, '86.25', '115.00', '3.2', 25, 2, 1, 2, 47, 43),
(98, 'Pep Chunky Moc Toe Loafer', 6553536, '99.95', '99.95', '4.7', 6, 2, 1, 2, 49, 5),
(99, 'T Monogram Flatform Espadrille', 6580945, '298.00', '298.00', '0.0', 0, 2, 1, 2, 3, 15),
(100, 'Bowie Bow Mule', 6581764, '69.30', '99.00', '5.0', 1, 2, 1, 2, 42, 4),
(101, 'Pure T-Bar Mary Jane Flat', 6590068, '120.00', '120.00', '4.7', 3, 2, 1, 2, 19, 44),
(102, 'Doria Pointed Toe Flat', 6610841, '119.95', '119.95', '0.0', 0, 2, 1, 2, 25, 1),
(103, 'Caia Pointed Toe Slingback Flat', 6610842, '119.95', '119.95', '0.0', 0, 2, 1, 2, 25, 9),
(104, 'Susmita Loafer', 6640699, '114.95', '114.95', '5.0', 1, 2, 1, 2, 44, 1),
(105, 'Marisol Flat', 6644437, '130.00', '130.00', '0.0', 0, 2, 1, 2, 28, 45),
(106, 'Crystal Pavé Pointed Toe Flat', 6670333, '109.00', '109.00', '0.0', 0, 2, 1, 2, 50, 5),
(107, 'Kristin Half d\'Orsay Flat', 6681213, '109.95', '109.95', '0.0', 0, 2, 1, 2, 5, 5),
(108, 'Softy Flat', 6693724, '415.00', '415.00', '5.0', 1, 2, 1, 2, 17, 46),
(109, 'Logan Platform Mule', 6705864, '395.00', '395.00', '0.0', 0, 2, 1, 2, 51, 1),
(110, 'Ulla Espadrille', 6726053, '230.00', '230.00', '0.0', 0, 2, 1, 2, 52, 1),
(111, 'Canary Slingback Flat', 6751060, '110.00', '110.00', '0.0', 0, 2, 1, 2, 53, 3),
(112, 'Sandaze Ballet Flat', 6761970, '78.95', '78.95', '0.0', 0, 2, 1, 2, 54, 5),
(113, 'Brook Flat', 6766340, '109.95', '109.95', '0.0', 0, 2, 1, 2, 7, 1),
(114, 'Caroll Street Loafer', 6767326, '109.00', '155.00', '0.0', 0, 2, 1, 2, 43, 28),
(115, 'Diana St Loafer', 6769257, '109.95', '155.00', '0.0', 0, 2, 1, 2, 43, 28),
(116, 'Hanna Flat', 6779812, '300.00', '300.00', '2.4', 5, 2, 1, 2, 32, 47),
(117, 'Honesty Flat', 6799285, '109.95', '109.95', '0.0', 0, 2, 1, 2, 55, 48),
(118, 'Marley Driving Moccasin', 6800198, '130.00', '130.00', '3.9', 12, 2, 1, 2, 13, 6),
(119, 'Right Nina Mary Jane Flat', 6803033, '155.00', '155.00', '0.0', 0, 2, 1, 2, 2, 1),
(120, 'Michaela Mary Jane Flat', 6835169, '77.96', '130.00', '4.7', 59, 2, 1, 2, 28, 8),
(121, '\'Campana Papel VII\' Jelly Flat', 3834364, '89.00', '89.00', '4.4', 57, 2, 1, 2, 56, 49),
(122, '\'Jillian\' Loafer', 4103896, '248.00', '248.00', '4.3', 32, 2, 1, 2, 57, 50),
(123, 'Pure Viola Flat', 4983317, '110.00', '110.00', '4.1', 80, 2, 1, 2, 19, 28),
(124, 'Sualli Flat', 5056385, '100.00', '100.00', '0.0', 0, 2, 1, 2, 58, 18),
(125, 'Eloise Bow Flat', 5395296, '164.95', '164.95', '4.4', 7, 2, 1, 2, 59, 51),
(126, 'Pippa 07 Flat', 5452228, '119.95', '119.95', '4.4', 128, 2, 1, 2, 37, 4),
(127, 'Lenna Penny Loafer', 5475920, '119.96', '159.95', '3.9', 16, 2, 1, 2, 11, 52),
(128, 'Grace Piper Ballet Flat', 5502317, '100.00', '100.00', '4.3', 14, 2, 1, 2, 19, 44),
(129, 'Pilar Espadrille Flat', 5525805, '670.00', '670.00', '3.8', 17, 2, 1, 2, 35, 53),
(130, 'Seaport Penny Loafer', 5574706, '84.00', '119.95', '4.4', 63, 2, 1, 2, 41, 1),
(131, 'Arissa Square Toe Ballet Flat', 5635579, '88.00', '88.00', '4.3', 54, 2, 1, 2, 60, 5),
(132, 'Bambi Slingback Skimmer Flat', 5703107, '89.00', '89.00', '3.6', 20, 2, 1, 2, 22, 30),
(133, 'Kathaleta Flat', 5737243, '109.95', '109.95', '4.4', 5, 2, 1, 2, 39, 1),
(134, 'Jacey Wedge', 5754293, '109.95', '109.95', '4.0', 36, 2, 1, 2, 12, 28),
(135, 'Sunny Espadrille Flat', 5803175, '125.00', '125.00', '5.0', 1, 2, 1, 2, 61, 37),
(136, '\'Marcella\' Weatherproof Ballerina Flat', 5804149, '395.00', '395.00', '3.7', 9, 2, 1, 2, 62, 1),
(137, 'Corrine Knit Flat', 5842622, '59.99', '59.99', '3.9', 7, 2, 1, 2, 27, 1),
(138, 'True Colors Maxwell Flat', 5851553, '79.00', '79.00', '4.2', 39, 2, 1, 2, 5, 36),
(139, 'Elanna Leather Chain Link Loafer', 5852729, '89.00', '89.00', '4.0', 3, 2, 1, 2, 18, 1),
(140, 'Jessa Pointed Toe Loafer', 5876429, '348.00', '348.00', '4.8', 45, 2, 1, 2, 3, 18),
(141, 'Park Ave Loafer', 5884852, '174.95', '174.95', '5.0', 3, 2, 1, 2, 43, 28),
(142, 'Ronah Flat', 5931066, '95.95', '95.95', '5.0', 1, 2, 1, 2, 63, 19),
(143, 'Honor Flat', 5933522, '114.95', '114.95', '0.0', 0, 2, 1, 2, 55, 18),
(144, 'Halsey Slingback Flat', 5934298, '99.95', '99.95', '0.0', 0, 2, 1, 2, 55, 54),
(145, 'Hanny Flat', 5934299, '135.95', '135.95', '0.0', 0, 2, 1, 2, 55, 55),
(146, 'Hellen Loafer', 5963706, '49.99', '125.00', '4.0', 7, 2, 1, 2, 26, 18),
(147, 'Prenten Loafer', 5966767, '53.40', '89.95', '3.3', 12, 2, 1, 2, 33, 56),
(148, 'Vesper Suede Flat', 6036844, '130.00', '130.00', '5.0', 1, 2, 1, 2, 8, 57),
(149, 'Eileen Loafer', 6403084, '90.00', '90.00', '3.7', 3, 2, 1, 2, 64, 1),
(150, 'Felicia Flat', 6406423, '120.00', '120.00', '0.0', 0, 2, 1, 2, 28, 58),
(151, 'Square Toe Ballerina Flat', 6412122, '395.00', '395.00', '4.0', 2, 2, 1, 2, 65, 5),
(152, 'Casi Myra Flat', 6419653, '145.00', '145.00', '4.0', 4, 2, 1, 2, 2, 1),
(153, 'Alpargata Slip-On', 6433678, '59.95', '59.95', '4.4', 41, 2, 1, 2, 34, 59),
(154, 'Vivaldo Bow Loafer', 6440470, '795.00', '795.00', '0.0', 0, 2, 1, 2, 66, 5),
(155, 'Penny Loafer', 6442911, '231.00', '385.00', '4.0', 1, 2, 1, 2, 17, 1),
(156, 'Kenova Loafer', 6458424, '160.00', '160.00', '3.0', 2, 2, 1, 2, 67, 1),
(157, 'Fact Patent Leather Loafer', 6458785, '210.00', '210.00', '0.0', 0, 2, 1, 2, 24, 17),
(158, 'Shiraz Flat', 6463184, '99.95', '99.95', '0.0', 0, 2, 1, 2, 46, 1),
(159, 'Woven d\'Orsay Flat', 6476337, '79.95', '79.95', '2.0', 1, 2, 1, 2, 68, 60),
(160, 'Velviteen Bit Loafer', 6543275, '114.95', '114.95', '3.8', 13, 2, 1, 2, 11, 17),
(161, 'Pompom Pointed Toe Flat', 6545726, '229.60', '328.00', '0.0', 0, 2, 1, 2, 3, 61),
(162, 'Denise Flat', 6571640, '380.00', '380.00', '3.0', 1, 2, 1, 2, 17, 62),
(163, 'Monte Ballet Flat', 6576508, '119.95', '119.95', '0.0', 0, 2, 1, 2, 25, 1),
(164, 'Kristin Half d\'Orsay Flat', 6637763, '109.95', '109.95', '3.7', 3, 2, 1, 2, 5, 15),
(165, 'Romy Flat', 6641127, '99.00', '99.00', '0.0', 0, 2, 1, 2, 42, 63),
(166, 'Laurel Loafer', 6644403, '150.00', '150.00', '3.0', 1, 2, 1, 2, 28, 18),
(167, 'Monika Cap Toe Ballet Flat', 6650844, '320.00', '320.00', '0.0', 0, 2, 1, 2, 17, 41),
(168, 'Impress Ankle Strap Platform Espadrille', 6681189, '120.00', '120.00', '0.0', 0, 2, 1, 2, 5, 1),
(169, 'Kahlow Loafer', 6686601, '80.00', '80.00', '0.0', 0, 2, 1, 2, 69, 13),
(170, 'Nirvana Chill Loafer', 6706111, '64.95', '64.95', '0.0', 0, 2, 1, 2, 70, 6),
(171, 'Carlie Flat', 6712733, '79.00', '79.00', '0.0', 0, 2, 1, 2, 71, 1),
(172, 'Mireya Knit Flat', 6744742, '59.95', '59.95', '3.8', 5, 2, 1, 2, 44, 44),
(173, 'Omina Flat', 6747965, '75.00', '75.00', '5.0', 1, 2, 1, 2, 64, 17),
(174, 'Hibiscus Palm Espadrille Flat', 6771748, '85.00', '85.00', '0.0', 0, 2, 1, 2, 72, 1),
(175, 'Lauren Lace-Up Espadrille', 6771784, '85.00', '85.00', '0.0', 0, 2, 1, 2, 72, 1),
(176, 'Safe Flat', 6777932, '109.95', '109.95', '0.0', 0, 2, 1, 2, 73, 1),
(177, 'Vianna Flat', 6795315, '99.95', '99.95', '0.0', 0, 2, 1, 2, 46, 1),
(178, 'Estee Flat', 6797811, '130.00', '130.00', '4.0', 1, 2, 1, 2, 55, 56),
(179, 'Audrey Flat', 6799192, '109.95', '109.95', '0.0', 0, 2, 1, 2, 55, 1),
(180, '\'Serene\' Flat', 6800402, '144.95', '144.95', '4.2', 29, 2, 1, 2, 74, 5),
(181, 'Meryl Espadrille Flat', 6823097, '117.00', '195.00', '4.5', 2, 2, 1, 2, 52, 18),
(182, 'ModTray Penny Loafer', 6823181, '107.96', '179.95', '0.0', 0, 2, 1, 2, 10, 17),
(183, 'Thunderbird II Moccasin', 3132281, '57.95', '57.95', '4.3', 104, 2, 1, 2, 36, 1),
(184, 'Pippa 07 Flat', 4038276, '119.95', '119.95', '4.4', 128, 2, 1, 2, 37, 64),
(185, 'Jordaan Bit Loafer', 4089258, '880.00', '880.00', '4.8', 28, 2, 1, 2, 35, 1),
(186, '\'Total Motion - Adelyn\' Ballet Flat', 4327854, '99.95', '99.95', '3.9', 113, 2, 1, 2, 75, 1),
(187, '\'Marcella\' Weatherproof Ballerina Flat', 4391916, '395.00', '395.00', '3.7', 9, 2, 1, 2, 62, 28),
(188, 'Iriana Flat', 4635811, '189.95', '189.95', '4.3', 59, 2, 1, 2, 1, 1),
(189, 'Caroll Flat', 4963200, '119.95', '119.95', '4.2', 428, 2, 1, 2, 12, 28),
(190, 'Sually Flat', 5016688, '99.95', '99.95', '4.0', 61, 2, 1, 2, 58, 18),
(191, 'Harlowe Pointed Toe Loafer', 5106056, '99.95', '99.95', '4.0', 56, 2, 1, 2, 55, 65),
(192, 'Jelly Cutout Ballerina Flat', 5370888, '350.00', '350.00', '4.0', 7, 2, 1, 2, 66, 4),
(193, 'Bambi Slingback Skimmer Flat', 5387555, '89.00', '89.00', '3.6', 20, 2, 1, 2, 22, 66),
(194, 'Darcy Flat', 5539327, '89.95', '89.95', '5.0', 2, 2, 1, 2, 34, 62),
(195, 'Barocco Print Espadrille', 5582610, '395.00', '395.00', '3.3', 7, 2, 1, 2, 76, 4),
(196, 'Thunderbird II Moccasin', 5585969, '57.95', '57.95', '4.3', 104, 2, 1, 2, 36, 67),
(197, 'Multi Logo Ballet Flat', 5620565, '268.00', '268.00', '4.8', 113, 2, 1, 2, 3, 2),
(198, 'Billie Flat', 5684485, '174.95', '174.95', '5.0', 1, 2, 1, 2, 77, 1),
(199, 'Adiline Loafer', 5851051, '59.99', '115.00', '4.0', 7, 2, 1, 2, 5, 68),
(200, 'kiersten bow flat', 5854871, '138.00', '138.00', '2.0', 1, 2, 1, 2, 78, 5),
(201, 'Dustin Loafer', 5910643, '130.00', '130.00', '5.0', 5, 2, 1, 2, 5, 1),
(202, 'Universal Loafer', 5934108, '99.95', '99.95', '0.0', 0, 2, 1, 2, 55, 1),
(203, 'Liz III Flat', 5934395, '99.95', '99.95', '3.0', 1, 2, 1, 2, 55, 5),
(204, 'Serena Slingback Flat', 5942512, '128.00', '128.00', '0.0', 0, 2, 1, 2, 79, 1),
(205, 'Campana Flow Flat', 5953930, '90.00', '90.00', '5.0', 1, 2, 1, 2, 56, 19),
(206, 'Recess Platform Loafer', 6149395, '131.21', '174.95', '3.8', 4, 2, 1, 2, 11, 69),
(207, 'Almond Toe Flat', 6150190, '325.00', '325.00', '0.0', 0, 2, 1, 2, 80, 1),
(208, 'Woven Ballet Flat', 6150216, '155.00', '155.00', '0.0', 0, 2, 1, 2, 81, 19),
(209, 'Eleanor Flat', 6266867, '219.76', '328.00', '4.5', 15, 2, 1, 2, 3, 18),
(210, 'Breenan Faux Fur Loafer', 6290349, '69.27', '98.95', '4.0', 5, 2, 1, 2, 33, 43),
(211, 'Daneric Ballet Flat', 6410290, '41.40', '68.95', '4.3', 3, 2, 1, 2, 38, 60),
(212, 'Dash Mary Jane Flat', 6433783, '224.95', '224.95', '0.0', 0, 2, 1, 2, 82, 70),
(213, 'Clare Buckle Detail Embossed Flat', 6444321, '67.50', '135.00', '4.4', 7, 2, 1, 2, 26, 8),
(214, 'Fairpoint Croc Embossed Loafer', 6444710, '110.00', '110.00', '0.0', 0, 2, 1, 2, 41, 33),
(215, 'Twins Mismatched Flats', 6458334, '108.50', '155.00', '0.0', 0, 2, 1, 2, 2, 71),
(216, 'Xavar Ballet Flat', 6458874, '239.95', '239.95', '0.0', 0, 2, 1, 2, 83, 1),
(217, 'Ellery Wedge', 6463728, '109.95', '109.95', '0.0', 0, 2, 1, 2, 12, 1),
(218, 'Maple Mary Jane Flat', 6468733, '129.95', '129.95', '3.0', 1, 2, 1, 2, 25, 1),
(219, 'Etta Flat', 6488141, '89.95', '89.95', '4.0', 1, 2, 1, 2, 7, 72),
(220, 'Empire Flat', 6488144, '99.95', '99.95', '2.7', 3, 2, 1, 2, 7, 1),
(221, 'Blair Bit Loafer', 6546378, '200.00', '200.00', '2.0', 1, 2, 1, 2, 1, 18),
(222, 'Velvet Mystic Ankle Strap Flat', 6549789, '98.00', '98.00', '0.0', 0, 2, 1, 2, 84, 73),
(223, 'Danielle II Flat', 6560559, '180.00', '180.00', '4.2', 5, 2, 1, 2, 1, 18),
(224, 'Carter Lug Sole Loafer', 6562957, '550.00', '550.00', '0.0', 0, 2, 1, 2, 85, 1),
(225, 'Berkley Loafer', 6576509, '149.95', '149.95', '0.0', 0, 2, 1, 2, 25, 9),
(226, 'Campana Papel Flat', 6600457, '89.00', '89.00', '0.0', 0, 2, 1, 2, 56, 29),
(227, 'honey ballet flat', 6600607, '148.00', '148.00', '0.0', 0, 2, 1, 2, 78, 1),
(228, 'Heron Leather Flat', 6604445, '130.00', '130.00', '0.0', 0, 2, 1, 2, 8, 28),
(229, 'Agnes Loafer', 6608412, '140.00', '140.00', '0.0', 0, 2, 1, 2, 30, 1),
(230, 'Devir Flat', 6635897, '68.95', '68.95', '0.0', 0, 2, 1, 2, 38, 42),
(231, 'Collins Espadrille Flat', 6645690, '125.00', '125.00', '2.0', 1, 2, 1, 2, 13, 15),
(232, 'Dornet Flat', 6668784, '68.95', '68.95', '0.0', 0, 2, 1, 2, 38, 1),
(233, 'poppy pointed toe flat', 6677329, '198.00', '198.00', '0.0', 0, 2, 1, 2, 78, 4),
(234, 'Isley Platform Knit Espadrille', 6681233, '120.00', '120.00', '0.0', 0, 2, 1, 2, 5, 1),
(235, 'Graceful Pointed Toe Slingback Flat', 6687389, '120.00', '120.00', '0.0', 0, 2, 1, 2, 86, 1),
(236, 'Serena Ballet Flat', 6687775, '118.00', '118.00', '0.0', 0, 2, 1, 2, 79, 74),
(237, 'Arina Faux Leather Flat', 6688270, '89.95', '89.95', '0.0', 0, 2, 1, 2, 87, 4),
(238, 'Darcy Flat', 6689575, '89.95', '89.95', '5.0', 2, 2, 1, 2, 34, 1),
(239, 'Michaela Mary Jane Flat', 6692645, '130.00', '130.00', '0.0', 0, 2, 1, 2, 28, 19),
(240, 'Alex Penny Loafer', 6714913, '175.00', '175.00', '0.0', 0, 2, 1, 2, 67, 1),
(241, 'Bixby Pleated Leather Slingback Flat', 6766337, '109.95', '109.95', '0.0', 0, 2, 1, 2, 7, 1),
(242, 'East Village Penny Loafer', 6769184, '155.00', '155.00', '0.0', 0, 2, 1, 2, 43, 18),
(243, 'Ferris Flat', 6769186, '109.00', '155.00', '0.0', 0, 2, 1, 2, 43, 18),
(244, 'Boski Mule', 6770722, '80.00', '80.00', '5.0', 1, 2, 1, 2, 69, 65),
(245, 'Traveler Moc Loafer', 6791642, '79.99', '79.99', '0.0', 0, 2, 1, 2, 88, 1),
(246, 'Liz Loafer', 6799188, '109.95', '109.95', '0.0', 0, 2, 1, 2, 55, 29),
(247, 'Jessa Lug Slingback Loafer', 6803025, '398.00', '398.00', '0.0', 0, 2, 1, 2, 3, 3),
(248, 'Agnes Loafer', 6820593, '99.99', '140.00', '0.0', 0, 2, 1, 2, 30, 75),
(249, 'Sutton Moccasin', 6836461, '86.25', '115.00', '4.5', 32, 2, 1, 2, 47, 76),
(250, '\'Serene\' Flat', 3906600, '144.95', '144.95', '4.2', 29, 2, 1, 2, 74, 72),
(251, 'Catwalk Flat', 3908967, '59.95', '59.95', '4.1', 113, 2, 1, 2, 89, 72),
(252, '\'Me to We Artisans - Maasai\' Moccasin', 3944505, '64.95', '64.95', '4.6', 12, 2, 1, 2, 36, 77),
(253, '+ Jason Wu Jean Flat', 4131928, '98.00', '98.00', '4.4', 5, 2, 1, 2, 56, 4),
(254, '\'Barrie\' Flat', 4298028, '248.00', '248.00', '4.6', 16, 2, 1, 2, 57, 1),
(255, 'Jared Peep Toe Flat', 4565415, '69.95', '69.95', '4.7', 3, 2, 1, 2, 90, 78),
(256, 'Logo Espadrille Flat', 4956831, '595.00', '595.00', '4.8', 4, 2, 1, 2, 40, 79),
(257, 'Lea Knit Flat', 5228394, '76.99', '119.95', '5.0', 1, 2, 1, 2, 91, 1),
(258, 'Kade Loafer', 5237526, '194.95', '194.95', '0.0', 0, 2, 1, 2, 77, 18),
(259, 'Elsie Perf Flat', 5290002, '298.95', '298.95', '4.6', 5, 2, 1, 2, 92, 4),
(260, 'Tracy Flat', 5389953, '129.95', '129.95', '5.0', 3, 2, 1, 2, 93, 5),
(261, 'Viva Bow Ballet Flat', 5480273, '750.00', '750.00', '4.4', 8, 2, 1, 2, 66, 4),
(262, 'Hester Mary Jane Flat', 5598371, '99.95', '99.95', '3.5', 2, 2, 1, 2, 55, 80),
(263, 'Destiny Flat', 5598374, '125.00', '125.00', '4.0', 4, 2, 1, 2, 55, 18),
(264, 'Anna Ballerina Flat', 5697878, '62.95', '62.95', '4.3', 34, 2, 1, 2, 36, 81),
(265, 'Honor Flat', 5734703, '114.95', '114.95', '5.0', 1, 2, 1, 2, 55, 82),
(266, 'Estee Ballet Flat', 5734713, '130.00', '130.00', '0.0', 0, 2, 1, 2, 55, 83),
(267, 'Angin Loafer', 5736837, '194.95', '194.95', '3.5', 2, 2, 1, 2, 94, 1),
(268, 'Didi Flat', 5773149, '47.37', '78.95', '4.0', 12, 2, 1, 2, 16, 84),
(269, 'Mary Jane Flat', 5780095, '131.99', '174.95', '0.0', 0, 2, 1, 2, 95, 8),
(270, 'A-2405 Platform Loafer', 5798790, '210.00', '210.00', '5.0', 3, 2, 1, 2, 96, 85),
(271, 'Hanna Flat', 5815230, '300.00', '300.00', '2.4', 5, 2, 1, 2, 32, 86),
(272, 'Danielle Flat', 5821492, '179.95', '179.95', '4.2', 5, 2, 1, 2, 1, 1),
(273, 'Vivi Loafer', 5857276, '190.00', '190.00', '0.0', 0, 2, 1, 2, 97, 4),
(274, 'Medusa Head Espadrille Flat', 5881731, '450.00', '450.00', '0.0', 0, 2, 1, 2, 76, 87),
(275, 'The Jeanne Slingback Flat', 5884791, '138.00', '138.00', '5.0', 1, 2, 1, 2, 98, 84),
(276, 'East Village Flat', 5884848, '154.95', '154.95', '5.0', 1, 2, 1, 2, 43, 15),
(277, 'Arina Loafer', 5887091, '89.95', '89.95', '3.8', 4, 2, 1, 2, 87, 26),
(278, 'Laina Flat', 5899262, '110.00', '110.00', '0.0', 0, 2, 1, 2, 19, 18),
(279, 'Shaylin Step Wedge Penny Loafer', 5899267, '120.00', '120.00', '5.0', 4, 2, 1, 2, 19, 88),
(280, 'Koosaflex Square Toe Flat', 5915820, '70.00', '70.00', '5.0', 1, 2, 1, 2, 69, 1),
(281, 'Jourdan Stud Detail Loafers', 5932050, '59.90', '119.95', '0.0', 0, 2, 1, 2, 99, 1),
(282, 'Windsore Loafer', 5933092, '119.95', '119.95', '0.0', 0, 2, 1, 2, 46, 89),
(283, 'Grace Logo Detail Check Ballerina Flat', 5936138, '620.00', '620.00', '4.0', 2, 2, 1, 2, 100, 5),
(284, 'Bedford Logo Mule', 5940630, '550.00', '550.00', '5.0', 1, 2, 1, 2, 101, 1),
(285, 'Monogramme Espadrille Flat', 5977038, '425.00', '425.00', '4.0', 1, 2, 1, 2, 40, 1),
(286, 'Triangle Logo Loafer', 6089864, '995.00', '995.00', '4.0', 16, 2, 1, 2, 102, 1),
(287, 'Cheery Houndstooth Flat', 6150208, '145.00', '145.00', '0.0', 0, 2, 1, 2, 81, 90),
(288, 'Monique Loafer', 6294023, '234.00', '390.00', '3.5', 4, 2, 1, 2, 17, 91),
(289, 'Elena Platform Mule', 6403091, '90.00', '90.00', '0.0', 0, 2, 1, 2, 64, 4),
(290, 'Tassel Lug Sole Loafer', 6427081, '298.00', '298.00', '0.0', 0, 2, 1, 2, 57, 92),
(291, 'Rock Stud Flat', 6450906, '890.00', '890.00', '0.0', 0, 2, 1, 2, 103, 17),
(292, 'Minna Cap Toe Flat', 6463712, '119.95', '119.95', '4.1', 402, 2, 1, 2, 12, 5),
(293, 'Bardo Pointy Toe Flat', 6475684, '100.00', '100.00', '0.0', 0, 2, 1, 2, 104, 93),
(294, 'Romie Ballet Flat', 6488142, '89.95', '89.95', '0.0', 0, 2, 1, 2, 7, 83),
(295, 'Haazel Platform Loafer', 6547264, '79.00', '79.00', '3.0', 2, 2, 1, 2, 48, 4),
(296, 'Eckinti Block Heel Penny Loafer', 6553576, '118.95', '118.95', '0.0', 0, 2, 1, 2, 33, 1),
(297, 'Vae Monogram Slingback Skimmer Flat', 6579899, '135.00', '135.00', '0.0', 0, 2, 1, 2, 13, 5),
(298, 'Funnel Loafer', 6591108, '695.00', '695.00', '0.0', 0, 2, 1, 2, 105, 94),
(299, 'Addison Pointed Toe Crystal Mule', 6600789, '450.00', '450.00', '0.0', 0, 2, 1, 2, 106, 1),
(300, 'Kaitlin Pointed Toe Flat', 6616053, '198.00', '198.00', '4.0', 1, 2, 1, 2, 4, 95),
(301, 'Right Nina Mary Jane Flat', 6622030, '155.00', '155.00', '0.0', 0, 2, 1, 2, 2, 6),
(302, 'Girella Flat', 6630524, '250.00', '250.00', '0.0', 0, 2, 1, 2, 107, 13),
(303, 'Audrey Linen Espadrille Flat', 6687792, '108.00', '108.00', '0.0', 0, 2, 1, 2, 79, 96),
(304, 'Briar Flat', 6688271, '79.95', '79.95', '1.0', 1, 2, 1, 2, 87, 97),
(305, 'Jalen Quilted Loafer', 6688638, '349.00', '349.00', '0.0', 0, 2, 1, 2, 32, 1),
(306, 'Ember Flat', 6712746, '89.00', '89.00', '0.0', 0, 2, 1, 2, 71, 72),
(307, 'Kadesha Leather Loafer', 6715431, '395.00', '395.00', '0.0', 0, 2, 1, 2, 108, 1),
(308, 'Alamea Leather Loafer', 6726728, '54.97', '98.95', '3.9', 10, 2, 1, 2, 109, 98),
(309, 'Charlene Ballerina Flat', 6750052, '85.00', '85.00', '0.0', 0, 2, 1, 2, 110, 28),
(310, 'Marie Flat', 6777331, '109.00', '109.00', '0.0', 0, 2, 1, 2, 111, 5),
(311, 'Sonoma Mary Jane Flat', 6777905, '109.95', '109.95', '0.0', 0, 2, 1, 2, 73, 1),
(312, 'Rosie Flat', 6799248, '89.95', '89.95', '0.0', 0, 2, 1, 2, 55, 99),
(313, 'Recess-O Loafer', 6816956, '131.21', '174.95', '4.3', 4, 2, 1, 2, 11, 19),
(314, 'Serena Ballet Flat', 6820538, '118.00', '118.00', '0.0', 0, 2, 1, 2, 79, 6),
(315, '\'Matai\' Mary Jane', 2968452, '190.00', '190.00', '4.4', 37, 2, 1, 2, 94, 44),
(316, 'Adora Skimmer Flat', 4674535, '375.00', '375.00', '4.8', 6, 2, 1, 2, 112, 17),
(317, 'Georgette d\'Orsay Flat', 4767664, '95.96', '119.95', '4.1', 14, 2, 1, 2, 113, 18),
(318, 'Yemina Flat', 4831320, '228.95', '228.95', '5.0', 3, 2, 1, 2, 83, 1),
(319, 'Tulisa Flat', 5172317, '99.95', '99.95', '3.9', 7, 2, 1, 2, 39, 19),
(320, 'Sugar Mary Jane Flat', 5395490, '99.95', '99.95', '3.8', 4, 2, 1, 2, 55, 100),
(321, 'Belinda Ballet Flat', 5399323, '174.95', '174.95', '5.0', 2, 2, 1, 2, 77, 2),
(322, 'Katy Flat', 5641918, '77.00', '109.95', '3.7', 9, 2, 1, 2, 104, 101),
(323, 'Xenophon Platform Wedge Loafer', 5683594, '199.00', '199.00', '3.0', 1, 2, 1, 2, 83, 1),
(324, 'Erica Skimmer', 5695003, '135.00', '135.00', '5.0', 1, 2, 1, 2, 55, 18),
(325, 'Beachcomber Espadrille Water Shoe', 5736224, '98.00', '98.00', '4.3', 23, 2, 1, 2, 114, 28),
(326, 'Sonoma Flat', 5751477, '99.95', '99.95', '0.0', 0, 2, 1, 2, 46, 102),
(327, 'Alex Ballet Flat', 5756567, '119.95', '119.95', '2.8', 27, 2, 1, 2, 12, 1),
(328, 'Estee Pointed Toe Flat', 5756695, '135.00', '135.00', '4.3', 56, 2, 1, 2, 55, 18),
(329, '\'Arataki\' Mary Jane', 5764212, '180.00', '180.00', '4.7', 25, 2, 1, 2, 94, 72),
(330, 'Dawn Flat', 5773150, '47.37', '78.95', '4.4', 21, 2, 1, 2, 16, 103),
(331, 'Pilar Logo Espadrille Flat', 5775058, '540.00', '540.00', '4.5', 18, 2, 1, 2, 35, 104),
(332, 'Devitt Flat', 5784789, '78.95', '78.95', '5.0', 2, 2, 1, 2, 115, 1),
(333, 'Moc Toe Flat', 5813885, '139.95', '139.95', '0.0', 0, 2, 1, 2, 116, 72),
(334, '\'Total Motion - Adelyn\' Ballet Flat', 5835169, '99.95', '99.95', '3.9', 40, 2, 1, 2, 75, 52),
(335, 'Tender Woven Flat', 5860410, '69.95', '69.95', '0.0', 0, 2, 1, 2, 39, 28),
(336, 'Kalene Loafer', 5862904, '129.95', '129.95', '0.0', 0, 2, 1, 2, 39, 72),
(337, 'Delrose Flat', 5862908, '129.95', '129.95', '1.0', 1, 2, 1, 2, 39, 28),
(338, 'Madison Half d\'Orsay Flat', 5877892, '139.00', '139.00', '4.0', 1, 2, 1, 2, 117, 57),
(339, 'Bowie Bow Mule', 5883458, '99.00', '99.00', '5.0', 1, 2, 1, 2, 42, 105),
(340, 'Cabrini Slip-On', 5886431, '94.95', '94.95', '0.0', 0, 2, 1, 2, 118, 1),
(341, 'Ava Mary Jane Flat', 5891896, '790.00', '790.00', '5.0', 1, 2, 1, 2, 119, 1),
(342, 'Babette Pointed Toe Flat', 5909655, '198.00', '198.00', '3.0', 2, 2, 1, 2, 4, 106),
(343, 'Dustin Loafer', 5910640, '130.00', '130.00', '4.3', 3, 2, 1, 2, 5, 8),
(344, 'Ronah Flat', 5931060, '95.95', '95.95', '0.0', 0, 2, 1, 2, 63, 1),
(345, 'Gillian Flat', 5934173, '109.95', '109.95', '0.0', 0, 2, 1, 2, 55, 1),
(346, 'Leonie Ballet Flat', 5959892, '250.00', '250.00', '0.0', 0, 2, 1, 2, 120, 107),
(347, 'G.H. Bass & Co. Whitney Leather Loafer', 5969019, '125.00', '125.00', '0.0', 0, 2, 1, 2, 121, 108),
(348, 'Max Wedge Loafer', 6017317, '220.00', '220.00', '3.1', 8, 2, 1, 2, 24, 59),
(349, 'Angelina Flat', 6151708, '69.99', '69.99', '3.8', 4, 2, 1, 2, 88, 1),
(350, 'L15 Ballet Flat', 6410521, '105.00', '105.00', '0.0', 0, 2, 1, 2, 122, 109),
(351, 'Cosmo Mary Jane', 6410530, '125.00', '125.00', '0.0', 0, 2, 1, 2, 122, 1),
(352, 'Saybrook Genuine Calf Hair & Leather Loafer', 6443647, '100.00', '100.00', '5.0', 1, 2, 1, 2, 41, 33),
(353, 'Chaste Ballet Flat', 6444952, '48.00', '80.00', '0.0', 0, 2, 1, 2, 123, 19),
(354, 'Gigi Herringbone Flat', 6447609, '179.20', '448.00', '0.0', 0, 2, 1, 2, 124, 43),
(355, 'Mara Water Resistant Flat', 6448410, '180.00', '180.00', '0.0', 0, 2, 1, 2, 21, 18),
(356, 'Traveler Too Tassel Loafer', 6457879, '69.90', '159.95', '0.0', 0, 2, 1, 2, 61, 52),
(357, 'J.Renee Jannat Flat', 6458844, '79.95', '79.95', '0.0', 0, 2, 1, 2, 125, 18),
(358, 'Tiffanie Flat', 6458877, '209.95', '209.95', '0.0', 0, 2, 1, 2, 83, 4),
(359, 'Tamio Loafer', 6464531, '88.95', '88.95', '0.0', 0, 2, 1, 2, 38, 19),
(360, 'devi polka dot flat', 6472465, '178.00', '178.00', '0.0', 0, 2, 1, 2, 78, 8),
(361, 'Bella Orthotic Loafer', 6528678, '99.95', '99.95', '0.0', 0, 2, 1, 2, 126, 1),
(362, 'Pompom Ballet Flat', 6545906, '298.00', '298.00', '0.0', 0, 2, 1, 2, 3, 90),
(363, 'Jaclyn Embellished Ballet Flat', 6552343, '99.00', '99.00', '5.0', 1, 2, 1, 2, 22, 29),
(364, 'Bibi Flat', 6572302, '325.00', '325.00', '0.0', 0, 2, 1, 2, 127, 47),
(365, 'Un Blush Wish Flat', 6590045, '120.00', '120.00', '1.5', 2, 2, 1, 2, 19, 44),
(366, 'Canebay Flat', 6590062, '110.00', '110.00', '3.8', 5, 2, 1, 2, 19, 110),
(367, 'buckle up flat', 6600619, '218.00', '218.00', '3.0', 1, 2, 1, 2, 78, 1),
(368, 'Selena Mary Jane Flat', 6620538, '99.95', '99.95', '0.0', 0, 2, 1, 2, 118, 39),
(369, 'Right Nina Flat', 6621986, '145.00', '145.00', '0.0', 0, 2, 1, 2, 2, 85),
(370, 'Latira Crystal Flat', 6666268, '154.95', '154.95', '0.0', 0, 2, 1, 2, 11, 111),
(371, 'Le Miramar Loafer', 6670250, '448.00', '448.00', '0.0', 0, 2, 1, 2, 128, 1),
(372, 'Coralie Platform Loafer', 6713631, '130.00', '130.00', '0.0', 0, 2, 1, 2, 129, 62),
(373, 'Madison Ave Loafer', 6769247, '175.00', '175.00', '0.0', 0, 2, 1, 2, 43, 28),
(374, 'Perfy Flat', 6777910, '109.95', '109.95', '0.0', 0, 2, 1, 2, 73, 1),
(375, 'Attract Sneaker', 6777926, '109.95', '109.95', '0.0', 0, 2, 1, 2, 73, 1),
(376, 'Sonoma Cutout Flat', 6794867, '99.95', '99.95', '0.0', 0, 2, 1, 2, 46, 112),
(377, 'East Village Flat', 6800576, '155.00', '155.00', '5.0', 1, 2, 1, 2, 43, 113),
(378, 'Breliss Ballet Flat', 6818492, '59.37', '98.95', '3.8', 6, 2, 1, 2, 33, 19),
(379, 'Wren Loafer', 6818871, '59.96', '99.95', '4.3', 6, 2, 1, 2, 123, 4),
(380, 'Eckinti Block Heel Penny Loafer', 6820497, '118.95', '118.95', '0.0', 0, 2, 1, 2, 33, 114),
(381, '\'8065\' Mary Jane', 3590330, '120.00', '120.00', '4.3', 12, 2, 1, 2, 130, 6),
(382, '\'Petra\' Mary Jane Flat', 4033758, '100.00', '100.00', '4.6', 78, 2, 1, 2, 131, 18),
(383, 'Andrea Flat', 4477934, '139.95', '139.95', '3.9', 12, 2, 1, 2, 132, 1),
(384, 'Logo Espadrille', 4490259, '595.00', '595.00', '4.5', 112, 2, 1, 2, 40, 1),
(385, 'Stazzema Platform Slip-On', 4518523, '199.95', '199.95', '3.9', 11, 2, 1, 2, 83, 44),
(386, 'Seamed Flat', 4611463, '128.00', '128.00', '4.1', 8, 2, 1, 2, 133, 115),
(387, 'Cam II Pleated Flat', 4698717, '128.00', '128.00', '4.4', 10, 2, 1, 2, 133, 116),
(388, 'Seaport Penny Loafer', 4752844, '99.95', '99.95', '4.7', 702, 2, 1, 2, 41, 2),
(389, 'Korie Flat', 4799000, '229.00', '229.00', '4.5', 10, 2, 1, 2, 92, 117),
(390, 'Sutton Moccasin', 4813718, '86.25', '115.00', '4.5', 32, 2, 1, 2, 47, 18),
(391, 'Sienna 91 Slip-On Flat', 4948799, '145.00', '145.00', '4.5', 19, 2, 1, 2, 37, 44),
(392, 'Scout Flat', 5237535, '174.95', '174.95', '5.0', 1, 2, 1, 2, 77, 19),
(393, 'Berna Flat', 5375990, '109.95', '109.95', '4.0', 6, 2, 1, 2, 39, 118),
(394, 'Alegria Duette Loafer', 5394371, '89.95', '89.95', '5.0', 3, 2, 1, 2, 134, 1),
(395, 'Niola Skimmer Flat', 5394998, '139.95', '139.95', '5.0', 3, 2, 1, 2, 25, 119),
(396, 'Della Skimmer Flat', 5395288, '109.95', '109.95', '4.0', 2, 2, 1, 2, 55, 120),
(397, 'Alport Icon Stripe Espadrille', 5444866, '490.00', '490.00', '4.3', 6, 2, 1, 2, 100, 5),
(398, 'Gommettine Buckle Pointed Toe Flat', 5450645, '625.00', '625.00', '5.0', 3, 2, 1, 2, 135, 1),
(399, 'Laina 15 Pointed Toe Loafer', 5502329, '109.95', '109.95', '2.8', 8, 2, 1, 2, 19, 4),
(400, '\'Authentic Original\' Boat Shoe', 5592407, '94.95', '94.95', '4.5', 564, 2, 1, 2, 41, 53),
(401, 'Westport Loafer', 5597606, '119.95', '119.95', '3.7', 3, 2, 1, 2, 46, 121),
(402, 'Trino Waterproof Tassel Loafer', 5701775, '269.00', '269.00', '4.5', 4, 2, 1, 2, 136, 41),
(403, 'Beca Flat', 5747506, '89.95', '89.95', '3.7', 28, 2, 1, 2, 14, 20),
(404, 'Gatsby Embroidered Emblem Flat', 5841416, '190.00', '190.00', '5.0', 2, 2, 1, 2, 137, 9),
(405, 'J.Reneé Edie Flat', 5854281, '109.95', '109.95', '0.0', 0, 2, 1, 2, 125, 122),
(406, 'Daneric Ballet Flat', 5875748, '68.95', '68.95', '4.3', 3, 2, 1, 2, 38, 1),
(407, 'Alleah Sandal', 5883272, '110.00', '110.00', '4.8', 23, 2, 1, 2, 131, 17),
(408, 'Evalina Loafer', 5885196, '300.00', '300.00', '3.5', 6, 2, 1, 2, 32, 18),
(409, 'Brea Flat', 5887096, '69.95', '69.95', '4.7', 3, 2, 1, 2, 87, 44),
(410, 'Palmaria Flat', 5888064, '150.00', '150.00', '5.0', 1, 2, 1, 2, 110, 123),
(411, 'Pure Easy Mary Jane Flat', 5899178, '120.00', '120.00', '4.3', 22, 2, 1, 2, 19, 44),
(412, 'Hujig Gingham Mary Jane Flat', 5901973, '84.00', '140.00', '4.0', 1, 2, 1, 2, 58, 1),
(413, 'Social Knit Ballet Flat', 5903478, '49.47', '98.95', '0.0', 0, 2, 1, 2, 138, 124),
(414, 'Huji Maty Jane Flat', 5907293, '150.00', '150.00', '3.3', 3, 2, 1, 2, 58, 1),
(415, 'Cretinian Loafer', 5936788, '98.95', '98.95', '0.0', 0, 2, 1, 2, 33, 125),
(416, 'Valentino Roman Stud Ankle Strap Pointed Toe Flat', 5955936, '1200.00', '1200.00', '0.0', 0, 2, 1, 2, 103, 19),
(417, 'Emiline Loafer', 5956456, '115.00', '115.00', '3.7', 14, 2, 1, 2, 5, 1),
(418, 'Branza d\'Orsay Flat', 5964991, '109.00', '109.00', '0.0', 0, 2, 1, 2, 53, 1),
(419, 'Le Micah Ballet Flat', 6289556, '328.00', '328.00', '0.0', 0, 2, 1, 2, 128, 53),
(420, 'Auberon Flat', 6293046, '80.00', '80.00', '0.0', 0, 2, 1, 2, 139, 6),
(421, 'Maggie Kiltie Fringe Loafer', 6418427, '138.00', '138.00', '0.0', 0, 2, 1, 2, 140, 18),
(422, 'East Village Penny Loafer', 6418827, '154.95', '154.95', '0.0', 0, 2, 1, 2, 43, 115),
(423, 'Right Nina Mary Jane Flat', 6428028, '120.00', '150.00', '0.0', 0, 2, 1, 2, 2, 83),
(424, 'Le Beacon Loafer', 6439600, '348.60', '498.00', '0.0', 0, 2, 1, 2, 128, 18),
(425, 'Monique Bit Loafer', 6442906, '390.00', '390.00', '5.0', 1, 2, 1, 2, 17, 60),
(426, 'Authentic Original Boat Shoe', 6443638, '95.00', '95.00', '2.8', 5, 2, 1, 2, 41, 15),
(427, 'Chunky Loafer', 6460168, '375.00', '375.00', '3.0', 2, 2, 1, 2, 141, 1),
(428, 'Square Toe Loafer', 6475002, '445.00', '445.00', '5.0', 1, 2, 1, 2, 65, 1),
(429, 'Rina Flat', 6487842, '99.00', '99.00', '0.0', 0, 2, 1, 2, 42, 8),
(430, 'Jeri Embellished Ballet Flat', 6552340, '99.00', '99.00', '0.0', 0, 2, 1, 2, 22, 126),
(431, 'Delicia Cap Toe Flat', 6571641, '380.00', '380.00', '0.0', 0, 2, 1, 2, 17, 1),
(432, 'Pure Ballet 2 Flat', 6590064, '110.00', '110.00', '3.8', 4, 2, 1, 2, 19, 127),
(433, 'Jessa Leather Loafer', 6598867, '368.00', '368.00', '5.0', 7, 2, 1, 2, 3, 3),
(434, 'Camden Pointed Toe Slingback Flat', 6609050, '99.00', '99.00', '5.0', 1, 2, 1, 2, 22, 128),
(435, 'Taylor Loafer', 6622003, '190.00', '190.00', '5.0', 2, 2, 1, 2, 2, 1),
(436, 'Easy Flat', 6630411, '260.00', '260.00', '0.0', 0, 2, 1, 2, 107, 1),
(437, 'Willow Embellished Flat', 6634557, '129.00', '129.00', '0.0', 0, 2, 1, 2, 50, 5),
(438, 'Rezza Calf Hair Loafer', 6671304, '238.00', '238.00', '0.0', 0, 2, 1, 2, 142, 1),
(439, 'Karine Pointed Toe Flat', 6671861, '185.00', '185.00', '0.0', 0, 2, 1, 2, 4, 5),
(440, 'Fallyn Flip Flop', 6681416, '89.00', '89.00', '0.0', 0, 2, 1, 2, 5, 129),
(441, 'Basketweave Ankle Tie Pointed Toe Flat', 6715820, '328.00', '328.00', '0.0', 0, 2, 1, 2, 3, 130),
(442, 'Canary Pointed Toe Slingback Flat', 6751102, '110.00', '110.00', '0.0', 0, 2, 1, 2, 53, 131),
(443, 'Pearl Street Flat', 6769250, '185.00', '185.00', '0.0', 0, 2, 1, 2, 43, 28),
(444, 'devi loafer', 6774557, '178.00', '178.00', '0.0', 0, 2, 1, 2, 78, 29),
(445, 'Selma Cutout Ballet Flat', 6795311, '99.95', '99.95', '0.0', 0, 2, 1, 2, 46, 1),
(446, 'Rory Woven Flat', 6799187, '99.95', '99.95', '0.0', 0, 2, 1, 2, 55, 132),
(447, 'Henlee Cap Toe Flat', 4635799, '189.95', '189.95', '4.4', 82, 2, 1, 2, 1, 1),
(448, 'Willow Skimmer Flat', 4674537, '375.00', '375.00', '5.0', 1, 2, 1, 2, 112, 17),
(449, 'Gaia Pointy Toe Flat', 4854338, '128.00', '128.00', '4.5', 2, 2, 1, 2, 133, 54),
(450, 'Kapua Slingback Flat', 5221988, '174.95', '174.95', '4.8', 8, 2, 1, 2, 94, 5),
(451, 'Annytah Loafer', 5232567, '101.50', '145.00', '2.3', 3, 2, 1, 2, 110, 72),
(452, 'Shira Flat', 5259083, '69.95', '69.95', '3.7', 3, 2, 1, 2, 89, 133),
(453, 'Barb Flat', 5299393, '119.90', '199.95', '3.4', 10, 2, 1, 2, 1, 1),
(454, 'Kicker Water Resistant Loafer', 5509910, '60.00', '60.00', '5.0', 2, 2, 1, 2, 143, 134),
(455, 'Carlene Flat', 5511478, '85.95', '85.95', '3.3', 4, 2, 1, 2, 63, 135),
(456, 'Maiika Ballet Flat', 5532502, '99.95', '99.95', '3.8', 35, 2, 1, 2, 131, 57),
(457, 'Ingrid Flat', 5534173, '109.95', '109.95', '4.2', 5, 2, 1, 2, 39, 136),
(458, 'Gildee Flat', 5601523, '47.96', '80.00', '4.5', 8, 2, 1, 2, 63, 83),
(459, 'Tabi Flat', 5644479, '650.00', '650.00', '0.0', 0, 2, 1, 2, 144, 4),
(460, '\'Serene\' Flat', 5661445, '144.95', '144.95', '4.2', 29, 2, 1, 2, 74, 8),
(461, 'True Colors Maxwell Flat', 5717908, '79.00', '79.00', '4.6', 26, 2, 1, 2, 5, 90),
(462, 'St. Lucia Flat', 5725209, '109.95', '109.95', '4.2', 5, 2, 1, 2, 46, 18),
(463, '\'Jerez\' Skimmer Flat', 5734165, '149.95', '149.95', '4.8', 30, 2, 1, 2, 9, 4),
(464, 'Emiline Loafer', 5782431, '115.00', '115.00', '3.4', 8, 2, 1, 2, 5, 18),
(465, 'Un Blush Step Loafer', 5792580, '120.00', '120.00', '3.7', 11, 2, 1, 2, 19, 44),
(466, 'Gommettine Buckle Pointed Toe Flat', 5794809, '625.00', '625.00', '5.0', 2, 2, 1, 2, 135, 26),
(467, 'Allegro Jungle Print Flat', 5858471, '54.90', '110.00', '3.6', 24, 2, 1, 2, 6, 137),
(468, 'Radiant Flat', 5866749, '148.95', '148.95', '0.0', 0, 2, 1, 2, 145, 1),
(469, 'Iconic Flat', 5877028, '54.50', '109.00', '4.8', 5, 2, 1, 2, 53, 1),
(470, 'Demi Knit Flat', 5891378, '140.00', '140.00', '5.0', 1, 2, 1, 2, 24, 41),
(471, 'Naomi 2 Knit Flat', 5901927, '145.00', '145.00', '3.0', 1, 2, 1, 2, 24, 1),
(472, 'Blast Loafer', 5903454, '128.95', '128.95', '0.0', 0, 2, 1, 2, 138, 1),
(473, 'Blazey Pointed Toe Flat', 5913299, '109.95', '109.95', '5.0', 5, 2, 1, 2, 104, 1),
(474, 'Hills Logo Ballet Flat', 5916523, '750.00', '750.00', '3.3', 4, 2, 1, 2, 35, 138),
(475, 'Byebye Flat', 5961869, '79.00', '79.00', '0.0', 0, 2, 1, 2, 146, 1),
(476, 'Toby Pointed Toe Flat', 5964500, '129.95', '129.95', '4.2', 81, 2, 1, 2, 30, 139),
(477, 'Alex Loafer', 6150423, '175.00', '175.00', '0.0', 0, 2, 1, 2, 67, 1),
(478, 'Madison Penny Loafer', 6231168, '69.99', '69.99', '4.8', 8, 2, 1, 2, 88, 1),
(479, 'Golinda Loafer', 6290318, '59.40', '98.95', '4.3', 13, 2, 1, 2, 33, 140),
(480, 'Felicia Croc Embossed Flat', 6406430, '84.00', '140.00', '0.0', 0, 2, 1, 2, 28, 15),
(481, 'Breliss Ballet Flat', 6409552, '98.95', '98.95', '3.8', 6, 2, 1, 2, 33, 106),
(482, 'Dream Ballerina Flat', 6412128, '395.00', '395.00', '0.0', 0, 2, 1, 2, 65, 1),
(483, 'Le Verona Flat', 6439848, '256.80', '428.00', '0.0', 0, 2, 1, 2, 128, 1),
(484, 'Ballet Flat', 6441574, '189.00', '189.00', '0.0', 0, 2, 1, 2, 147, 1),
(485, 'Estee Flat', 6445424, '135.95', '135.95', '0.0', 0, 2, 1, 2, 55, 141),
(486, 'Pavlova Plaid & Paisley Ballet Flat', 6447320, '275.00', '275.00', '0.0', 0, 2, 1, 2, 148, 8),
(487, 'Le Monogram Genuine Calf Hair Penny Loafer', 6449081, '995.00', '995.00', '0.0', 0, 2, 1, 2, 40, 18),
(488, 'Tally Penny Loafer', 6466044, '99.00', '99.00', '0.0', 0, 2, 1, 2, 149, 26),
(489, 'Megan Flat', 6468737, '119.95', '119.95', '0.0', 0, 2, 1, 2, 25, 1),
(490, 'Creeper Mary Jane Loafer', 6488830, '425.00', '425.00', '0.0', 0, 2, 1, 2, 141, 17),
(491, 'Playback Loafer', 6501569, '79.95', '79.95', '0.0', 0, 2, 1, 2, 150, 17),
(492, 'Doll XIX Butterfly Water Resistant Flat', 6520589, '80.00', '80.00', '5.0', 1, 2, 1, 2, 56, 142),
(493, 'South Street Kiltie Loafer', 6555647, '99.95', '165.00', '4.0', 1, 2, 1, 2, 43, 15),
(494, 'Marceline Loafer', 6568023, '178.00', '178.00', '0.0', 0, 2, 1, 2, 142, 133),
(495, 'Winslet Ankle Strap Flat', 6573385, '150.00', '150.00', '0.0', 0, 2, 1, 2, 28, 17),
(496, 'Varina Bow Flat', 6589682, '595.00', '595.00', '0.0', 0, 2, 1, 2, 66, 143),
(497, 'Eloise Bow Flat', 6594851, '165.00', '165.00', '0.0', 0, 2, 1, 2, 59, 133),
(498, 'Bari Loafer', 6599562, '298.00', '298.00', '0.0', 0, 2, 1, 2, 151, 1),
(499, 'Right Nina Loafer', 6622066, '160.00', '160.00', '4.5', 2, 2, 1, 2, 2, 1),
(500, 'Coochi Loafer', 6629503, '155.00', '155.00', '5.0', 1, 2, 1, 2, 152, 33),
(501, 'Euforia Platform Loafer', 6631270, '275.00', '275.00', '0.0', 0, 2, 1, 2, 107, 33),
(502, 'Crystal Pavé Pointed Toe Flat', 6634745, '109.00', '109.00', '0.0', 0, 2, 1, 2, 50, 19),
(503, 'Jessa Woven Loafer', 6642986, '368.00', '368.00', '4.0', 2, 2, 1, 2, 3, 17),
(504, 'Charlie Driving Moccasin', 6664075, '398.00', '398.00', '0.0', 0, 2, 1, 2, 153, 121),
(505, 'Alpargata Slip-On', 6689493, '19.98', '49.95', '4.5', 99, 2, 1, 2, 34, 8),
(506, 'Jutti d\'Orsay Flat', 6689528, '53.96', '89.95', '4.3', 20, 2, 1, 2, 34, 53),
(507, 'Buyme Pointed Toe Flat', 6753402, '95.00', '95.00', '0.0', 0, 2, 1, 2, 146, 144),
(508, 'Serena Slingback Flat', 6759661, '128.00', '128.00', '0.0', 0, 2, 1, 2, 79, 145),
(509, 'Jill Piped Driving Moccasin', 6763437, '248.00', '248.00', '0.0', 0, 2, 1, 2, 57, 146),
(510, 'Arcadia Mary Jane Flat', 6794937, '99.95', '99.95', '0.0', 0, 2, 1, 2, 46, 1),
(511, 'Angelina Penny Loafer', 6816040, '175.00', '175.00', '0.0', 0, 2, 1, 2, 43, 1),
(512, 'Emilie Flat', 4364378, '289.00', '289.00', '0.0', 0, 2, 1, 2, 92, 2),
(513, 'Lee Espadrille Flat', 4506871, '135.00', '135.00', '4.1', 117, 2, 1, 2, 24, 4),
(514, 'Pippa 33 Flat', 4646766, '114.95', '114.95', '4.2', 49, 2, 1, 2, 37, 4),
(515, 'Wade Platform Espadrille', 4880564, '74.90', '148.00', '3.3', 9, 2, 1, 2, 45, 72),
(516, 'Annytah Cap Toe Flat', 5141836, '139.95', '139.95', '3.8', 11, 2, 1, 2, 110, 147),
(517, 'Fusaro Flat', 5172382, '109.95', '109.95', '4.2', 39, 2, 1, 2, 39, 72),
(518, 'Anora Flat', 5212406, '59.37', '98.95', '4.8', 6, 2, 1, 2, 154, 148),
(519, 'Shea Flat', 5237521, '169.95', '169.95', '4.6', 9, 2, 1, 2, 77, 28),
(520, 'Adi Flat', 5319124, '69.95', '69.95', '0.0', 0, 2, 1, 2, 89, 149),
(521, 'Celia Flat', 5337086, '325.00', '325.00', '0.0', 0, 2, 1, 2, 112, 33),
(522, 'Gommette Tortoiseshell Pattern Buckle Ballet Flat', 5361677, '625.00', '625.00', '3.3', 3, 2, 1, 2, 135, 1),
(523, 'Cornflower Mary Jane Flat', 5373529, '108.95', '108.95', '3.0', 1, 2, 1, 2, 155, 122),
(524, 'Beana Flat', 5594439, '209.95', '209.95', '5.0', 1, 2, 1, 2, 83, 1),
(525, 'Sugar Mary Jane Flat', 5642185, '99.95', '99.95', '3.8', 4, 2, 1, 2, 55, 30),
(526, 'Hangisi Jeweled Pointy Toe Flat', 5728253, '955.00', '955.00', '5.0', 1, 2, 1, 2, 156, 1),
(527, 'Emotion Loafer', 5734709, '130.00', '130.00', '3.0', 2, 2, 1, 2, 55, 1),
(528, 'Deanna Flat', 5734728, '99.95', '99.95', '0.0', 0, 2, 1, 2, 55, 5),
(529, 'Sonora Flat', 5751400, '99.95', '99.95', '4.5', 2, 2, 1, 2, 46, 52),
(530, 'Logo Charm Collapsible Loafer', 5757322, '328.00', '328.00', '4.4', 19, 2, 1, 2, 3, 5),
(531, 'Tosh Back Strap Flat', 5779841, '109.00', '174.95', '1.0', 1, 2, 1, 2, 157, 30),
(532, 'Paulette Flat', 5798009, '99.95', '99.95', '4.6', 52, 2, 1, 2, 131, 8),
(533, 'Edition Flat', 5808253, '58.95', '58.95', '0.0', 0, 2, 1, 2, 158, 63),
(534, 'Gommini Driving Moccasin', 5845553, '545.00', '545.00', '4.7', 54, 2, 1, 2, 159, 8),
(535, 'West Buckland Loafer', 5883629, '69.30', '99.00', '0.0', 0, 2, 1, 2, 42, 150),
(536, 'Gatsby Polka Dot Flat', 5884306, '190.00', '190.00', '0.0', 0, 2, 1, 2, 137, 63),
(537, 'Pure Block Bit Loafer', 5899258, '130.00', '130.00', '3.7', 6, 2, 1, 2, 19, 151),
(538, 'Blast Loafer', 5903449, '129.00', '129.00', '0.0', 0, 2, 1, 2, 138, 43),
(539, 'Sass Camo Textured Leather Loafer', 5903474, '54.47', '65.37', '0.0', 0, 2, 1, 2, 138, 152),
(540, 'Wiciclyaflex Bit Loafer', 5915795, '90.00', '90.00', '0.0', 0, 2, 1, 2, 69, 89),
(541, 'Ronah Snakeskin Print Flat', 5931056, '95.95', '95.95', '0.0', 0, 2, 1, 2, 63, 5),
(542, 'Amante Loafer', 5951305, '350.00', '350.00', '0.0', 0, 2, 1, 2, 160, 24),
(543, 'Falabella Chain Ballet Flat', 5966711, '750.00', '750.00', '0.0', 0, 2, 1, 2, 161, 1),
(544, 'YSL Monogram Penny Loafer', 5977030, '695.00', '695.00', '3.8', 4, 2, 1, 2, 40, 17),
(545, 'Tispea Wedge Loafer', 6148377, '109.95', '109.95', '0.0', 0, 2, 1, 2, 39, 98),
(546, 'Eleanor Leather Loafer', 6266880, '298.00', '298.00', '4.7', 51, 2, 1, 2, 3, 2),
(547, 'Auberon Flat', 6293034, '80.00', '80.00', '0.0', 0, 2, 1, 2, 139, 29),
(548, 'Rikki Platform Loafer', 6407460, '350.00', '350.00', '5.0', 1, 2, 1, 2, 120, 1),
(549, 'Beca Flat', 6436877, '89.95', '89.95', '3.0', 1, 2, 1, 2, 14, 153),
(550, 'Disila Platform Loafer', 6446276, '39.97', '78.95', '1.0', 2, 2, 1, 2, 54, 154),
(551, 'Sonoma Flat', 6463155, '99.95', '99.95', '2.0', 1, 2, 1, 2, 46, 5),
(552, 'honey genuine shearling lined flat', 6472455, '168.00', '168.00', '4.5', 2, 2, 1, 2, 78, 29),
(553, 'La Catalina Ballet Flat', 6511339, '99.00', '99.00', '0.0', 0, 2, 1, 2, 42, 15),
(554, 'Sweet Love Flat', 6520585, '75.00', '75.00', '3.0', 1, 2, 1, 2, 56, 29),
(555, 'Laci Suede Loafer', 6525571, '100.00', '100.00', '3.5', 44, 2, 1, 2, 131, 24),
(556, 'Ramen Flat', 6581752, '84.00', '120.00', '4.0', 4, 2, 1, 2, 42, 155),
(557, 'Tiger Espadrille Flat', 6598905, '278.00', '278.00', '0.0', 0, 2, 1, 2, 3, 156),
(558, 'honey studded ballet flat', 6600618, '178.00', '178.00', '0.0', 0, 2, 1, 2, 78, 1),
(559, 'Gracelyn Tassel Loafer', 6605808, '178.00', '178.00', '0.0', 0, 2, 1, 2, 140, 8),
(560, 'Myra Flat', 6621988, '145.00', '145.00', '5.0', 1, 2, 1, 2, 2, 71),
(561, 'Walden Penny Loafer', 6621989, '185.00', '185.00', '0.0', 0, 2, 1, 2, 2, 15),
(562, 'Sandaze 2 Ballet Flat', 6625589, '88.95', '88.95', '0.0', 0, 2, 1, 2, 54, 72),
(563, 'Le Miramar Loafer', 6670271, '448.00', '448.00', '0.0', 0, 2, 1, 2, 128, 42),
(564, 'Finola d\'Orsay Flat', 6679963, '195.00', '195.00', '4.7', 10, 2, 1, 2, 52, 5),
(565, 'Audrey Suede Espadrille Flat', 6687798, '108.00', '108.00', '0.0', 0, 2, 1, 2, 79, 157),
(566, 'Daisy Flat', 6712167, '100.00', '100.00', '0.0', 0, 2, 1, 2, 104, 158),
(567, 'Brex Pointed Toe Flat', 6753398, '89.00', '89.00', '0.0', 0, 2, 1, 2, 146, 62),
(568, 'Platform Loafer', 6757714, '210.00', '210.00', '0.0', 0, 2, 1, 2, 96, 19),
(569, 'Amalfi Slide Sandal', 6763439, '198.00', '198.00', '0.0', 0, 2, 1, 2, 57, 43),
(570, 'Belinda Flat', 6766334, '109.95', '109.95', '0.0', 0, 2, 1, 2, 7, 72),
(571, 'Jena Penny Loafer', 6773455, '200.00', '200.00', '0.0', 0, 2, 1, 2, 162, 1),
(572, 'Crys Leather Loafer', 6796014, '115.00', '115.00', '0.0', 0, 2, 1, 2, 163, 17),
(573, '\'Jutti\' Animal Print Suede Slip-On', 6800000, '53.96', '89.95', '3.0', 2, 2, 1, 2, 34, 5),
(574, 'Cosmo 2.0 Chunky Lace-Up Loafer', 6806562, '160.00', '160.00', '0.0', 0, 2, 1, 2, 67, 4),
(575, 'Eleanor Leather Loafer', 6815729, '199.66', '298.00', '3.0', 2, 2, 1, 2, 3, 20),
(576, 'OriginalGrand Waterproof Wingtip Golf Derby', 6834066, '180.00', '180.00', '0.0', 0, 2, 1, 2, 23, 6),
(577, '\'Bane\' Wedge', 4066786, '209.95', '209.95', '4.2', 29, 2, 1, 2, 83, 4),
(578, '\'Me to We Artisans - Maasai\' Moccasin', 4158405, '64.95', '64.95', '4.6', 12, 2, 1, 2, 36, 5),
(579, 'Beachcomber Espadrille Water Shoe', 4661400, '98.00', '98.00', '4.3', 23, 2, 1, 2, 114, 29),
(580, 'Dezi Flat', 4802905, '139.95', '139.95', '4.0', 25, 2, 1, 2, 164, 1),
(581, 'Alisio Lace-Up Shoe', 5048571, '194.95', '194.95', '4.0', 2, 2, 1, 2, 94, 5),
(582, '\'Sizzle Signature\' Flat', 5086962, '99.95', '99.95', '4.2', 129, 2, 1, 2, 55, 83),
(583, 'Pontus Bow Ballet Wedge', 5120433, '154.95', '154.95', '0.0', 0, 2, 1, 2, 74, 72),
(584, 'Pam Flat', 5139632, '149.95', '149.95', '5.0', 1, 2, 1, 2, 73, 18),
(585, 'TW189 Lace-Up Flat', 5176406, '74.95', '74.95', '5.0', 1, 2, 1, 2, 89, 1),
(586, 'Reba Leather Espadrille Wedge', 5187594, '69.95', '69.95', '2.0', 8, 2, 1, 2, 165, 1),
(587, '\'Ash\' Slip-On', 5202190, '94.95', '94.95', '4.0', 19, 2, 1, 2, 55, 159),
(588, 'Sierra Flat', 5296365, '109.95', '109.95', '3.8', 12, 2, 1, 2, 46, 1),
(589, 'Annytah Moccasin', 5326954, '145.00', '145.00', '4.0', 1, 2, 1, 2, 110, 147),
(590, 'Brandi Half d\'Orsay Flat', 5331582, '109.95', '109.95', '3.4', 5, 2, 1, 2, 104, 160),
(591, 'Sutton Moccasin', 5496391, '86.25', '115.00', '4.5', 32, 2, 1, 2, 47, 1),
(592, 'Laina Slingback Pointy Toe Flat', 5516726, '100.00', '100.00', '3.3', 3, 2, 1, 2, 19, 1),
(593, 'Deva Horsebit & Chain Convertible Pointed Toe Ballet Flat', 5525395, '890.00', '890.00', '4.0', 5, 2, 1, 2, 35, 6),
(594, 'Viven Pointed Toe Flat', 5594159, '84.95', '84.95', '4.0', 3, 2, 1, 2, 44, 137),
(595, 'Cecilia New York Rita Loafer', 5733892, '199.95', '199.95', '0.0', 0, 2, 1, 2, 166, 8);
INSERT INTO `flats` (`flats_id`, `product_name`, `sku`, `price_current_usd`, `price_retail_usd`, `review_rating`, `review_count`, `department_id`, `category_id`, `sub_category_id`, `flats_brand_id`, `flats_color_id`) VALUES
(596, 'Samantha 2 Flat', 5736598, '99.00', '99.00', '4.1', 39, 2, 1, 2, 5, 86),
(597, 'Mr. Colin Double Monk Strap Shoe', 5742543, '525.00', '525.00', '4.1', 14, 2, 1, 2, 167, 91),
(598, 'Sea Mary Jane Flat', 5744039, '199.95', '199.95', '0.0', 0, 2, 1, 2, 94, 1),
(599, 'Casi Myra Ballet Flat', 5747310, '145.00', '145.00', '4.1', 11, 2, 1, 2, 2, 1),
(600, 'Creek Mary Jane Flat', 5751522, '98.95', '98.95', '1.0', 1, 2, 1, 2, 155, 161),
(601, 'Valentino Roman Stud Ankle Strap Flat', 5809500, '1100.00', '1100.00', '2.9', 7, 2, 1, 2, 103, 1),
(602, 'Avril Perforated Flat', 5826768, '164.95', '164.95', '0.0', 0, 2, 1, 2, 77, 4),
(603, '59C Penny Loafer', 5870370, '625.00', '625.00', '3.0', 1, 2, 1, 2, 159, 1),
(604, 'Chloe Tassel Loafer', 5885187, '345.00', '345.00', '0.0', 0, 2, 1, 2, 168, 1),
(605, 'Cami Slip-On', 5886411, '94.95', '94.95', '3.0', 2, 2, 1, 2, 118, 1),
(606, 'June Mary Jane Flat', 5886436, '94.95', '94.95', '1.0', 1, 2, 1, 2, 118, 28),
(607, 'Arina Flat', 5887086, '89.95', '89.95', '0.0', 0, 2, 1, 2, 87, 162),
(608, 'Charlene Ballerina Flat', 5916141, '85.00', '85.00', '0.0', 0, 2, 1, 2, 110, 30),
(609, 'Ade Imitation Pearl Strap Mary Jane Flat', 5926391, '725.00', '725.00', '0.0', 0, 2, 1, 2, 169, 1),
(610, 'Deanna Loafer', 5933530, '99.95', '99.95', '0.0', 0, 2, 1, 2, 55, 30),
(611, 'Alpargata Slip-On', 5961376, '59.95', '59.95', '4.4', 41, 2, 1, 2, 34, 37),
(612, 'Madison Perforated Loafer', 5987574, '69.99', '69.99', '3.7', 7, 2, 1, 2, 88, 29),
(613, 'Tina Waterproof Loafer', 6093128, '309.00', '309.00', '0.0', 0, 2, 1, 2, 136, 17),
(614, 'Le Sunset Square Toe Ballet Flat', 6110909, '325.00', '325.00', '4.6', 28, 2, 1, 2, 128, 1),
(615, 'Elise Loafer', 6122902, '339.00', '339.00', '0.0', 0, 2, 1, 2, 32, 1),
(616, 'Hangisi Crystal Buckle Embroidered Flat', 6297521, '1045.00', '1045.00', '5.0', 2, 2, 1, 2, 156, 1),
(617, 'x Ali MacGraw Pavlova Flat', 6415374, '275.00', '275.00', '0.0', 0, 2, 1, 2, 148, 163),
(618, 'Pix Loafer', 6419656, '105.00', '150.00', '5.0', 2, 2, 1, 2, 2, 6),
(619, 'Mr. Logan Loafer', 6438845, '550.00', '550.00', '0.0', 0, 2, 1, 2, 167, 5),
(620, 'Pavlova Polka Dot Ballet Flat', 6447309, '275.00', '275.00', '0.0', 0, 2, 1, 2, 148, 18),
(621, 'honey ballet flat', 6448455, '128.00', '128.00', '0.0', 0, 2, 1, 2, 78, 1),
(622, 'Needlepoint Geometric Pattern Flat', 6448827, '268.00', '268.00', '0.0', 0, 2, 1, 2, 170, 6),
(623, 'Wedge Tassel Loafer', 6452090, '189.95', '189.95', '0.0', 0, 2, 1, 2, 96, 78),
(624, 'Metz Loafer', 6468086, '129.95', '129.95', '3.0', 1, 2, 1, 2, 25, 83),
(625, 'Meghan Genuine Calf Hair Flat', 6468732, '129.95', '129.95', '0.0', 0, 2, 1, 2, 25, 5),
(626, 'Finley Loafer', 6483236, '75.00', '125.00', '0.0', 0, 2, 1, 2, 47, 30),
(627, 'Veer Flat', 6488139, '99.95', '99.95', '0.0', 0, 2, 1, 2, 7, 1),
(628, 'J.Renée Tarlow Ankle Strap Ballet Flat', 6488192, '119.00', '119.00', '0.0', 0, 2, 1, 2, 125, 18),
(629, 'Emmylou Penny Loafer', 6529449, '89.00', '89.00', '0.0', 0, 2, 1, 2, 71, 34),
(630, 'Rezza Embellished Loafer', 6568021, '238.00', '238.00', '0.0', 0, 2, 1, 2, 142, 5),
(631, 'devi loafer', 6600611, '178.00', '178.00', '0.0', 0, 2, 1, 2, 78, 1),
(632, 'MIL-1978 Loafer', 6622015, '380.00', '380.00', '0.0', 0, 2, 1, 2, 171, 1),
(633, 'Bambi Slingback Skimmer Flat', 6671193, '89.00', '89.00', '3.6', 20, 2, 1, 2, 22, 29),
(634, 'Chocolate Mary Jane', 6676129, '1080.00', '1080.00', '0.0', 0, 2, 1, 2, 102, 1),
(635, 'Corrie Platform Oxford', 6713653, '130.00', '130.00', '0.0', 0, 2, 1, 2, 129, 52),
(636, 'Elle Cap Toe Ankle Tie Espadrille', 6763440, '198.00', '198.00', '0.0', 0, 2, 1, 2, 57, 164),
(637, 'Grand Street Flat', 6769194, '155.00', '155.00', '0.0', 0, 2, 1, 2, 43, 22),
(638, 'Michaela Mary Jane Flat', 6776628, '130.00', '130.00', '5.0', 11, 2, 1, 2, 28, 24),
(639, 'Everly Mary Jane Flat', 6777908, '129.95', '129.95', '0.0', 0, 2, 1, 2, 73, 165),
(640, 'Elo Mary Jane Sneaker', 6800247, '119.95', '119.95', '0.0', 0, 2, 1, 2, 10, 166),
(641, 'Cypress Hill Loafer', 6816045, '109.95', '175.00', '0.0', 0, 2, 1, 2, 43, 18),
(642, 'Fawna Mary Jane Flat', 4627039, '134.95', '134.95', '4.7', 35, 2, 1, 2, 172, 15),
(643, 'Right Nina Mid Top Ghillie Flat', 4825326, '160.00', '160.00', '4.5', 2, 2, 1, 2, 2, 1),
(644, 'Dream Flat', 4827692, '59.95', '59.95', '4.2', 12, 2, 1, 2, 89, 1),
(645, 'Caro Pleated Flat', 4953058, '124.95', '124.95', '4.0', 3, 2, 1, 2, 133, 5),
(646, 'Anine Ballerina Flat', 5104754, '56.96', '94.95', '3.5', 2, 2, 1, 2, 10, 167),
(647, 'Cap Toe Flat', 5370736, '144.95', '144.95', '4.0', 1, 2, 1, 2, 74, 4),
(648, 'Santorini Flat', 5371629, '99.95', '99.95', '3.7', 11, 2, 1, 2, 46, 19),
(649, 'Josie Water Repellent Flat', 5413622, '55.98', '139.95', '3.7', 10, 2, 1, 2, 132, 44),
(650, 'Kilty Plus Driving Moccasin', 5506415, '64.95', '64.95', '4.2', 6, 2, 1, 2, 36, 1),
(651, 'Cleo Studded Slingback Flat', 5529169, '209.95', '209.95', '4.3', 9, 2, 1, 2, 166, 62),
(652, 'Mamadrague Square Toe Ballet Flat', 5532548, '645.00', '645.00', '3.8', 6, 2, 1, 2, 173, 1),
(653, 'Mirtha Flat', 5534159, '79.95', '79.95', '3.2', 5, 2, 1, 2, 39, 1),
(654, 'Audrey Platform Loafer', 5600359, '180.32', '258.00', '4.7', 3, 2, 1, 2, 174, 28),
(655, 'Seafarer Slingback Espadrille Water Shoe', 5710228, '98.00', '98.00', '0.0', 0, 2, 1, 2, 114, 6),
(656, 'Un Darcey Bow Flat', 5711899, '110.00', '110.00', '4.8', 4, 2, 1, 2, 19, 1),
(657, 'Reggie Loafer', 5734719, '114.95', '114.95', '3.0', 2, 2, 1, 2, 55, 72),
(658, 'Pine Flat', 5751519, '98.95', '98.95', '2.3', 3, 2, 1, 2, 155, 18),
(659, 'Viva Bow Pointed Toe Ballet Flat', 5857318, '730.00', '730.00', '0.0', 0, 2, 1, 2, 66, 8),
(660, 'Maggie Driving Loafer', 5873496, '69.50', '139.00', '4.2', 11, 2, 1, 2, 140, 5),
(661, 'Travelbound Mary Jane Flat', 5886301, '84.95', '84.95', '5.0', 1, 2, 1, 2, 118, 28),
(662, 'Annytah Ballet Flat', 5888040, '150.00', '150.00', '3.0', 1, 2, 1, 2, 110, 106),
(663, '\'Jillian\' Loafer', 5896515, '248.00', '248.00', '4.3', 32, 2, 1, 2, 57, 18),
(664, 'Ryen Flat', 5931087, '95.95', '95.95', '0.0', 0, 2, 1, 2, 63, 1),
(665, 'Samantha Flat', 5933508, '99.95', '99.95', '0.0', 0, 2, 1, 2, 55, 72),
(666, 'Cloudfeel All Day Knit Ballet Flat', 5944843, '78.00', '130.00', '3.0', 1, 2, 1, 2, 23, 29),
(667, 'Huarache Flat', 5956864, '225.00', '225.00', '5.0', 1, 2, 1, 2, 175, 41),
(668, 'Aubri Flat', 5964680, '69.95', '69.95', '0.0', 0, 2, 1, 2, 87, 44),
(669, 'Mira Flat', 5964724, '348.00', '348.00', '0.0', 0, 2, 1, 2, 124, 163),
(670, 'G.H. Bass & Co. Whitney Tweed Loafer', 5970972, '81.00', '135.00', '3.5', 2, 2, 1, 2, 121, 1),
(671, 'Almafi by Rangoni Ercole Flat', 5978413, '265.00', '265.00', '0.0', 0, 2, 1, 2, 107, 1),
(672, 'Social Camo Knit Flat', 6128306, '98.95', '98.95', '0.0', 0, 2, 1, 2, 138, 20),
(673, 'Presnue Faux Shearling Slingback Flat', 6290345, '34.47', '68.95', '3.5', 17, 2, 1, 2, 33, 136),
(674, 'Tispea Wedge Loafer', 6401245, '109.95', '109.95', '0.0', 0, 2, 1, 2, 39, 1),
(675, 'Mailu Wedge Knit Shoe', 6410520, '80.00', '80.00', '0.0', 0, 2, 1, 2, 122, 18),
(676, 'Casi Myra Slingback Flat', 6419647, '101.50', '145.00', '5.0', 1, 2, 1, 2, 2, 6),
(677, 'Twins Bit Loafer', 6419663, '136.50', '195.00', '0.0', 0, 2, 1, 2, 2, 1),
(678, 'Fairpoint Exotic Penny Loafer', 6443649, '100.00', '100.00', '4.9', 9, 2, 1, 2, 41, 28),
(679, 'Blaine Moc Toe Loafer', 6448227, '90.00', '150.00', '0.0', 0, 2, 1, 2, 47, 1),
(680, 'Blaine Moc Toe Loafer', 6448230, '96.00', '160.00', '3.0', 1, 2, 1, 2, 47, 56),
(681, 'Needlepoint Tweed Flat', 6448818, '268.00', '268.00', '0.0', 0, 2, 1, 2, 170, 42),
(682, 'Needlepoint Dove Flat', 6448837, '268.00', '268.00', '0.0', 0, 2, 1, 2, 170, 1),
(683, 'Jillian Loafer', 6458408, '160.00', '160.00', '0.0', 0, 2, 1, 2, 67, 1),
(684, 'Savannah Flat', 6463180, '109.95', '109.95', '0.0', 0, 2, 1, 2, 46, 71),
(685, 'Vellore Flat', 6463181, '99.95', '99.95', '0.0', 0, 2, 1, 2, 46, 89),
(686, 'Heath Flat', 6478693, '124.95', '124.95', '5.0', 1, 2, 1, 2, 176, 1),
(687, 'Dragon Smoking Loafer', 6481541, '248.00', '248.00', '0.0', 0, 2, 1, 2, 177, 168),
(688, 'Authentic Original Float Cozy Faux Fur Lined Boat Shoe', 6493826, '50.00', '50.00', '0.0', 0, 2, 1, 2, 41, 28),
(689, 'Un Darcey Ballet Flat', 6590051, '110.00', '110.00', '0.0', 0, 2, 1, 2, 19, 169),
(690, 'Painter Flat', 6596029, '125.00', '125.00', '0.0', 0, 2, 1, 2, 178, 18),
(691, 'Skyline Flat', 6596040, '140.00', '140.00', '0.0', 0, 2, 1, 2, 178, 1),
(692, 'The Adelle Ballet Flat', 6605891, '54.97', '110.00', '4.0', 3, 2, 1, 2, 98, 29),
(693, 'Balin Platform Loafer', 6608588, '99.00', '99.00', '0.0', 0, 2, 1, 2, 53, 62),
(694, 'Alluce Convertible Loafer', 6615003, '995.00', '995.00', '0.0', 0, 2, 1, 2, 179, 72),
(695, 'Diva Loafer', 6615609, '298.95', '298.95', '3.0', 2, 2, 1, 2, 92, 37),
(696, 'Briy Ankle Strap Flat', 6643575, '79.00', '79.00', '0.0', 0, 2, 1, 2, 146, 136),
(697, 'Ankle Strap Platform Pump', 6757708, '170.00', '170.00', '0.0', 0, 2, 1, 2, 96, 170),
(698, 'Ankle Strap Platform Pump', 6757717, '195.00', '195.00', '0.0', 0, 2, 1, 2, 96, 1),
(699, 'Needlepoint Horse & Wreath Flat', 6763342, '265.00', '265.00', '0.0', 0, 2, 1, 2, 170, 1),
(700, 'Floral Needlepoint Loafer', 6763414, '265.00', '265.00', '0.0', 0, 2, 1, 2, 170, 33),
(701, 'Hampton Bow Ballet Flat', 6763432, '248.00', '248.00', '0.0', 0, 2, 1, 2, 57, 29),
(702, 'Minnie Travel Ballet Flat', 6766806, '166.16', '248.00', '4.6', 1173, 2, 1, 2, 3, 3),
(703, 'Lila Pointed Toe Loafer', 6766863, '239.86', '358.00', '4.8', 51, 2, 1, 2, 3, 171),
(704, 'Harlowe Flat', 6798189, '99.95', '99.95', '0.0', 0, 2, 1, 2, 55, 1),
(705, 'Ginger Loafer', 6799190, '109.95', '109.95', '0.0', 0, 2, 1, 2, 55, 1),
(706, 'Sass 2.0 Flat', 6799846, '54.47', '109.00', '4.7', 3, 2, 1, 2, 138, 172),
(707, 'Everly Loafer', 6818402, '54.00', '90.00', '3.0', 1, 2, 1, 2, 64, 1),
(708, '\'Campana Papel VII\' Jelly Flat', 6821538, '89.00', '89.00', '4.4', 57, 2, 1, 2, 56, 29),
(709, 'Varina Leather Flat', 2950723, '650.00', '650.00', '4.6', 69, 2, 1, 2, 66, 4),
(710, '\'Rachel\' Loafer', 4421888, '164.95', '164.95', '4.2', 11, 2, 1, 2, 77, 1),
(711, 'Kilty Moccasin', 4435703, '74.95', '74.95', '4.3', 3, 2, 1, 2, 36, 6),
(712, 'Lucy Slingback Flat', 4532860, '89.95', '89.95', '3.5', 4, 2, 1, 2, 55, 15),
(713, 'Avril Perforated Flat', 4593801, '164.95', '164.95', '4.5', 4, 2, 1, 2, 77, 44),
(714, 'Smokin\' Hot Plush Loafer', 4984477, '134.95', '134.95', '3.8', 9, 2, 1, 2, 61, 1),
(715, 'Dean Pointy Toe Flat', 5074010, '129.95', '129.95', '4.5', 54, 2, 1, 2, 25, 1),
(716, 'Leatha Open Weave Skimmer Flat', 5226603, '89.95', '89.95', '3.3', 7, 2, 1, 2, 55, 1),
(717, 'Cora Flat', 5259085, '59.95', '59.95', '3.0', 1, 2, 1, 2, 89, 173),
(718, 'Click Loafer', 5354658, '124.95', '124.95', '3.3', 8, 2, 1, 2, 180, 6),
(719, 'Cosmic Mary Jane Flat', 5375985, '99.95', '99.95', '0.0', 0, 2, 1, 2, 39, 1),
(720, 'Ariel Sequin Flat', 5424586, '389.00', '389.00', '0.0', 0, 2, 1, 2, 112, 1),
(721, 'Lizzy Espadrille Flat', 5456586, '148.95', '148.95', '4.0', 3, 2, 1, 2, 181, 17),
(722, 'Camelia Pointed Toe Flat', 5497061, '139.00', '139.00', '3.5', 4, 2, 1, 2, 182, 1),
(723, 'Un Darcy Go Flat', 5502346, '99.95', '99.95', '3.6', 7, 2, 1, 2, 19, 141),
(724, 'Galativi Mesh Pointed Toe Flat', 5531305, '645.00', '645.00', '4.8', 5, 2, 1, 2, 173, 4),
(725, 'St. Lucia Flat', 5597609, '109.95', '109.95', '4.2', 5, 2, 1, 2, 46, 174),
(726, 'Marlow Penny Loafer', 5684463, '194.95', '194.95', '5.0', 4, 2, 1, 2, 77, 1),
(727, 'Paradise Espadrille Flat', 5692272, '89.95', '89.95', '3.8', 4, 2, 1, 2, 73, 1),
(728, 'Mara Waterproof Flat', 5701774, '239.00', '239.00', '4.5', 2, 2, 1, 2, 136, 90),
(729, 'Lexi Wedge Loafer', 5709390, '110.00', '110.00', '3.0', 5, 2, 1, 2, 183, 8),
(730, 'Allyne Wedge Loafer', 5738441, '176.37', '293.95', '3.5', 4, 2, 1, 2, 174, 83),
(731, '\'Halle 2.0\' Ballet Flat', 5758546, '69.95', '69.95', '4.2', 112, 2, 1, 2, 87, 147),
(732, 'Elizabeth Genuine Calf Hair Loafer', 5764039, '41.97', '109.95', '3.6', 7, 2, 1, 2, 44, 103),
(733, 'Loafer', 5771729, '79.00', '127.95', '0.0', 0, 2, 1, 2, 79, 147),
(734, 'Pure2 Loafer', 5836238, '119.95', '119.95', '2.4', 5, 2, 1, 2, 19, 44),
(735, 'Marjory Mary Jane Flat', 5860686, '99.00', '99.00', '2.7', 3, 2, 1, 2, 184, 1),
(736, 'Anchor Place Loafer', 5884855, '174.95', '174.95', '3.0', 2, 2, 1, 2, 43, 1),
(737, 'Travelbound Mary Jane Flat', 5886289, '84.95', '84.95', '0.0', 0, 2, 1, 2, 118, 161),
(738, 'Onalee Mary Jane Flat', 5886300, '74.95', '74.95', '5.0', 1, 2, 1, 2, 118, 175),
(739, 'Calista Mary Jane', 5886429, '94.95', '94.95', '0.0', 0, 2, 1, 2, 118, 1),
(740, 'Clover Loafer', 5886432, '94.95', '94.95', '0.0', 0, 2, 1, 2, 118, 35),
(741, 'Wistrey Flat', 5888048, '160.00', '160.00', '0.0', 0, 2, 1, 2, 110, 106),
(742, 'Un Darcey Cap Toe Flat', 5899266, '120.00', '120.00', '5.0', 3, 2, 1, 2, 19, 4),
(743, 'Balin Platform Loafer', 5900596, '99.00', '99.00', '5.0', 3, 2, 1, 2, 53, 72),
(744, 'Edition Ballet Flat', 5932307, '59.00', '59.00', '3.0', 1, 2, 1, 2, 158, 176),
(745, 'Rina Croc Embossed Suede Penny Loafer', 5951302, '340.00', '340.00', '0.0', 0, 2, 1, 2, 160, 28),
(746, 'Margot Loafer', 6000107, '69.99', '69.99', '3.9', 23, 2, 1, 2, 88, 1),
(747, 'Neeta Flat', 6148378, '129.95', '129.95', '0.0', 0, 2, 1, 2, 39, 177),
(748, 'Flexia Slingback Flat', 6241293, '89.95', '89.95', '0.0', 0, 2, 1, 2, 185, 1),
(749, 'Gilda Slip-On Shoe', 6422922, '99.95', '99.95', '0.0', 0, 2, 1, 2, 118, 28),
(750, 'Capri Pointed Toe Flat', 6427046, '248.00', '248.00', '0.0', 0, 2, 1, 2, 57, 1),
(751, 'Balica Flat', 6444391, '110.00', '110.00', '5.0', 1, 2, 1, 2, 53, 178),
(752, 'Needlepoint Fleur de Lis Flat', 6448900, '268.00', '268.00', '0.0', 0, 2, 1, 2, 170, 1),
(753, 'Harrow Too Loafer', 6455835, '159.95', '159.95', '0.0', 0, 2, 1, 2, 61, 127),
(754, 'Allegro Suede Ballet Flat', 6457519, '95.00', '95.00', '3.8', 13, 2, 1, 2, 6, 1),
(755, 'Glory Loafer', 6458789, '99.95', '99.95', '0.0', 0, 2, 1, 2, 55, 179),
(756, 'Virginia Pointed Toe Flat', 6472225, '333.95', '333.95', '0.0', 0, 2, 1, 2, 174, 29),
(757, 'Wendy Loafer', 6475504, '110.00', '110.00', '0.0', 0, 2, 1, 2, 104, 1),
(758, 'Alpargata Slip-On', 6492750, '32.96', '54.95', '0.0', 0, 2, 1, 2, 34, 180),
(759, 'Aura III Water Resistant Mary Jane', 6520584, '75.00', '75.00', '0.0', 0, 2, 1, 2, 56, 181),
(760, 'Hill Pointed Toe Flat', 6596276, '79.00', '79.00', '0.0', 0, 2, 1, 2, 16, 182),
(761, 'Anklet Ballerina Flat', 6604694, '750.00', '750.00', '4.0', 1, 2, 1, 2, 186, 1),
(762, 'Dewitt Platform Loafer', 6605623, '179.95', '179.95', '0.0', 0, 2, 1, 2, 77, 1),
(763, 'MIL-1978 Derby', 6622006, '380.00', '380.00', '0.0', 0, 2, 1, 2, 171, 1),
(764, 'Right Nina Mid Top Ghillie Flat', 6622075, '165.00', '165.00', '0.0', 0, 2, 1, 2, 2, 135),
(765, 'Venta Loafer', 6623244, '190.00', '190.00', '0.0', 0, 2, 1, 2, 97, 183),
(766, 'Lavender Flat', 6623360, '135.00', '135.00', '0.0', 0, 2, 1, 2, 97, 28),
(767, 'David Loafer', 6630404, '275.00', '275.00', '0.0', 0, 2, 1, 2, 107, 135),
(768, 'Demur-Bit Loafer', 6637779, '125.00', '125.00', '0.0', 0, 2, 1, 2, 5, 24),
(769, 'Running Late Driving Loafer', 6653216, '184.95', '184.95', '0.0', 0, 2, 1, 2, 145, 1),
(770, '4.ZeroGrand Stitchlite Loafer', 6665295, '150.00', '150.00', '0.0', 0, 2, 1, 2, 23, 29),
(771, 'Penny Loafer', 6675933, '875.00', '875.00', '0.0', 0, 2, 1, 2, 187, 1),
(772, 'Needlepoint Checkered Hydrangea Flat', 6763353, '265.00', '265.00', '0.0', 0, 2, 1, 2, 170, 77),
(773, 'Remi Loafer', 6798316, '99.95', '99.95', '0.0', 0, 2, 1, 2, 55, 1),
(774, '\'Adora\' Slip-On', 2894401, '109.95', '109.95', '3.7', 21, 2, 1, 2, 46, 184),
(775, 'Alegria \'Pesca\' Slip-On', 3394160, '109.95', '109.95', '4.1', 9, 2, 1, 2, 134, 2),
(776, '\'Comfi\' Mary Jane Flat', 3459246, '59.95', '59.95', '4.3', 63, 2, 1, 2, 89, 185),
(777, '\'Arataki\' Mary Jane', 4180190, '180.00', '180.00', '4.7', 25, 2, 1, 2, 94, 30),
(778, '\'Bella\' Flat', 4421871, '158.95', '158.95', '4.2', 5, 2, 1, 2, 77, 1),
(779, 'Thermoball™ Water Resistant Traction Mule', 4632789, '55.00', '55.00', '4.8', 517, 2, 1, 2, 188, 186),
(780, 'Shanice Flat', 5237516, '169.95', '169.95', '4.5', 2, 2, 1, 2, 77, 1),
(781, 'Domino Skimmer Flat', 5394615, '90.96', '129.95', '3.7', 3, 2, 1, 2, 25, 95),
(782, 'Arissa Square Toe Ballet Flat', 5421998, '88.00', '88.00', '4.3', 54, 2, 1, 2, 60, 19),
(783, 'HL58 Loafer', 5491103, '224.95', '224.95', '0.0', 0, 2, 1, 2, 189, 6),
(784, 'Beth d\'Orsay Flat', 5521764, '84.00', '119.95', '4.3', 4, 2, 1, 2, 104, 90),
(785, 'Lola Flat', 5601240, '70.00', '140.00', '4.0', 1, 2, 1, 2, 91, 1),
(786, 'Titan Wedge Slip-On', 5643300, '194.95', '194.95', '0.0', 0, 2, 1, 2, 94, 1),
(787, 'Chain Buckle Loafer', 5645345, '825.00', '825.00', '0.0', 0, 2, 1, 2, 159, 41),
(788, '\'Right Nina\' Leather Flat', 5667570, '145.00', '145.00', '4.2', 6, 2, 1, 2, 2, 4),
(789, 'Samantha Flat', 5734724, '99.95', '99.95', '0.0', 0, 2, 1, 2, 55, 1),
(790, 'Kitara Wedge', 5737246, '89.95', '89.95', '4.0', 1, 2, 1, 2, 39, 1),
(791, 'Florian Flat', 5738444, '34.97', '89.95', '3.9', 7, 2, 1, 2, 63, 71),
(792, 'Landerla Suede Loafer', 5764542, '59.40', '99.95', '0.0', 0, 2, 1, 2, 33, 187),
(793, 'Right Nina Flat', 5773984, '145.00', '145.00', '4.5', 2, 2, 1, 2, 2, 135),
(794, 'Feisty Flat', 5809351, '116.95', '116.95', '5.0', 1, 2, 1, 2, 73, 1),
(795, 'Ele Loafer', 5814953, '162.00', '270.00', '3.0', 1, 2, 1, 2, 107, 118),
(796, 'Platform Loafer', 5857576, '245.00', '245.00', '5.0', 1, 2, 1, 2, 190, 6),
(797, 'Twila Perforated Leather Loafer', 5860407, '109.95', '109.95', '0.0', 0, 2, 1, 2, 39, 33),
(798, 'Scout Ballet Flat', 5871632, '175.00', '175.00', '0.0', 0, 2, 1, 2, 77, 84),
(799, 'Acacia Ballerina Flat', 5878361, '119.95', '119.95', '0.0', 0, 2, 1, 2, 191, 1),
(800, 'Kristy Woven Flat', 5884753, '120.00', '120.00', '0.0', 0, 2, 1, 2, 104, 188),
(801, 'Golda Flat', 5886405, '109.95', '109.95', '0.0', 0, 2, 1, 2, 118, 1),
(802, 'Cami Slip-On', 5886430, '94.95', '94.95', '5.0', 1, 2, 1, 2, 118, 18),
(803, 'Berra Reversible Bit Driving Loafer', 5894684, '650.00', '650.00', '0.0', 0, 2, 1, 2, 66, 4),
(804, 'Un Darcey Vibe Flat', 5899218, '110.00', '110.00', '3.5', 6, 2, 1, 2, 19, 27),
(805, 'Hayley Water Resistant Platform Loafer', 5920202, '199.97', '395.00', '2.8', 9, 2, 1, 2, 62, 15),
(806, 'Gommini Driving Moccasin', 5921018, '545.00', '545.00', '4.7', 54, 2, 1, 2, 159, 17),
(807, 'Ronah Leopard Print Flat', 5931077, '95.95', '95.95', '0.0', 0, 2, 1, 2, 63, 5),
(808, 'Olly Flat', 5961572, '79.00', '79.00', '4.0', 1, 2, 1, 2, 146, 72),
(809, 'Curvy Flat', 5961872, '79.00', '79.00', '0.0', 0, 2, 1, 2, 146, 43),
(810, 'Ivy Snake Embossed Ballet Flat', 5965244, '79.95', '79.95', '0.0', 0, 2, 1, 2, 87, 132),
(811, 'Empoli Flat', 5967705, '275.00', '275.00', '0.0', 0, 2, 1, 2, 107, 9),
(812, 'Adel Pointed Toe Loafer', 5978530, '249.95', '249.95', '0.0', 0, 2, 1, 2, 192, 63),
(813, 'Imitation Pearl Chain Convertible Loafer', 5978869, '910.00', '910.00', '0.0', 0, 2, 1, 2, 187, 1),
(814, 'Alamea Leather Loafer', 6109603, '54.97', '98.95', '3.9', 10, 2, 1, 2, 109, 75),
(815, 'Janice Loafer', 6137378, '229.97', '389.00', '0.0', 0, 2, 1, 2, 32, 3),
(816, 'Parex Glitter Flat', 6241292, '69.95', '69.95', '0.0', 0, 2, 1, 2, 185, 189),
(817, 'Reina Flat', 6294169, '190.00', '190.00', '2.0', 1, 2, 1, 2, 137, 190),
(818, 'Maira Water Resistant Slip-On Loafer', 6401204, '350.00', '350.00', '0.0', 0, 2, 1, 2, 62, 1),
(819, 'L15 Ballet Flat', 6410525, '105.00', '105.00', '0.0', 0, 2, 1, 2, 122, 44),
(820, 'Twins Mismatched Loafers', 6419652, '127.50', '170.00', '5.0', 1, 2, 1, 2, 2, 83),
(821, 'Maddox Loafer', 6427048, '156.00', '258.00', '0.0', 0, 2, 1, 2, 57, 147),
(822, 'Colt Tassel Flat', 6427061, '180.00', '298.00', '0.0', 0, 2, 1, 2, 57, 191),
(823, 'honey genuine calf hair ballet flat', 6448453, '158.00', '158.00', '0.0', 0, 2, 1, 2, 78, 18),
(824, 'Needlepoint Leopard Flat', 6448808, '268.00', '268.00', '0.0', 0, 2, 1, 2, 170, 33),
(825, 'Needlepoint Geometric Flat', 6448828, '268.00', '268.00', '0.0', 0, 2, 1, 2, 170, 192),
(826, 'Needlepoint Herringbone Flat', 6448836, '268.00', '268.00', '0.0', 0, 2, 1, 2, 170, 193),
(827, 'Wedge Loafer', 6452084, '209.95', '209.95', '0.0', 0, 2, 1, 2, 96, 20),
(828, 'Go Go Loafer', 6458197, '139.95', '139.95', '0.0', 0, 2, 1, 2, 61, 9),
(829, 'Millie Flat', 6463483, '99.00', '99.00', '5.0', 1, 2, 1, 2, 184, 18),
(830, 'Vista Flat', 6472216, '333.95', '333.95', '0.0', 0, 2, 1, 2, 174, 109),
(831, 'Mystic Mary Jane Flats', 6549775, '128.00', '128.00', '0.0', 0, 2, 1, 2, 84, 30),
(832, 'Appley Walk Mary Jane Flat', 6590465, '130.00', '130.00', '4.7', 6, 2, 1, 2, 19, 194),
(833, 'Bowery Slingback Loafer', 6596041, '175.00', '175.00', '0.0', 0, 2, 1, 2, 178, 1),
(834, 'Gennaro Ballet Flat', 6630443, '275.00', '275.00', '0.0', 0, 2, 1, 2, 107, 195),
(835, 'Bizzie Studded Flat', 6643168, '89.00', '89.00', '0.0', 0, 2, 1, 2, 146, 96),
(836, 'Lynn Loafer', 6656873, '129.00', '129.00', '0.0', 0, 2, 1, 2, 111, 30),
(837, 'Simpil Mary Jane', 6658831, '109.95', '109.95', '0.0', 0, 2, 1, 2, 10, 1),
(838, 'Viva Bow Ballet Flat', 6666200, '730.00', '730.00', '4.4', 8, 2, 1, 2, 66, 196),
(839, 'Mabli Flat', 6680821, '165.00', '165.00', '0.0', 0, 2, 1, 2, 191, 1),
(840, 'Gatsby Jean Flat', 6703138, '190.00', '190.00', '0.0', 0, 2, 1, 2, 137, 197),
(841, 'Needlepoint Paisley Flat', 6763352, '265.00', '265.00', '0.0', 0, 2, 1, 2, 170, 140),
(842, 'Needlepoint Fox & Wreath Flat', 6763359, '265.00', '265.00', '0.0', 0, 2, 1, 2, 170, 1),
(843, 'Mr. York Double Monk Oxford', 6773144, '525.00', '525.00', '0.0', 0, 2, 1, 2, 167, 18),
(844, '\'Thunderbird\' Moccasin', 2769679, '57.95', '57.95', '0.0', 0, 2, 1, 2, 36, 198),
(845, 'Liz Slip-On Loafer', 2907972, '94.95', '94.95', '4.3', 100, 2, 1, 2, 55, 6),
(846, 'Yoshi Smoking Slipper', 3418561, '210.00', '525.00', '4.5', 13, 2, 1, 2, 193, 186),
(847, '\'Me to We Artisans - Kilty\' Beaded Moccasin', 3736718, '64.95', '64.95', '4.7', 3, 2, 1, 2, 36, 1),
(848, '\'Kumara\' Flat', 3831445, '190.00', '190.00', '4.7', 11, 2, 1, 2, 94, 70),
(849, 'Perforated Ballet Flat', 4295746, '154.95', '154.95', '4.2', 9, 2, 1, 2, 147, 148),
(850, 'Katy Flat', 4889768, '109.95', '109.95', '3.7', 9, 2, 1, 2, 104, 1),
(851, 'TW101 Espadrille Flat', 4969423, '79.95', '79.95', '3.3', 3, 2, 1, 2, 89, 199),
(852, 'Nikki Flat', 5169427, '69.95', '69.95', '4.5', 2, 2, 1, 2, 89, 200),
(853, 'Susie Flat', 5399312, '174.95', '174.95', '5.0', 3, 2, 1, 2, 77, 84),
(854, 'Mr. Colin Double Monk Strap Shoe', 5528075, '525.00', '525.00', '4.1', 14, 2, 1, 2, 167, 15),
(855, 'Jacob Loafer', 5530764, '84.99', '99.95', '5.0', 1, 2, 1, 2, 55, 89),
(856, 'Shirley Embroidered Mesh Pointed Toe Flat', 5537018, '295.00', '295.00', '0.0', 0, 2, 1, 2, 112, 17),
(857, 'Alexis Lace-Up Flat', 5538199, '184.95', '184.95', '0.0', 0, 2, 1, 2, 77, 28),
(858, 'Rumson Flat', 5634437, '81.71', '108.95', '4.6', 7, 2, 1, 2, 155, 28),
(859, 'Scout Flat', 5654361, '174.95', '174.95', '5.0', 1, 2, 1, 2, 77, 44),
(860, 'YSL Monogram Penny Loafer', 5676668, '695.00', '695.00', '4.3', 4, 2, 1, 2, 40, 1),
(861, 'Nicole Cap Toe Flat', 5759514, '124.95', '124.95', '3.8', 16, 2, 1, 2, 73, 1),
(862, 'Drowe Flat', 5787131, '47.40', '78.95', '0.0', 0, 2, 1, 2, 38, 103),
(863, 'Maiika Woven Flat', 5797997, '109.95', '109.95', '3.0', 29, 2, 1, 2, 131, 1),
(864, 'Catalina Flat', 5820954, '120.00', '120.00', '4.3', 8, 2, 1, 2, 42, 43),
(865, '\'Comfi\' Mary Jane Flat', 5840511, '59.95', '59.95', '4.3', 63, 2, 1, 2, 89, 201),
(866, 'Aggie Ballet Flat', 5878362, '155.00', '155.00', '0.0', 0, 2, 1, 2, 191, 10),
(867, 'Bella d\'Orsay Flat', 5884708, '120.00', '120.00', '0.0', 0, 2, 1, 2, 104, 202),
(868, 'Labella Flat', 5884733, '90.00', '90.00', '0.0', 0, 2, 1, 2, 104, 29),
(869, 'Gigi Cap Toe Flat', 5894723, '117.97', '295.00', '2.0', 1, 2, 1, 2, 80, 130),
(870, 'x Ali MacGraw Pavlova Flat', 5903518, '275.00', '275.00', '0.0', 0, 2, 1, 2, 148, 1),
(871, 'Abay Flat', 5961714, '79.00', '79.00', '0.0', 0, 2, 1, 2, 146, 122),
(872, 'Recess-O Loafer', 5965502, '131.21', '174.95', '4.3', 4, 2, 1, 2, 11, 203),
(873, 'Vera Waterproof Flat', 6093131, '249.00', '249.00', '0.0', 0, 2, 1, 2, 136, 24),
(874, 'Dezi Loafer', 6124821, '139.95', '139.95', '3.0', 1, 2, 1, 2, 164, 141),
(875, 'Alex Loafer', 6150422, '160.00', '160.00', '0.0', 0, 2, 1, 2, 67, 1),
(876, 'Kallen Loafer', 6288945, '89.95', '89.95', '0.0', 0, 2, 1, 2, 194, 1),
(877, 'Neeta Leather Slip-On', 6401243, '129.95', '129.95', '0.0', 0, 2, 1, 2, 39, 141),
(878, 'Laurs Faux Shearling Bit Loafer', 6406428, '89.96', '150.00', '1.0', 2, 2, 1, 2, 28, 89),
(879, 'Twins Mismatched Loafers', 6419666, '112.00', '160.00', '5.0', 2, 2, 1, 2, 2, 1),
(880, 'Le Verona Genuine Calf Hair Loafer', 6439839, '286.80', '478.00', '0.0', 0, 2, 1, 2, 128, 71),
(881, 'Monique Bit Loafer', 6442916, '390.00', '390.00', '0.0', 0, 2, 1, 2, 17, 20),
(882, 'Carolynn Loafer', 6444390, '89.00', '89.00', '0.0', 0, 2, 1, 2, 53, 20),
(883, 'Needlepoint Sailboat Flat', 6448835, '268.00', '268.00', '0.0', 0, 2, 1, 2, 170, 84),
(884, 'Kate Draperia Pointed Toe Flat', 6451179, '895.00', '895.00', '0.0', 0, 2, 1, 2, 173, 204),
(885, 'Donelle Bit Loafer', 6458792, '99.95', '99.95', '0.0', 0, 2, 1, 2, 55, 18),
(886, 'Guinevere Genuine Shearling Loafer', 6477964, '495.00', '495.00', '0.0', 0, 2, 1, 2, 195, 43),
(887, 'Block Heel Penny Loafer', 6488930, '395.00', '395.00', '0.0', 0, 2, 1, 2, 141, 72),
(888, 'Loafer Wedge', 6489681, '209.95', '209.95', '0.0', 0, 2, 1, 2, 96, 113),
(889, 'Aloe Mary Jane', 6498200, '139.95', '139.95', '0.0', 0, 2, 1, 2, 196, 72),
(890, 'Crosbie Loafer', 6525574, '120.00', '120.00', '3.6', 5, 2, 1, 2, 131, 15),
(891, 'Fairy Genuine Shearling Lined Flat', 6529883, '950.00', '950.00', '0.0', 0, 2, 1, 2, 119, 18),
(892, 'Nasbee Ballet Flat', 6535314, '150.00', '375.00', '5.0', 1, 2, 1, 2, 197, 9),
(893, 'Exxtra Flat', 6546168, '155.00', '155.00', '0.0', 0, 2, 1, 2, 81, 72),
(894, 'Universe Lug Sole Loafer', 6564656, '270.00', '270.00', '0.0', 0, 2, 1, 2, 198, 203),
(895, 'Bibi Flat', 6572324, '325.00', '325.00', '0.0', 0, 2, 1, 2, 127, 205),
(896, 'Marco Bit Loafer', 6572329, '375.00', '375.00', '0.0', 0, 2, 1, 2, 127, 206),
(897, 'Butler ST 2.0', 6588002, '109.95', '185.00', '0.0', 0, 2, 1, 2, 43, 1),
(898, 'Penny Driving Moccasin', 6590265, '545.00', '545.00', '0.0', 0, 2, 1, 2, 159, 20),
(899, 'Gommino Penny Loafer', 6590277, '595.00', '595.00', '0.0', 0, 2, 1, 2, 159, 1),
(900, 'Zora Wedge Shoe', 6605645, '189.95', '189.95', '0.0', 0, 2, 1, 2, 77, 1),
(901, 'Balin 3 Platform Loafer', 6608584, '99.00', '99.00', '0.0', 0, 2, 1, 2, 53, 8),
(902, 'Korie Flat', 6611726, '229.00', '229.00', '4.5', 10, 2, 1, 2, 92, 1),
(903, 'MIL-1978 Genuine Calf Hair Loafer', 6622020, '410.00', '410.00', '0.0', 0, 2, 1, 2, 171, 29),
(904, 'Penny Loafer', 6675957, '875.00', '875.00', '0.0', 0, 2, 1, 2, 187, 29),
(905, 'Winter Boater Faux Shearling Boater Driving Moccasin', 6744308, '59.99', '110.00', '0.0', 0, 2, 1, 2, 42, 177),
(906, 'Needlepoint Nautical Flat', 6763333, '265.00', '265.00', '0.0', 0, 2, 1, 2, 170, 28),
(907, 'Needlepoint Bird Flat', 6763357, '265.00', '265.00', '0.0', 0, 2, 1, 2, 170, 1),
(908, 'Floral Stripe Needlepoint Mule', 6763363, '265.00', '265.00', '0.0', 0, 2, 1, 2, 170, 140),
(909, 'Ray City Platform Boat Shoe', 6777063, '150.00', '150.00', '0.0', 0, 2, 1, 2, 199, 6),
(910, 'Cosmo 2.0 Loafer', 6806561, '175.00', '175.00', '0.0', 0, 2, 1, 2, 67, 1),
(911, 'Lior Loafer', 6818334, '99.96', '150.00', '4.6', 923, 2, 1, 2, 28, 28),
(912, '\'Jerez\' Skimmer Flat', 3619631, '149.95', '149.95', '4.8', 30, 2, 1, 2, 9, 90),
(913, 'Alegria Brenna Slip-On', 5075118, '109.95', '109.95', '4.5', 2, 2, 1, 2, 134, 4),
(914, 'Margo Flat', 5165245, '65.95', '65.95', '3.0', 2, 2, 1, 2, 89, 86),
(915, 'Safira Flat', 5169417, '69.95', '69.95', '5.0', 1, 2, 1, 2, 89, 18),
(916, 'Kaelin Loafer', 5237527, '194.95', '194.95', '0.0', 0, 2, 1, 2, 77, 30),
(917, 'Krista Loafer', 5237529, '194.95', '194.95', '4.0', 3, 2, 1, 2, 77, 135),
(918, 'Manning Flat', 5242397, '179.95', '179.95', '5.0', 1, 2, 1, 2, 77, 13),
(919, 'C-33132 Wedge', 5260860, '131.21', '174.95', '4.0', 3, 2, 1, 2, 96, 44),
(920, 'Pearl Street Flat', 5303486, '185.00', '185.00', '0.0', 0, 2, 1, 2, 43, 62),
(921, 'Angin Loafer', 5373219, '194.95', '194.95', '3.5', 2, 2, 1, 2, 94, 86),
(922, 'Xanthus Loafer', 5404975, '229.95', '229.95', '4.0', 2, 2, 1, 2, 83, 44),
(923, 'Tumai Flat', 5404986, '188.95', '188.95', '1.0', 1, 2, 1, 2, 83, 1),
(924, 'Ultimate Flat', 5476207, '89.95', '89.95', '4.7', 6, 2, 1, 2, 73, 33),
(925, 'Korie Perforated Slip-On', 5503888, '219.95', '219.95', '3.5', 2, 2, 1, 2, 92, 8),
(926, 'Westport Leather Loafer', 5751403, '119.95', '119.95', '0.0', 0, 2, 1, 2, 46, 176),
(927, 'Melinda Loafer', 5775976, '99.95', '99.95', '1.0', 1, 2, 1, 2, 55, 28),
(928, 'Devitt Flat', 5784629, '79.95', '79.95', '5.0', 1, 2, 1, 2, 115, 141),
(929, 'Animal Print Boat Shoe', 5792161, '119.95', '119.95', '0.0', 0, 2, 1, 2, 200, 18),
(930, 'Aloe Mary Jane', 5806504, '139.95', '139.95', '0.0', 0, 2, 1, 2, 196, 1),
(931, 'Tia Perforated Leather Loafer', 5829390, '98.95', '98.95', '0.0', 0, 2, 1, 2, 201, 72),
(932, 'Hanuko Embellished Flat', 5854311, '109.95', '109.95', '3.5', 2, 2, 1, 2, 125, 18),
(933, 'Kayla Loafer', 5865999, '329.00', '329.00', '0.0', 0, 2, 1, 2, 32, 80),
(934, 'Belinda Ballet Flat', 5871620, '175.00', '175.00', '0.0', 0, 2, 1, 2, 77, 207),
(935, 'Bowery Loafer', 5883457, '69.30', '99.00', '2.0', 1, 2, 1, 2, 42, 155),
(936, 'Bella d\'Orsay Flat', 5884741, '120.00', '120.00', '5.0', 1, 2, 1, 2, 104, 208),
(937, 'Butler Street Loafer', 5884837, '194.95', '194.95', '2.0', 1, 2, 1, 2, 43, 1),
(938, 'Juniper Espadrille', 5889120, '140.00', '140.00', '5.0', 1, 2, 1, 2, 178, 197),
(939, 'Capri Pointed Toe Raffia Loafer', 5890324, '180.00', '298.95', '5.0', 1, 2, 1, 2, 57, 6),
(940, 'Daisy Embroidered Pointed Toe Flat', 5890325, '140.00', '228.95', '0.0', 0, 2, 1, 2, 57, 50),
(941, 'Lulu Espadrille', 5891908, '127.20', '159.00', '4.5', 2, 2, 1, 2, 202, 18),
(942, 'Ashland Ballet Flat', 5892991, '660.00', '660.00', '0.0', 0, 2, 1, 2, 203, 1),
(943, 'Cora Croc Embossed Flat', 5898837, '129.97', '325.00', '0.0', 0, 2, 1, 2, 195, 209),
(944, 'Sass Leopard Print Loafer', 5903451, '54.47', '65.37', '4.0', 1, 2, 1, 2, 138, 57),
(945, 'x Ali MacGraw Pavlova Snake Embossed Ballet Flat', 5903521, '275.00', '275.00', '2.0', 1, 2, 1, 2, 148, 1),
(946, 'Roulette Flat', 5906632, '98.95', '98.95', '0.0', 0, 2, 1, 2, 204, 210),
(947, 'Sugar Mary Jane', 5933507, '99.95', '99.95', '0.0', 0, 2, 1, 2, 55, 6),
(948, 'Dellis Flat', 5933528, '99.95', '99.95', '3.0', 1, 2, 1, 2, 55, 65),
(949, 'Audrey Flat', 5942445, '109.00', '128.00', '0.0', 0, 2, 1, 2, 79, 30),
(950, 'Ottobre Flat', 5967785, '250.00', '250.00', '0.0', 0, 2, 1, 2, 107, 37),
(951, 'Gorizia Flat', 5967863, '275.00', '275.00', '0.0', 0, 2, 1, 2, 107, 53),
(952, 'Vera Waterproof Flat', 6093136, '269.00', '269.00', '0.0', 0, 2, 1, 2, 136, 29),
(953, 'Belfast Flat', 6136769, '134.95', '134.95', '0.0', 0, 2, 1, 2, 97, 88),
(954, 'Platform Loafer', 6402197, '510.00', '510.00', '0.0', 0, 2, 1, 2, 205, 41),
(955, 'Emelia Mary Jane Loafer', 6403085, '90.00', '90.00', '0.0', 0, 2, 1, 2, 64, 6),
(956, 'Toronto Croc Embossed Loafer', 6408528, '229.00', '229.00', '0.0', 0, 2, 1, 2, 206, 211),
(957, '\'Emmie\' Flat', 6420712, '35.50', '58.95', '4.0', 113, 2, 1, 2, 38, 212),
(958, 'Calliope Flat', 6422958, '94.95', '94.95', '0.0', 0, 2, 1, 2, 118, 28),
(959, 'Hope Flat', 6446539, '99.95', '99.95', '3.5', 4, 2, 1, 2, 55, 1),
(960, 'Needlepoint Traditional Palm on Sand Flat', 6448811, '268.00', '268.00', '0.0', 0, 2, 1, 2, 170, 33),
(961, 'Needlepoint Metallic Gold Scallop Flat', 6448819, '268.00', '268.00', '0.0', 0, 2, 1, 2, 170, 84),
(962, 'Needlepoint Diamond Flat', 6448848, '268.00', '268.00', '0.0', 0, 2, 1, 2, 170, 213),
(963, 'J.Renée Hanuko Embellished Loafer', 6458882, '109.95', '109.95', '0.0', 0, 2, 1, 2, 125, 44),
(964, 'Barbara Ballet Flat', 6478440, '268.00', '268.00', '0.0', 0, 2, 1, 2, 207, 33),
(965, 'Raina Water Resistant Suede Loafer', 6520094, '350.00', '350.00', '0.0', 0, 2, 1, 2, 62, 1),
(966, 'Total Motion® Laylani Loafer', 6534938, '110.00', '110.00', '4.3', 10, 2, 1, 2, 75, 8),
(967, 'Brinks Pointed Toe Flat', 6541430, '89.00', '89.00', '0.0', 0, 2, 1, 2, 146, 135),
(968, 'Bibi Flat', 6572312, '325.00', '325.00', '0.0', 0, 2, 1, 2, 127, 103),
(969, 'Appley Zip Loafer', 6590225, '130.00', '130.00', '3.7', 3, 2, 1, 2, 19, 44),
(970, 'Gomma Chain Loafer', 6590278, '745.00', '745.00', '0.0', 0, 2, 1, 2, 159, 6),
(971, 'Pamela Loafer', 6591086, '695.00', '695.00', '0.0', 0, 2, 1, 2, 105, 6),
(972, 'Radiant Ballet Flat', 6622701, '155.00', '155.00', '0.0', 0, 2, 1, 2, 145, 6),
(973, 'Kendy Pointed Toe Flat', 6623068, '99.00', '99.00', '0.0', 0, 2, 1, 2, 18, 1),
(974, 'Suzie Penny Loafer', 6745905, '109.00', '109.00', '5.0', 1, 2, 1, 2, 18, 201),
(975, 'Needlepoint Fox & Horn Flat', 6763318, '265.00', '265.00', '0.0', 0, 2, 1, 2, 170, 136),
(976, 'Needlepoint Whale Flat', 6763321, '265.00', '265.00', '0.0', 0, 2, 1, 2, 170, 88),
(977, 'Needlepoint Fleur de Lis Flat', 6763344, '265.00', '265.00', '0.0', 0, 2, 1, 2, 170, 84),
(978, 'Needlepoint Check Flat', 6763351, '265.00', '265.00', '0.0', 0, 2, 1, 2, 170, 3),
(979, 'Needlepoint Tweed Flat', 6763355, '265.00', '265.00', '0.0', 0, 2, 1, 2, 170, 214),
(980, 'Needlepoint Fleur de Lis Flat', 6763364, '265.00', '265.00', '0.0', 0, 2, 1, 2, 170, 1),
(981, 'Needlepoint Palm Tree Flat', 6763370, '265.00', '265.00', '0.0', 0, 2, 1, 2, 170, 97),
(982, '\'Ash\' Slip-On', 2892871, '94.95', '94.95', '4.0', 19, 2, 1, 2, 55, 184),
(983, '\'Sienna\' Mary Jane', 3241268, '100.00', '100.00', '4.4', 12, 2, 1, 2, 208, 89),
(984, '\'Hazel\' Flat', 3459247, '59.95', '59.95', '4.5', 12, 2, 1, 2, 89, 215),
(985, '\'Ganet\' Pointy Toe Flat', 4066537, '144.95', '144.95', '4.2', 17, 2, 1, 2, 74, 18),
(986, '\'Felicia - Stretch\' Wedge Loafer', 4172420, '119.95', '119.95', '4.0', 3, 2, 1, 2, 10, 1),
(987, '\'Caroline\' Tassel Loafer', 4377550, '129.95', '129.95', '4.5', 16, 2, 1, 2, 55, 197),
(988, 'Olympia Skimmer Flat', 4586763, '59.95', '59.95', '4.3', 44, 2, 1, 2, 87, 216),
(989, 'Samantha Flat', 4864268, '89.95', '89.95', '4.6', 16, 2, 1, 2, 55, 5),
(990, 'Aubrey Flat', 4977859, '99.95', '99.95', '4.3', 6, 2, 1, 2, 55, 18),
(991, 'Curlies Flat', 5127787, '69.95', '69.95', '2.0', 1, 2, 1, 2, 89, 1),
(992, 'Valerie Flat', 5165247, '69.95', '69.95', '1.0', 1, 2, 1, 2, 89, 4),
(993, 'Cage d\'Orsay Wedge', 5188668, '69.95', '69.95', '3.8', 4, 2, 1, 2, 165, 19),
(994, 'Berra Bit Driving Loafer', 5246340, '650.00', '650.00', '3.5', 2, 2, 1, 2, 66, 1),
(995, 'Original Waterproof Rubber Penny Loafer', 5247066, '135.00', '135.00', '4.4', 47, 2, 1, 2, 209, 28),
(996, 'Galen Flat', 5331597, '77.00', '109.95', '4.7', 3, 2, 1, 2, 104, 217),
(997, 'Ember Flat', 5348302, '129.95', '129.95', '4.4', 9, 2, 1, 2, 55, 29),
(998, 'Dassie Stitch Buckle Slip-On', 5353715, '74.96', '99.95', '4.0', 62, 2, 1, 2, 210, 41),
(999, 'Authentic Original Boat Shoe', 5391088, '109.95', '109.95', '2.5', 2, 2, 1, 2, 41, 28),
(1000, '\'Tru Blu\' Flat', 5452383, '69.95', '69.95', '4.1', 45, 2, 1, 2, 87, 1),
(1001, 'HL57 Loafer', 5491114, '224.95', '224.95', '5.0', 3, 2, 1, 2, 189, 218),
(1002, 'Samantha Flat', 5687534, '89.95', '89.95', '4.6', 16, 2, 1, 2, 55, 1),
(1003, 'Leatha Open Weave Skimmer Flat', 5687587, '89.95', '89.95', '3.3', 7, 2, 1, 2, 55, 17),
(1004, 'Casey Flat', 5711553, '59.37', '98.95', '3.9', 8, 2, 1, 2, 53, 5),
(1005, 'Lena Flat', 5725222, '99.95', '99.95', '4.0', 1, 2, 1, 2, 55, 1),
(1006, 'Rona Mary Jane Flat', 5734722, '114.95', '114.95', '1.0', 3, 2, 1, 2, 55, 72),
(1007, 'Dellis Ballet Flat', 5734725, '99.95', '99.95', '0.0', 0, 2, 1, 2, 55, 219),
(1008, 'Anahita Loafer', 5737245, '69.95', '69.95', '0.0', 0, 2, 1, 2, 39, 1),
(1009, 'Grayson Slingback Flat', 5750659, '71.96', '119.95', '3.5', 11, 2, 1, 2, 30, 6),
(1010, 'Lala Espadrille Flat', 5754339, '79.97', '140.00', '4.6', 11, 2, 1, 2, 24, 42),
(1011, 'Zana Loafer', 5756565, '64.97', '129.95', '3.8', 9, 2, 1, 2, 12, 6),
(1012, 'J.Renée Gemlight Flat', 5800716, '109.00', '109.00', '0.0', 0, 2, 1, 2, 125, 1),
(1013, 'Pure2 Loafer', 5801664, '139.95', '139.95', '0.0', 0, 2, 1, 2, 19, 1),
(1014, 'Delmar Flat', 5809349, '116.95', '116.95', '4.0', 1, 2, 1, 2, 73, 1),
(1015, 'Penny Loafer', 5857573, '225.00', '225.00', '0.0', 0, 2, 1, 2, 190, 30),
(1016, 'Streetwise Mary Jane Flat', 5860412, '79.95', '79.95', '0.0', 0, 2, 1, 2, 39, 114),
(1017, 'Cap Toe Loafer', 5864813, '82.50', '165.00', '3.0', 1, 2, 1, 2, 137, 148),
(1018, 'Harlowe Flat', 5933484, '99.95', '99.95', '4.0', 1, 2, 1, 2, 55, 4),
(1019, 'Bella Cap Toe Flat', 5941064, '130.00', '130.00', '0.0', 0, 2, 1, 2, 211, 1),
(1020, 'Penelope Genuine Calf Hair Loafer', 5946449, '62.97', '159.00', '3.5', 4, 2, 1, 2, 140, 18),
(1021, 'Disco Ballet Flat', 5967709, '275.00', '275.00', '0.0', 0, 2, 1, 2, 107, 72),
(1022, 'Golinda Genuine Calf Hair Loafer', 6290269, '66.00', '109.95', '0.0', 0, 2, 1, 2, 33, 214),
(1023, 'Auberon Flat', 6293065, '80.00', '80.00', '0.0', 0, 2, 1, 2, 139, 67),
(1024, 'Auberon Flat', 6293071, '80.00', '80.00', '0.0', 0, 2, 1, 2, 139, 220),
(1025, 'Sylvia Flat', 6446544, '109.95', '109.95', '0.0', 0, 2, 1, 2, 55, 89),
(1026, 'Needlepoint Crab Flat', 6448815, '268.00', '268.00', '0.0', 0, 2, 1, 2, 170, 33),
(1027, 'Needlepoint Mini Leopard Flat', 6448816, '268.00', '268.00', '0.0', 0, 2, 1, 2, 170, 43),
(1028, 'Needlepoint Crab & Lobster Flat', 6448817, '268.00', '268.00', '0.0', 0, 2, 1, 2, 170, 140),
(1029, 'Needlepoint Bluebell Bouquet Flat', 6448821, '268.00', '268.00', '0.0', 0, 2, 1, 2, 170, 193),
(1030, 'Needlepoint Parrot Flat', 6448830, '268.00', '268.00', '0.0', 0, 2, 1, 2, 170, 42),
(1031, 'Needlepoint Crab Flat', 6448850, '268.00', '268.00', '0.0', 0, 2, 1, 2, 170, 146),
(1032, 'Needlepoint Bee Flat', 6448901, '268.00', '268.00', '0.0', 0, 2, 1, 2, 170, 221),
(1033, 'Needlepoint Tweed Flat', 6448902, '268.00', '268.00', '0.0', 0, 2, 1, 2, 170, 140),
(1034, 'Charlene Flat', 6457357, '63.00', '90.00', '5.0', 1, 2, 1, 2, 110, 89),
(1035, 'Zanna Suede Flat', 6514512, '65.99', '139.00', '0.0', 0, 2, 1, 2, 212, 17),
(1036, 'Monica Ballet Flat', 6532913, '81.95', '81.95', '3.0', 1, 2, 1, 2, 89, 1),
(1037, 'Briya Ankle Strap Flat', 6541449, '89.00', '89.00', '0.0', 0, 2, 1, 2, 146, 1),
(1038, 'Gomma Lugged Loafer', 6590266, '795.00', '795.00', '0.0', 0, 2, 1, 2, 159, 15),
(1039, 'Kate Chain Detail Loafer', 6590272, '795.00', '795.00', '0.0', 0, 2, 1, 2, 159, 72),
(1040, 'Anklet Ballerina Flat', 6604701, '750.00', '750.00', '0.0', 0, 2, 1, 2, 186, 13),
(1041, 'Susie Flat', 6605653, '159.95', '159.95', '0.0', 0, 2, 1, 2, 77, 4),
(1042, 'Genuine Calf Hair Buckle Flat', 6659526, '350.00', '350.00', '4.2', 5, 2, 1, 2, 213, 20),
(1043, 'honey ballet flat', 6667582, '128.00', '128.00', '2.7', 3, 2, 1, 2, 78, 1),
(1044, 'Pure Slip Flat', 6668209, '48.00', '120.00', '2.5', 2, 2, 1, 2, 19, 222),
(1045, 'Lola Flat', 6670801, '140.00', '140.00', '5.0', 1, 2, 1, 2, 91, 138),
(1046, 'Babette Pointed Toe Flat', 6679130, '198.00', '198.00', '3.0', 2, 2, 1, 2, 4, 223),
(1047, 'Needlepoint Ho Ho Flat', 6763341, '265.00', '265.00', '0.0', 0, 2, 1, 2, 170, 1),
(1048, 'Needlepoint Bee Flat', 6763349, '265.00', '265.00', '0.0', 0, 2, 1, 2, 170, 224),
(1049, 'Needlepoint Bee Flat', 6763350, '265.00', '265.00', '0.0', 0, 2, 1, 2, 170, 225),
(1050, 'Needlepoint Herringbone Flat', 6763374, '265.00', '265.00', '0.0', 0, 2, 1, 2, 170, 77),
(1051, '\'Mandalaye\' Leather Flat', 3647955, '68.95', '68.95', '4.5', 53, 2, 1, 2, 54, 226),
(1052, 'Sharp Ballet Flat', 4977939, '89.95', '89.95', '0.0', 0, 2, 1, 2, 55, 137),
(1053, 'Rumson Flat', 4979836, '74.21', '98.95', '4.6', 7, 2, 1, 2, 155, 1),
(1054, 'Bettye Muller Tropic Platform', 5075300, '59.97', '59.97', '4.0', 1, 2, 1, 2, 165, 15),
(1055, 'Bella d\'Orsay Flat', 5174521, '119.95', '119.95', '4.4', 8, 2, 1, 2, 104, 160),
(1056, 'Demi d\'Orsay Flat', 5315271, '119.95', '119.95', '3.9', 11, 2, 1, 2, 25, 227),
(1057, 'Petra Flat', 5319128, '69.95', '69.95', '2.0', 4, 2, 1, 2, 89, 228),
(1058, 'Savina Ballerina Flat', 5370895, '530.00', '530.00', '4.3', 4, 2, 1, 2, 66, 1),
(1059, 'Bambi Flat', 5399333, '174.95', '174.95', '5.0', 1, 2, 1, 2, 77, 28),
(1060, 'Xanthia Cutout Loafer', 5404988, '99.97', '258.95', '4.3', 3, 2, 1, 2, 83, 1),
(1061, 'Eugene Travel Ballet Flat', 5428258, '129.95', '129.95', '3.9', 16, 2, 1, 2, 181, 30),
(1062, 'Zena Espadrille Wedge', 5535903, '89.95', '89.95', '4.0', 3, 2, 1, 2, 73, 1),
(1063, 'April Mary Jane Flat', 5538197, '179.95', '179.95', '5.0', 1, 2, 1, 2, 77, 28),
(1064, 'Maretto Flat', 5561684, '65.96', '109.95', '3.7', 3, 2, 1, 2, 214, 201),
(1065, 'Walden Loafer', 5602125, '148.00', '185.00', '3.7', 3, 2, 1, 2, 2, 1),
(1066, 'Kylie Lace-Up Flat', 5609032, '65.95', '110.95', '4.0', 2, 2, 1, 2, 201, 20),
(1067, '\'Adora\' Slip-On', 5642064, '109.95', '109.95', '3.7', 21, 2, 1, 2, 46, 154),
(1068, 'Platform Penny Loafer', 5645353, '645.00', '645.00', '4.0', 2, 2, 1, 2, 159, 1),
(1069, 'Odalyz Buckle Flat', 5727731, '89.00', '89.00', '5.0', 1, 2, 1, 2, 125, 18),
(1070, 'Della Skimmer Flat', 5758170, '109.95', '109.95', '4.0', 2, 2, 1, 2, 55, 1),
(1071, 'Hill Pointed Toe Flat', 5773148, '78.95', '78.95', '4.0', 2, 2, 1, 2, 16, 41),
(1072, 'Brinley Knit Flat', 5792279, '58.95', '58.95', '3.0', 2, 2, 1, 2, 54, 36),
(1073, 'C-33245 Wedge Loafer', 5798808, '169.95', '169.95', '0.0', 0, 2, 1, 2, 96, 19),
(1074, 'Anah Bow Flat', 5801425, '89.95', '89.95', '0.0', 0, 2, 1, 2, 14, 1),
(1075, 'Lock Woody Loafer', 5832540, '895.00', '895.00', '5.0', 2, 2, 1, 2, 173, 1),
(1076, 'Gabbie Leopard Print Suede Flat', 5890161, '47.40', '69.00', '3.3', 3, 2, 1, 2, 115, 18),
(1077, 'Pointed Toe Ballet Flat', 5891286, '625.00', '625.00', '0.0', 0, 2, 1, 2, 215, 5),
(1078, 'Pure Ballet Flat', 5899256, '120.00', '120.00', '4.6', 8, 2, 1, 2, 19, 195),
(1079, 'Roman Stud Loafer', 5915033, '890.00', '890.00', '0.0', 0, 2, 1, 2, 103, 1),
(1080, 'Fantasia Wedge Mary Jane', 5916238, '59.99', '59.99', '0.0', 0, 2, 1, 2, 97, 1),
(1081, 'Lena Pointed Toe Flat', 5919005, '119.95', '119.95', '0.0', 0, 2, 1, 2, 12, 149),
(1082, 'Kerri Pointed Toe Flat', 5919536, '69.95', '69.95', '0.0', 0, 2, 1, 2, 27, 1),
(1083, 'Capted Flat', 5961878, '79.00', '79.00', '0.0', 0, 2, 1, 2, 146, 72),
(1084, 'Havana Flat', 5964935, '120.00', '120.00', '4.5', 2, 2, 1, 2, 5, 53),
(1085, 'Platform Mary Jane', 5967707, '265.00', '265.00', '0.0', 0, 2, 1, 2, 107, 229),
(1086, 'Edition Flat', 5969924, '58.95', '58.95', '0.0', 0, 2, 1, 2, 158, 63),
(1087, 'Deanna Genuine Shearling Penny Loafer', 5970963, '850.00', '850.00', '0.0', 0, 2, 1, 2, 169, 33),
(1088, 'Avienta Loafer', 6113400, '47.40', '79.00', '3.5', 4, 2, 1, 2, 115, 99),
(1089, 'Smolqua Wingtip Loafer', 6148374, '109.95', '109.95', '0.0', 0, 2, 1, 2, 39, 98),
(1090, 'Alex Loafer', 6150426, '175.00', '175.00', '0.0', 0, 2, 1, 2, 67, 1),
(1091, 'HK Genuine Calf Hair Bit Loafer', 6408503, '188.00', '188.00', '0.0', 0, 2, 1, 2, 206, 18),
(1092, 'Twins Mismatched Loafers', 6419658, '112.00', '160.00', '0.0', 0, 2, 1, 2, 2, 1),
(1093, 'Danni Leather & Suede Flat', 6446541, '109.95', '109.95', '2.0', 1, 2, 1, 2, 55, 89),
(1094, 'Isla Wedge Flat', 6446693, '109.95', '109.95', '0.0', 0, 2, 1, 2, 55, 230),
(1095, 'Needlepoint Herringbone Flat', 6448813, '268.00', '268.00', '0.0', 0, 2, 1, 2, 170, 223),
(1096, 'Needlepoint Check Flat', 6448832, '268.00', '268.00', '0.0', 0, 2, 1, 2, 170, 122),
(1097, 'Needlepoint Lobster Flat', 6448833, '268.00', '268.00', '0.0', 0, 2, 1, 2, 170, 33),
(1098, 'Needlepoint Herringbone Flat', 6448838, '268.00', '268.00', '0.0', 0, 2, 1, 2, 170, 231),
(1099, 'Needlepoint Palm Tree Flat', 6448846, '268.00', '268.00', '0.0', 0, 2, 1, 2, 170, 84),
(1100, 'Needlepoint Silver & Gold Bee Flat', 6448898, '268.00', '268.00', '0.0', 0, 2, 1, 2, 170, 1),
(1101, 'Freja Smoking Loafer', 6481481, '248.00', '248.00', '0.0', 0, 2, 1, 2, 177, 119),
(1102, 'Iggy Penny Loafer', 6488143, '89.95', '89.95', '0.0', 0, 2, 1, 2, 7, 71),
(1103, 'Laurie Patent Leather Loafer', 6489103, '197.95', '197.95', '0.0', 0, 2, 1, 2, 216, 1),
(1104, 'Penfield Flat', 6516573, '100.00', '100.00', '4.1', 7, 2, 1, 2, 131, 232),
(1105, 'Blair Water Resistant Mary Jane', 6520582, '95.00', '95.00', '0.0', 0, 2, 1, 2, 56, 29),
(1106, 'Crosbie Loafer', 6525600, '120.00', '120.00', '3.6', 5, 2, 1, 2, 131, 1),
(1107, 'Hart Knit Flat', 6530226, '69.95', '69.95', '0.0', 0, 2, 1, 2, 87, 135),
(1108, 'Monica Flat', 6532796, '81.95', '81.95', '0.0', 0, 2, 1, 2, 89, 233),
(1109, 'Laiuza Ballet Flat', 6535310, '158.00', '395.00', '0.0', 0, 2, 1, 2, 197, 129),
(1110, 'Eleanor Crystal Ballet Flat', 6545719, '348.00', '348.00', '0.0', 0, 2, 1, 2, 3, 234),
(1111, 'Rolo Gancio Bit Loafer', 6564991, '795.00', '795.00', '3.3', 3, 2, 1, 2, 66, 4),
(1112, 'Famed Loafer', 6591082, '695.00', '695.00', '0.0', 0, 2, 1, 2, 105, 129),
(1113, 'Frustrum Jeweled Loafer', 6591095, '795.00', '795.00', '0.0', 0, 2, 1, 2, 105, 19),
(1114, 'L45 Mary Jane', 6592684, '115.00', '115.00', '0.0', 0, 2, 1, 2, 122, 3),
(1115, 'Ace Lace-Up Loafer', 6604090, '199.00', '199.00', '0.0', 0, 2, 1, 2, 206, 72),
(1116, 'Toby Pointed Toe Flat', 6611251, '77.97', '129.95', '4.2', 63, 2, 1, 2, 30, 178),
(1117, 'Behold Embellished Flat', 6643403, '89.00', '89.00', '0.0', 0, 2, 1, 2, 146, 5),
(1118, 'Brina Front Zip Flat', 6643512, '89.00', '89.00', '0.0', 0, 2, 1, 2, 146, 1),
(1119, 'Canal Loafer', 6690475, '890.00', '890.00', '0.0', 0, 2, 1, 2, 119, 6),
(1120, 'Heritage Noreen Boat Shoe', 6776954, '140.00', '140.00', '0.0', 0, 2, 1, 2, 199, 1),
(1121, 'Yoshi Smoking Slipper', 6823012, '297.00', '495.00', '4.5', 13, 2, 1, 2, 193, 44),
(1122, '\'Authentic Original\' Boat Shoe', 2854834, '94.95', '94.95', '4.5', 1564, 2, 1, 2, 41, 28),
(1123, '\'Theresa\' Slip-On', 3338483, '149.95', '149.95', '4.3', 26, 2, 1, 2, 37, 9),
(1124, '\'Cheshire\' Flat', 3529835, '89.95', '89.95', '4.0', 44, 2, 1, 2, 14, 30),
(1125, 'Cahill Flat', 4486957, '71.16', '88.95', '4.4', 124, 2, 1, 2, 38, 76),
(1126, 'Jacob Loafer', 4977911, '84.99', '99.95', '5.0', 1, 2, 1, 2, 55, 18),
(1127, 'Ballerina Flat', 5066936, '135.00', '135.00', '4.0', 1, 2, 1, 2, 147, 52),
(1128, 'Roma Flat', 5216357, '79.90', '144.95', '4.0', 2, 2, 1, 2, 61, 197),
(1129, 'Alina Wedge Flat', 5308933, '80.00', '80.00', '0.0', 0, 2, 1, 2, 87, 214),
(1130, 'Ida Loafer', 5352782, '119.95', '119.95', '4.1', 7, 2, 1, 2, 133, 52),
(1131, 'Lina Flat', 5389882, '114.95', '114.95', '3.5', 6, 2, 1, 2, 73, 2),
(1132, 'Mallow Ballet Flat', 5494419, '74.95', '74.95', '4.0', 2, 2, 1, 2, 89, 5),
(1133, 'Dax d\'Orsay Flat', 5593640, '129.95', '129.95', '4.0', 6, 2, 1, 2, 25, 99),
(1134, 'Lena Flat', 5598401, '99.95', '99.95', '4.0', 1, 2, 1, 2, 55, 17),
(1135, 'Grace Flat', 5645718, '85.95', '85.95', '4.0', 3, 2, 1, 2, 63, 29),
(1136, 'Katrice Loafer', 5684576, '194.95', '194.95', '0.0', 0, 2, 1, 2, 77, 1),
(1137, 'Social Flat', 5691988, '98.95', '98.95', '0.0', 0, 2, 1, 2, 138, 1),
(1138, 'Block Heel Penny Loafer', 5698712, '245.97', '410.00', '3.0', 2, 2, 1, 2, 217, 1),
(1139, 'Fauna Block Heel Flat', 5709350, '325.00', '325.00', '1.0', 1, 2, 1, 2, 52, 17),
(1140, 'Pure2 Loafer', 5711811, '119.95', '119.95', '2.0', 4, 2, 1, 2, 19, 3),
(1141, 'Hanuko Crystal Embellished Loafer Flat', 5727737, '109.95', '109.95', '0.0', 0, 2, 1, 2, 125, 4),
(1142, 'Jaiden Loafer', 5734707, '99.95', '99.95', '5.0', 1, 2, 1, 2, 55, 1),
(1143, 'Sonoma Cap Toe Flat', 5751401, '99.95', '99.95', '0.0', 0, 2, 1, 2, 46, 235),
(1144, 'Sonoma Knot Flat', 5751402, '99.95', '99.95', '5.0', 1, 2, 1, 2, 46, 236),
(1145, 'Delilah Slingback Flat', 5753295, '119.95', '119.95', '0.0', 0, 2, 1, 2, 25, 1),
(1146, 'Lila Pointed Toe Loafer', 5763241, '239.86', '358.00', '4.8', 52, 2, 1, 2, 3, 171),
(1147, 'Garny Loafer', 5787129, '64.97', '108.95', '0.0', 0, 2, 1, 2, 38, 119),
(1148, 'Ramen Flat', 5792425, '80.50', '115.00', '4.0', 4, 2, 1, 2, 42, 237),
(1149, 'Delmar Flat', 5809400, '116.95', '116.95', '0.0', 0, 2, 1, 2, 73, 1),
(1150, 'Dale Driving Loafer', 5814952, '159.00', '265.00', '4.5', 2, 2, 1, 2, 107, 5),
(1151, '\'Mandalaye\' Leather Flat', 5816854, '68.95', '68.95', '4.5', 53, 2, 1, 2, 54, 36),
(1152, 'Streetwise Mary Jane', 5862919, '79.95', '79.95', '0.0', 0, 2, 1, 2, 39, 6),
(1153, 'Kaula Olu Iki Espadrille Mule', 5864478, '120.00', '120.00', '0.0', 0, 2, 1, 2, 15, 8),
(1154, 'Corinne Loafer', 5880931, '228.00', '228.00', '0.0', 0, 2, 1, 2, 207, 42),
(1155, 'Hour Penny Loafer Flat', 5883497, '120.00', '120.00', '4.3', 3, 2, 1, 2, 42, 3),
(1156, 'Darby Flat', 5885031, '109.95', '109.95', '0.0', 0, 2, 1, 2, 201, 90),
(1157, 'Onalee Mary Jane Flat', 5886299, '74.95', '74.95', '0.0', 0, 2, 1, 2, 118, 1),
(1158, 'Appley Loafer', 5899187, '130.00', '130.00', '4.6', 16, 2, 1, 2, 19, 11),
(1159, 'Appley Zip Loafer', 5899194, '130.00', '130.00', '4.5', 4, 2, 1, 2, 19, 11),
(1160, 'Grace Piper Flat', 5899197, '100.00', '100.00', '4.7', 3, 2, 1, 2, 19, 27),
(1161, 'Ali McGraw by Butter Shoes Pavlova Flat', 5903525, '275.00', '275.00', '0.0', 0, 2, 1, 2, 148, 176),
(1162, 'Brea Flat', 5908524, '138.97', '278.00', '0.0', 0, 2, 1, 2, 218, 1),
(1163, 'Alisa Flat', 5908558, '129.97', '278.00', '0.0', 0, 2, 1, 2, 218, 17),
(1164, 'Emotion Flat', 5933520, '130.00', '130.00', '0.0', 0, 2, 1, 2, 55, 5),
(1165, 'Liz Croc Print Flat', 5934073, '99.95', '99.95', '5.0', 1, 2, 1, 2, 55, 30),
(1166, 'Andra Platform Espadrille', 5945322, '198.00', '198.00', '0.0', 0, 2, 1, 2, 177, 6),
(1167, 'Havana Croc Embossed Flat', 5964936, '120.00', '120.00', '0.0', 0, 2, 1, 2, 5, 238),
(1168, 'Gero Loafer', 5967700, '275.00', '275.00', '0.0', 0, 2, 1, 2, 107, 78),
(1169, 'Blackbird Knit Flat', 6147966, '120.00', '120.00', '4.5', 2, 2, 1, 2, 8, 4),
(1170, 'Blackbird Knit Flat', 6148001, '120.00', '120.00', '0.0', 0, 2, 1, 2, 8, 229),
(1171, 'Noral Wedge Shoe', 6241288, '69.95', '69.95', '0.0', 0, 2, 1, 2, 185, 18),
(1172, 'Hill Pointy Toe Flat', 6414547, '78.95', '78.95', '3.8', 22, 2, 1, 2, 16, 84),
(1173, 'Hill Pointed Toe Flat', 6414549, '78.95', '78.95', '4.0', 2, 2, 1, 2, 16, 82),
(1174, 'Seraphina Flat', 6442909, '231.00', '385.00', '0.0', 0, 2, 1, 2, 17, 1),
(1175, 'Needlepoint Tassel Flat', 6448822, '268.00', '268.00', '0.0', 0, 2, 1, 2, 170, 146),
(1176, 'Needlepoint American Flag Flat', 6448899, '268.00', '268.00', '0.0', 0, 2, 1, 2, 170, 28),
(1177, 'Pure2 Flat', 6466334, '59.98', '119.95', '1.0', 1, 2, 1, 2, 19, 83),
(1178, 'Cate Felted Wool Mary Jane', 6470725, '170.00', '170.00', '0.0', 0, 2, 1, 2, 219, 8),
(1179, 'Taline Leopard Print Genuine Calf Hair Moccasin', 6481489, '248.00', '248.00', '0.0', 0, 2, 1, 2, 177, 18),
(1180, 'Creeper Penny Loafer', 6488729, '825.00', '825.00', '0.0', 0, 2, 1, 2, 159, 1),
(1181, 'Monceau T-Strap Loafer', 6529876, '1090.00', '1090.00', '2.0', 1, 2, 1, 2, 119, 18);
INSERT INTO `flats` (`flats_id`, `product_name`, `sku`, `price_current_usd`, `price_retail_usd`, `review_rating`, `review_count`, `department_id`, `category_id`, `sub_category_id`, `flats_brand_id`, `flats_color_id`) VALUES
(1182, 'Hangisi Crystal Buckle Mesh Flat', 6530758, '1145.00', '1145.00', '5.0', 1, 2, 1, 2, 156, 19),
(1183, 'Total Motion® Laylani Flat', 6534933, '110.00', '110.00', '4.3', 10, 2, 1, 2, 75, 1),
(1184, 'Georgia Calf Hair Loafer', 6581753, '76.97', '110.00', '4.0', 1, 2, 1, 2, 42, 18),
(1185, 'Leaf Hardware Pointed Toe Flat', 6604706, '990.00', '990.00', '0.0', 0, 2, 1, 2, 186, 1),
(1186, 'Camden Knit Flat', 6609343, '69.00', '69.00', '0.0', 0, 2, 1, 2, 16, 1),
(1187, 'Cloudfeel All Day Ballet Flat', 6610260, '56.97', '150.00', '3.3', 7, 2, 1, 2, 23, 18),
(1188, 'Audrey Pebbled Leather Espadrille Flat', 6687824, '108.00', '108.00', '0.0', 0, 2, 1, 2, 79, 239),
(1189, 'Needlepoint Stripe Flat', 6763339, '265.00', '265.00', '0.0', 0, 2, 1, 2, 170, 46),
(1190, 'Needlepoint Peony Flat', 6763340, '265.00', '265.00', '0.0', 0, 2, 1, 2, 170, 84),
(1191, 'Twins Mismatched Mule', 6803014, '160.00', '160.00', '0.0', 0, 2, 1, 2, 2, 29),
(1192, '\'Betty\' Cap Toe Flat', 4421883, '169.95', '169.95', '4.3', 15, 2, 1, 2, 77, 193),
(1193, 'Hailey Skimmer Flat', 4674531, '355.00', '355.00', '3.5', 2, 2, 1, 2, 112, 17),
(1194, 'Libora Slip-On Flat', 4802898, '129.95', '129.95', '4.3', 3, 2, 1, 2, 164, 1),
(1195, 'Neenah Lark Flat', 5024322, '94.95', '94.95', '2.9', 28, 2, 1, 2, 19, 72),
(1196, 'Jenyfer Mary Jane Shoe', 5026157, '184.90', '274.95', '3.0', 2, 2, 1, 2, 92, 148),
(1197, 'Estee Pointed Toe Flat', 5238394, '135.00', '135.00', '4.3', 56, 2, 1, 2, 55, 89),
(1198, 'Bow Logo Pointed Toe Flat', 5312357, '675.00', '675.00', '4.1', 10, 2, 1, 2, 102, 53),
(1199, 'Severn Loafer', 5313505, '109.95', '109.95', '4.3', 25, 2, 1, 2, 214, 18),
(1200, 'Alegria Dixie Platform Loafer', 5394347, '129.95', '129.95', '4.0', 1, 2, 1, 2, 134, 2),
(1201, 'Alegria Paytin Loafer', 5394370, '129.95', '129.95', '0.0', 0, 2, 1, 2, 134, 1),
(1202, 'Bit Loafer', 5497059, '97.30', '97.30', '5.0', 4, 2, 1, 2, 182, 63),
(1203, 'Rally Flat', 5505558, '118.95', '118.95', '0.0', 0, 2, 1, 2, 155, 240),
(1204, 'Gala Espadrille Flat', 5506326, '90.00', '120.00', '3.5', 4, 2, 1, 2, 220, 5),
(1205, 'Erica Skimmer', 5598372, '135.00', '135.00', '5.0', 1, 2, 1, 2, 55, 15),
(1206, 'Fabry Mary Jane Flat', 5601525, '105.95', '105.95', '0.0', 0, 2, 1, 2, 63, 201),
(1207, 'Cherrie Slip-On Deck Shoe', 5601550, '105.95', '105.95', '0.0', 0, 2, 1, 2, 63, 241),
(1208, 'Judita Skimmer Flat', 5615387, '164.95', '164.95', '0.0', 0, 2, 1, 2, 74, 1),
(1209, 'Libora Slip-On Flat', 5633226, '129.95', '129.95', '4.3', 3, 2, 1, 2, 164, 28),
(1210, 'Moa Pointed Toe Flat', 5690241, '295.00', '295.00', '0.0', 0, 2, 1, 2, 80, 4),
(1211, 'Melinda Loafer', 5719208, '99.95', '99.95', '1.0', 1, 2, 1, 2, 55, 132),
(1212, 'Smolqua Loafer', 5730128, '109.95', '109.95', '4.0', 1, 2, 1, 2, 39, 28),
(1213, 'Sizzle Flat', 5734730, '99.95', '99.95', '5.0', 1, 2, 1, 2, 55, 41),
(1214, 'Smolqua Flat', 5737264, '109.95', '109.95', '0.0', 0, 2, 1, 2, 39, 18),
(1215, 'Ainsa Mary Jane Flat', 5744036, '179.95', '179.95', '4.0', 1, 2, 1, 2, 94, 1),
(1216, 'Ballerina Flat', 5751382, '134.95', '134.95', '4.0', 1, 2, 1, 2, 147, 44),
(1217, 'Minka Loafer', 5753279, '119.95', '119.95', '3.0', 1, 2, 1, 2, 25, 242),
(1218, 'Doris Slingback Flat', 5753297, '109.95', '109.95', '0.0', 0, 2, 1, 2, 25, 40),
(1219, 'Della Skimmer Flat', 5759075, '109.95', '109.95', '4.0', 2, 2, 1, 2, 55, 72),
(1220, 'Ancient Penny Loafer', 5771674, '595.00', '595.00', '0.0', 0, 2, 1, 2, 105, 60),
(1221, 'Cap Toe Loafer', 5790198, '298.00', '365.00', '4.6', 20, 2, 1, 2, 17, 1),
(1222, 'Baily Embellished Pointed Toe Flat', 5797977, '975.00', '975.00', '0.0', 0, 2, 1, 2, 169, 30),
(1223, 'Sadira Pointed Toe Flat', 5809368, '165.00', '165.00', '0.0', 0, 2, 1, 2, 74, 1),
(1224, 'Zanna Suede Flat', 5826729, '139.00', '139.00', '0.0', 0, 2, 1, 2, 212, 243),
(1225, 'Audrey Ankle Strap Flat', 5834122, '395.00', '395.00', '5.0', 1, 2, 1, 2, 221, 30),
(1226, 'Guliana Pointed Toe Flat', 5865998, '329.00', '329.00', '0.0', 0, 2, 1, 2, 32, 1),
(1227, 'Wander Loafer', 5872494, '850.00', '850.00', '0.0', 0, 2, 1, 2, 222, 1),
(1228, 'Kristy Woven Flat', 5884714, '120.00', '120.00', '0.0', 0, 2, 1, 2, 104, 90),
(1229, 'Myla Flat', 5885180, '315.00', '315.00', '0.0', 0, 2, 1, 2, 168, 8),
(1230, 'Cheetah Print Espadrille Flat', 5910882, '495.00', '495.00', '0.0', 0, 2, 1, 2, 223, 214),
(1231, 'Lydia Driving Shoe', 5917942, '99.00', '99.00', '2.0', 1, 2, 1, 2, 18, 135),
(1232, 'Westport Loafer', 5933073, '119.95', '119.95', '0.0', 0, 2, 1, 2, 46, 18),
(1233, 'Lena Slingback Flat', 5933506, '99.95', '99.95', '0.0', 0, 2, 1, 2, 55, 30),
(1234, 'Rona Mary Jane', 5934064, '114.95', '114.95', '0.0', 0, 2, 1, 2, 55, 30),
(1235, 'Channing Loafer', 5935573, '339.00', '339.00', '0.0', 0, 2, 1, 2, 32, 45),
(1236, 'Aldwych Croc Embossed Mary Jane Platform Shoe', 5936142, '720.00', '720.00', '0.0', 0, 2, 1, 2, 100, 1),
(1237, 'Kendra Ankle Strap Flat', 5958115, '375.00', '375.00', '0.0', 0, 2, 1, 2, 112, 17),
(1238, 'Hangisi Crystal Buckle Flat', 5960788, '1095.00', '1095.00', '0.0', 0, 2, 1, 2, 156, 72),
(1239, 'The Adelle Ballet Flat', 5970431, '118.00', '118.00', '4.0', 3, 2, 1, 2, 98, 5),
(1240, 'Vivien Waterproof Ballet Flat', 6093135, '269.00', '269.00', '0.0', 0, 2, 1, 2, 136, 20),
(1241, 'Kate Chain Detail Loafer', 6115875, '795.00', '795.00', '0.0', 0, 2, 1, 2, 159, 18),
(1242, 'HK Croc Embossed Bit Loafer', 6408500, '188.00', '188.00', '0.0', 0, 2, 1, 2, 206, 244),
(1243, 'Iconic Flat', 6414515, '109.00', '109.00', '4.8', 5, 2, 1, 2, 53, 18),
(1244, 'Maggie Penny Loafer', 6418418, '138.00', '138.00', '0.0', 0, 2, 1, 2, 140, 11),
(1245, 'Viva Bow Metallic Pointed Toe Flat', 6440469, '750.00', '750.00', '0.0', 0, 2, 1, 2, 66, 29),
(1246, 'Wedge Loafer', 6441576, '189.00', '189.00', '5.0', 1, 2, 1, 2, 147, 1),
(1247, 'gogo flat', 6448487, '198.00', '198.00', '2.0', 1, 2, 1, 2, 78, 90),
(1248, 'Needlepoint Big Cat Flat', 6448814, '268.00', '268.00', '0.0', 0, 2, 1, 2, 170, 44),
(1249, 'Needlepoint Herringbone Flat', 6448823, '268.00', '268.00', '0.0', 0, 2, 1, 2, 170, 224),
(1250, 'Needlepoint Fish Scale Flat', 6448825, '268.00', '268.00', '0.0', 0, 2, 1, 2, 170, 122),
(1251, 'Needlepoint Snakeskin Pattern Flat', 6448829, '268.00', '268.00', '0.0', 0, 2, 1, 2, 170, 44),
(1252, 'Needlepoint Nautical Flat', 6448840, '268.00', '268.00', '0.0', 0, 2, 1, 2, 170, 27),
(1253, 'Fancy Square Toe Flat', 6457613, '109.00', '109.00', '0.0', 0, 2, 1, 2, 18, 1),
(1254, 'Square Toe Mary Jane', 6475004, '158.00', '395.00', '0.0', 0, 2, 1, 2, 65, 1),
(1255, 'Celestial Embroidered Moccasin', 6481485, '248.00', '248.00', '0.0', 0, 2, 1, 2, 177, 1),
(1256, 'Viva Bow Pointed Toe Ballet Flat', 6543363, '730.00', '730.00', '0.0', 0, 2, 1, 2, 66, 245),
(1257, 'Cruise Ankle Tie Flat', 6576791, '295.00', '295.00', '0.0', 0, 2, 1, 2, 52, 1),
(1258, 'Piper Superlift Loafer', 6607442, '495.00', '495.00', '0.0', 0, 2, 1, 2, 106, 1),
(1259, 'Brothers Polze Leather Mismatched Chukka Sneaker', 6622092, '299.00', '299.00', '0.0', 0, 2, 1, 2, 2, 6),
(1260, 'Needlepoint Loafer', 6763324, '265.00', '265.00', '0.0', 0, 2, 1, 2, 170, 1),
(1261, 'Betty Pointed Toe Flat', 6766866, '159.97', '295.00', '0.0', 0, 2, 1, 2, 80, 5),
(1262, 'Twins Mismatched Flat', 6802992, '195.00', '195.00', '0.0', 0, 2, 1, 2, 2, 72),
(1263, 'Hangisi Flat', 3375698, '955.00', '955.00', '4.1', 18, 2, 1, 2, 156, 182),
(1264, '\'Maxy\' Slip-On', 3512413, '149.95', '149.95', '4.8', 5, 2, 1, 2, 74, 1),
(1265, 'Varina Leather Flat', 4551029, '650.00', '650.00', '4.6', 69, 2, 1, 2, 66, 246),
(1266, 'Waverly Mary Jane Wedge', 4721319, '109.95', '109.95', '4.6', 7, 2, 1, 2, 46, 89),
(1267, 'Glicine Genuine Fur Trim Flat', 4933733, '260.00', '260.00', '5.0', 1, 2, 1, 2, 107, 8),
(1268, 'Lilibeth Convertible Logo Espadrille', 4967204, '690.00', '690.00', '3.1', 10, 2, 1, 2, 35, 17),
(1269, 'Colibri Logo Pointed Toe Flat', 5092688, '770.00', '770.00', '5.0', 9, 2, 1, 2, 224, 1),
(1270, 'Hall Studded Pointed Toe Bow Flat', 5418002, '645.00', '645.00', '4.6', 8, 2, 1, 2, 173, 182),
(1271, 'Fiona Embellished Flat', 5424587, '389.00', '389.00', '0.0', 0, 2, 1, 2, 112, 96),
(1272, 'Eva Flat', 5424589, '399.00', '399.00', '0.0', 0, 2, 1, 2, 112, 1),
(1273, 'Colibri Mesh Pointed Toe Slingback Flat', 5445843, '795.00', '795.00', '5.0', 1, 2, 1, 2, 224, 1),
(1274, 'Loafer', 5453013, '850.00', '850.00', '4.1', 15, 2, 1, 2, 35, 1),
(1275, 'Almond Toe Leather Flat', 5605258, '720.00', '720.00', '0.0', 0, 2, 1, 2, 225, 53),
(1276, 'Viv Rangers Buckle Leather Loafer', 5612171, '1050.00', '1050.00', '0.0', 0, 2, 1, 2, 135, 1),
(1277, 'Viv Rangers Crystal Buckle Loafer', 5612172, '1545.00', '1545.00', '0.0', 0, 2, 1, 2, 135, 1),
(1278, 'Aldwych Croc Embossed Mary Jane', 5644102, '720.00', '720.00', '0.0', 0, 2, 1, 2, 100, 1),
(1279, 'Gommini Chain Detail Driving Moccasin', 5645357, '645.00', '645.00', '4.3', 4, 2, 1, 2, 159, 41),
(1280, 'Logo Loafer', 5645799, '750.00', '750.00', '4.0', 3, 2, 1, 2, 102, 154),
(1281, 'Paride Tassel Web Loafer', 5666366, '850.00', '850.00', '4.6', 17, 2, 1, 2, 35, 1),
(1282, 'Monogramme Logo Cheetah Print Espadrille', 5676673, '375.00', '375.00', '5.0', 1, 2, 1, 2, 40, 6),
(1283, 'Avocado Loafer', 5771665, '650.00', '650.00', '0.0', 0, 2, 1, 2, 105, 43),
(1284, 'Ancient Loafer', 5771668, '595.00', '595.00', '0.0', 0, 2, 1, 2, 105, 247),
(1285, 'Logo Embroidered Espadrille Flat', 5787947, '650.00', '650.00', '0.0', 0, 2, 1, 2, 102, 84),
(1286, 'Mary Jane Ballet Flat', 5787959, '725.00', '725.00', '0.0', 0, 2, 1, 2, 102, 1),
(1287, 'Hangisi Flat', 5834997, '955.00', '955.00', '4.1', 18, 2, 1, 2, 156, 72),
(1288, 'Hangisi Crystal Buckle Flat', 5844204, '1025.00', '1025.00', '5.0', 1, 2, 1, 2, 156, 1),
(1289, 'Betty Crystal Bow Clear Ballerina Flat', 5905975, '995.00', '995.00', '3.0', 1, 2, 1, 2, 226, 248),
(1290, 'Romance Horsebit Loafer', 5916525, '1020.00', '1020.00', '4.0', 4, 2, 1, 2, 35, 1),
(1291, 'Perforated Ballet Flat', 5956911, '890.00', '890.00', '5.0', 1, 2, 1, 2, 227, 29),
(1292, 'Logo Bit Platform Loafer', 5978863, '995.00', '995.00', '0.0', 0, 2, 1, 2, 187, 1),
(1293, 'Four-Stitch Scrunched Loafer', 6017004, '760.00', '760.00', '0.0', 0, 2, 1, 2, 144, 18),
(1294, 'Triangle Logo Loafer', 6017711, '950.00', '950.00', '2.0', 1, 2, 1, 2, 102, 57),
(1295, 'Faomee Genuine Shearling Lined Loafer', 6090764, '690.00', '690.00', '0.0', 0, 2, 1, 2, 228, 4),
(1296, 'Miriam Waterproof Flat', 6093147, '309.00', '309.00', '0.0', 0, 2, 1, 2, 136, 29),
(1297, 'Buckle Moc Toe Loafer', 6115876, '825.00', '825.00', '0.0', 0, 2, 1, 2, 159, 1),
(1298, 'Penny Driving Moccasin', 6115966, '545.00', '545.00', '2.0', 1, 2, 1, 2, 159, 29),
(1299, 'Monceau Loafer', 6292150, '1090.00', '1090.00', '0.0', 0, 2, 1, 2, 119, 1),
(1300, 'Ballet Flat', 6292175, '790.00', '790.00', '5.0', 1, 2, 1, 2, 119, 18),
(1301, 'Joy Check Ballerina Flat', 6420098, '730.00', '730.00', '0.0', 0, 2, 1, 2, 100, 5),
(1302, 'Needlepoint Fish Scale Flat', 6448843, '268.00', '268.00', '0.0', 0, 2, 1, 2, 170, 96),
(1303, 'Needlepoint Flamingo Flat', 6448844, '268.00', '268.00', '0.0', 0, 2, 1, 2, 170, 29),
(1304, 'Gommino Penny Loafer', 6452420, '545.00', '545.00', '0.0', 0, 2, 1, 2, 159, 1),
(1305, 'Kate Chain Gommino Loafer', 6452427, '695.00', '695.00', '0.0', 0, 2, 1, 2, 159, 29),
(1306, 'Kate Chain Detail Genuine Shearling Driving Shoe', 6452430, '895.00', '895.00', '0.0', 0, 2, 1, 2, 159, 5),
(1307, 'Zemba Snake Embossed Loafer', 6469444, '420.00', '420.00', '0.0', 0, 2, 1, 2, 229, 89),
(1308, 'Guinevere Loafer', 6477958, '475.00', '475.00', '0.0', 0, 2, 1, 2, 195, 17),
(1309, 'x George Cox Platform Mary Jane', 6490501, '372.00', '620.00', '3.0', 1, 2, 1, 2, 230, 1),
(1310, 'Hangisi Crystal Buckle Pointed Toe Flat', 6530744, '955.00', '955.00', '0.0', 0, 2, 1, 2, 156, 6),
(1311, 'Woven Derby', 6534241, '775.00', '775.00', '0.0', 0, 2, 1, 2, 231, 18),
(1312, 'Platform Ballerina Mary Jane', 6539497, '995.00', '995.00', '0.0', 0, 2, 1, 2, 187, 1),
(1313, 'Kayla Crochet Loafer', 6539740, '950.00', '950.00', '0.0', 0, 2, 1, 2, 232, 17),
(1314, 'Macramé Ballerina Flat', 6565665, '850.00', '850.00', '0.0', 0, 2, 1, 2, 187, 5),
(1315, 'Marco Bit Loafer', 6572334, '375.00', '375.00', '5.0', 1, 2, 1, 2, 127, 36),
(1316, 'Kate Chain Detail Pointed Toe Flat', 6590274, '775.00', '775.00', '0.0', 0, 2, 1, 2, 159, 1),
(1317, 'City Gommino Driving Loafer', 6590279, '545.00', '545.00', '0.0', 0, 2, 1, 2, 159, 1),
(1318, 'Tie Dye Square Toe Loafer', 6645390, '965.00', '965.00', '0.0', 0, 2, 1, 2, 233, 20),
(1319, 'Varina Leather Flat', 6665921, '595.00', '595.00', '4.6', 69, 2, 1, 2, 66, 72),
(1320, 'Needlepoint Tweed Flat', 6763346, '265.00', '265.00', '0.0', 0, 2, 1, 2, 170, 5),
(1321, 'Needlepoint Scroll Flat', 6763415, '265.00', '265.00', '0.0', 0, 2, 1, 2, 170, 1),
(1322, 'Felicia Flat', 3194852, '120.00', '120.00', '4.6', 2316, 2, 1, 2, 28, 1),
(1323, 'Felicia Flat', 3194852, '119.95', '119.95', '4.6', 2316, 2, 1, 2, 28, 1),
(1324, 'Felicia Flat', 3194852, '99.95', '99.95', '4.6', 2316, 2, 1, 2, 28, 1),
(1325, 'Lior Loafer', 4690357, '150.00', '150.00', '4.6', 923, 2, 1, 2, 28, 1),
(1326, 'Lior Loafer', 4690357, '149.95', '149.95', '4.6', 923, 2, 1, 2, 28, 1),
(1327, 'Lior Loafer', 4690357, '170.00', '170.00', '4.6', 923, 2, 1, 2, 28, 1),
(1328, 'Le Sunset Square Toe Ballet Flat', 5588898, '308.00', '308.00', '4.6', 28, 2, 1, 2, 128, 1),
(1329, 'Le Sunset Square Toe Ballet Flat', 5588898, '378.00', '378.00', '4.6', 28, 2, 1, 2, 128, 1),
(1330, 'Le Sunset Square Toe Ballet Flat', 5588898, '325.00', '325.00', '4.6', 28, 2, 1, 2, 128, 1),
(1331, 'Le Sunset Square Toe Ballet Flat', 5588898, '350.00', '350.00', '4.6', 28, 2, 1, 2, 128, 1),
(1332, 'Le Sunset Square Toe Ballet Flat', 5588898, '328.00', '328.00', '4.6', 28, 2, 1, 2, 128, 1),
(1333, 'Le Micah Ballet Flat', 6818247, '196.80', '328.00', '0.0', 0, 2, 1, 2, 128, 5),
(1334, 'Annika Pointed Toe Flat', 5262011, '138.00', '138.00', '3.5', 24, 2, 1, 2, 234, 143),
(1335, 'Annika Pointed Toe Flat', 5262011, '82.77', '138.00', '3.5', 24, 2, 1, 2, 234, 143),
(1336, '\'Kilty\' Suede Moccasin', 2870058, '49.95', '49.95', '4.4', 572, 2, 1, 2, 36, 43),
(1337, '\'Kilty\' Suede Moccasin', 2870058, '54.95', '54.95', '4.4', 572, 2, 1, 2, 36, 43),
(1338, '\'Traveler\' Slip-On', 4361638, '114.99', '184.95', '4.4', 45, 2, 1, 2, 1, 72),
(1339, '\'Traveler\' Slip-On', 4361638, '184.95', '184.95', '4.4', 45, 2, 1, 2, 1, 72),
(1340, 'Abigail Espadrille Slip-On', 4760558, '218.00', '218.00', '3.0', 6, 2, 1, 2, 57, 18),
(1341, 'Abigail Espadrille Slip-On', 4760558, '198.00', '198.00', '3.0', 6, 2, 1, 2, 57, 18),
(1342, 'The Starling Flat', 5105377, '95.00', '95.00', '4.4', 7, 2, 1, 2, 8, 1),
(1343, 'The Starling Flat', 5105377, '98.00', '98.00', '4.4', 7, 2, 1, 2, 8, 1),
(1344, 'Pure Viola Flat', 5836241, '71.96', '119.95', '4.2', 109, 2, 1, 2, 19, 29),
(1345, 'Pure Viola Flat', 5836241, '65.96', '109.95', '4.2', 109, 2, 1, 2, 19, 29),
(1346, 'Pure Viola Flat', 5836241, '110.00', '110.00', '4.2', 109, 2, 1, 2, 19, 29),
(1347, 'Tomber Penny Loafer', 6464532, '71.16', '88.95', '0.0', 0, 2, 1, 2, 38, 249),
(1348, 'Tomber Penny Loafer', 6464532, '62.27', '88.95', '0.0', 0, 2, 1, 2, 38, 249),
(1349, 'Tomber Penny Loafer', 6464532, '53.40', '88.95', '0.0', 0, 2, 1, 2, 38, 249),
(1350, '\'Cypress Hill\' Loafer', 3251081, '174.95', '174.95', '4.5', 38, 2, 1, 2, 43, 28),
(1351, '\'Cypress Hill\' Loafer', 3251081, '154.95', '154.95', '4.5', 38, 2, 1, 2, 43, 28),
(1352, 'Agathis Mary Jane Flat', 5373212, '189.95', '189.95', '4.5', 2, 2, 1, 2, 94, 5),
(1353, 'Agathis Mary Jane Flat', 5373212, '179.95', '179.95', '4.5', 2, 2, 1, 2, 94, 5),
(1354, 'Right Nina Mary Jane Flat', 6419654, '120.00', '150.00', '4.5', 4, 2, 1, 2, 2, 72),
(1355, 'Right Nina Mary Jane Flat', 6419654, '116.00', '145.00', '4.5', 4, 2, 1, 2, 2, 72),
(1356, 'Vana Flat', 6678186, '110.00', '110.00', '0.0', 0, 2, 1, 2, 53, 30),
(1357, 'Vana Flat', 6678186, '109.00', '109.00', '0.0', 0, 2, 1, 2, 53, 30),
(1358, 'Sonoma Flat', 5316902, '99.95', '99.95', '3.5', 15, 2, 1, 2, 46, 83),
(1359, 'Carolynn 3 Loafer', 6608582, '110.00', '110.00', '0.0', 0, 2, 1, 2, 53, 90),
(1360, 'Carolynn 3 Loafer', 6608582, '99.00', '99.00', '0.0', 0, 2, 1, 2, 53, 90),
(1361, 'Accent Slip-On', 4863901, '99.95', '99.95', '3.5', 13, 2, 1, 2, 55, 63),
(1362, 'Accent Slip-On', 4863901, '89.95', '89.95', '3.5', 13, 2, 1, 2, 55, 63),
(1363, 'Accent Slip-On', 4863901, '94.95', '94.95', '3.5', 13, 2, 1, 2, 55, 63),
(1364, 'Un Darcey Cap 2 Flat', 5711900, '65.96', '109.95', '4.0', 3, 2, 1, 2, 19, 1),
(1365, 'Un Darcey Cap 2 Flat', 5711900, '110.00', '110.00', '4.0', 3, 2, 1, 2, 19, 1),
(1366, 'Right Nina Ballet Flat', 6622037, '145.00', '145.00', '5.0', 1, 2, 1, 2, 2, 60),
(1367, 'Right Nina Ballet Flat', 6622037, '155.00', '155.00', '5.0', 1, 2, 1, 2, 2, 60),
(1368, 'Laci Perforated Slip-On', 5797981, '100.00', '100.00', '3.5', 44, 2, 1, 2, 131, 1),
(1369, 'Laci Perforated Slip-On', 5797981, '99.95', '99.95', '3.5', 44, 2, 1, 2, 131, 1),
(1370, 'Agnes Loafer', 6415773, '64.99', '130.00', '4.3', 6, 2, 1, 2, 5, 4),
(1371, 'Agnes Loafer', 6415773, '52.00', '130.00', '4.3', 6, 2, 1, 2, 5, 4),
(1372, 'Lea Flat', 5228398, '82.99', '119.95', '2.3', 3, 2, 1, 2, 91, 77),
(1373, 'Lea Flat', 5228398, '59.97', '119.95', '2.3', 3, 2, 1, 2, 91, 77),
(1374, 'Lea Flat', 5228398, '82.99', '120.00', '2.3', 3, 2, 1, 2, 91, 77),
(1375, 'Sass 2.0 Flat', 5800313, '54.47', '108.95', '4.7', 3, 2, 1, 2, 138, 202),
(1376, 'Sass 2.0 Flat', 5800313, '65.37', '65.37', '4.7', 3, 2, 1, 2, 138, 202),
(1377, '\'Kirei\' Mary Jane', 3049360, '179.95', '179.95', '4.8', 40, 2, 1, 2, 94, 1),
(1378, '\'Kirei\' Mary Jane', 3049360, '184.95', '184.95', '4.8', 40, 2, 1, 2, 94, 1),
(1379, 'Lilia Loafer', 6425890, '160.00', '160.00', '0.0', 0, 2, 1, 2, 42, 18),
(1380, 'Lilia Loafer', 6425890, '125.00', '125.00', '0.0', 0, 2, 1, 2, 42, 18),
(1381, 'Cap Toe Ballet Flat', 3932425, '320.00', '320.00', '4.7', 308, 2, 1, 2, 17, 219),
(1382, 'Cap Toe Ballet Flat', 3932425, '335.00', '335.00', '4.7', 308, 2, 1, 2, 17, 219),
(1383, 'Alpargata Slip-On', 4858643, '49.95', '49.95', '4.5', 99, 2, 1, 2, 34, 21),
(1384, 'Alpargata Slip-On', 4858643, '54.95', '54.95', '4.5', 99, 2, 1, 2, 34, 21),
(1385, 'Ballet Loafer', 6545896, '328.00', '328.00', '4.5', 8, 2, 1, 2, 3, 234),
(1386, 'Ballet Loafer', 6545896, '298.00', '298.00', '4.5', 8, 2, 1, 2, 3, 234),
(1387, 'Burcu Flat', 5331583, '109.95', '109.95', '3.5', 11, 2, 1, 2, 104, 1),
(1388, 'Burcu Flat', 5331583, '110.00', '110.00', '3.5', 11, 2, 1, 2, 104, 1),
(1389, 'Everly Loafer', 6403066, '54.00', '90.00', '3.0', 1, 2, 1, 2, 64, 6),
(1390, '\'Emmie\' Flat', 3396426, '35.37', '58.95', '4.1', 478, 2, 1, 2, 38, 1),
(1391, '\'Emmie\' Flat', 3396426, '58.95', '58.95', '4.1', 478, 2, 1, 2, 38, 1),
(1392, 'Dean Pointy Toe Flat', 4834907, '109.95', '109.95', '4.5', 54, 2, 1, 2, 25, 2),
(1393, 'Dean Pointy Toe Flat', 4834907, '119.95', '119.95', '4.5', 54, 2, 1, 2, 25, 2),
(1394, 'Sonoma Flat', 5037179, '99.95', '99.95', '3.5', 15, 2, 1, 2, 46, 1),
(1395, 'Sonoma Flat', 5037179, '109.95', '109.95', '3.5', 15, 2, 1, 2, 46, 1),
(1396, 'Buckle Ballet Flat', 5560649, '188.95', '188.95', '3.0', 2, 2, 1, 2, 147, 49),
(1397, 'Buckle Ballet Flat', 5560649, '189.00', '189.00', '3.0', 2, 2, 1, 2, 147, 49),
(1398, 'Un Blush Cove Flat', 5711895, '47.98', '119.95', '3.7', 10, 2, 1, 2, 19, 4),
(1399, 'Un Blush Cove Flat', 5711895, '119.95', '119.95', '3.7', 10, 2, 1, 2, 19, 4),
(1400, 'Demi Flat', 6152572, '90.00', '150.00', '5.0', 1, 2, 1, 2, 24, 1),
(1401, 'Whistle Slip-On', 4809437, '99.95', '99.95', '3.9', 33, 2, 1, 2, 46, 5),
(1402, 'Whistle Slip-On', 4809437, '109.95', '109.95', '3.9', 33, 2, 1, 2, 46, 5),
(1403, 'Bounce Flat', 6265658, '47.96', '78.95', '0.0', 0, 2, 1, 2, 115, 135),
(1404, 'Bounce Flat', 6265658, '47.96', '79.95', '0.0', 0, 2, 1, 2, 115, 135),
(1405, 'Marteen Flat', 6770518, '199.95', '199.95', '4.1', 11, 2, 1, 2, 1, 1),
(1406, 'Marteen Flat', 6770518, '109.90', '199.95', '4.1', 11, 2, 1, 2, 1, 1),
(1407, 'Bryson Penny Loafer', 6688269, '79.95', '79.95', '0.0', 0, 2, 1, 2, 87, 37),
(1408, 'Bryson Penny Loafer', 6688269, '89.95', '89.95', '0.0', 0, 2, 1, 2, 87, 37),
(1409, 'Famed Loafer', 6431803, '79.95', '79.95', '3.9', 8, 2, 1, 2, 194, 250),
(1410, 'Famed Loafer', 6431803, '89.95', '89.95', '3.9', 8, 2, 1, 2, 194, 250),
(1411, 'Sonoma Cap Toe Flat', 5228873, '109.95', '109.95', '3.2', 6, 2, 1, 2, 46, 3),
(1412, 'Sonoma Cap Toe Flat', 5228873, '99.95', '99.95', '3.2', 6, 2, 1, 2, 46, 3),
(1413, 'Scout Moccasin Flat', 5720249, '65.96', '109.95', '4.5', 8, 2, 1, 2, 44, 251),
(1414, 'Scout Moccasin Flat', 5720249, '43.97', '109.95', '4.5', 8, 2, 1, 2, 44, 251),
(1415, 'Liz Slip-On Loafer', 5775804, '92.95', '92.95', '4.3', 100, 2, 1, 2, 55, 252),
(1416, 'Liz Slip-On Loafer', 5775804, '94.95', '94.95', '4.3', 100, 2, 1, 2, 55, 252),
(1417, 'Gen N Flow Moccasin', 6415289, '89.99', '99.00', '3.8', 4, 2, 1, 2, 5, 30),
(1418, 'Gen N Flow Moccasin', 6415289, '99.00', '99.00', '3.8', 4, 2, 1, 2, 5, 30),
(1419, 'Gen N Flow Moccasin', 6415289, '55.00', '99.00', '3.8', 4, 2, 1, 2, 5, 30),
(1420, 'Harlowe Pointed Toe Loafer', 4532802, '109.95', '109.95', '4.0', 56, 2, 1, 2, 55, 1),
(1421, 'Harlowe Pointed Toe Loafer', 4532802, '99.95', '99.95', '4.0', 56, 2, 1, 2, 55, 1),
(1422, 'Eleanor Leather Flat', 6635519, '150.00', '150.00', '0.0', 0, 2, 1, 2, 13, 29),
(1423, 'Eleanor Leather Flat', 6635519, '149.95', '149.95', '0.0', 0, 2, 1, 2, 13, 29),
(1424, 'Vallarta Mary Jane', 5556592, '164.95', '164.95', '5.0', 1, 2, 1, 2, 9, 1),
(1425, 'Vallarta Mary Jane', 5556592, '159.95', '159.95', '5.0', 1, 2, 1, 2, 9, 1),
(1426, 'Catarina Quilted Slingback Flat', 5959152, '99.00', '99.00', '0.0', 0, 2, 1, 2, 42, 1),
(1427, 'Catarina Quilted Slingback Flat', 5959152, '110.00', '110.00', '0.0', 0, 2, 1, 2, 42, 1),
(1428, 'Paula Slingback Flat', 5427855, '90.96', '129.95', '2.3', 3, 2, 1, 2, 25, 17),
(1429, 'Paula Slingback Flat', 5427855, '83.96', '119.95', '2.3', 3, 2, 1, 2, 25, 17),
(1430, 'Anete Flat', 5852735, '48.97', '99.00', '2.5', 4, 2, 1, 2, 18, 1),
(1431, 'Anete Flat', 5852735, '38.97', '99.00', '2.5', 4, 2, 1, 2, 18, 1),
(1432, 'Darcey Skimmer Flat', 5226602, '99.95', '99.95', '3.7', 9, 2, 1, 2, 55, 1),
(1433, 'Darcey Skimmer Flat', 5226602, '109.95', '109.95', '3.7', 9, 2, 1, 2, 55, 1),
(1434, 'Annika Pointed Toe Flat', 5704976, '138.00', '138.00', '3.5', 24, 2, 1, 2, 234, 253),
(1435, 'Candice Chain Flat', 5883460, '76.99', '110.00', '1.0', 1, 2, 1, 2, 42, 254),
(1436, 'Candice Chain Flat', 5883460, '59.99', '120.00', '1.0', 1, 2, 1, 2, 42, 254),
(1437, 'Candice Chain Flat', 5883460, '59.99', '110.00', '1.0', 1, 2, 1, 2, 42, 254),
(1438, 'Delphi Flat', 5753276, '129.95', '129.95', '3.2', 5, 2, 1, 2, 25, 255),
(1439, 'Delphi Flat', 5753276, '119.95', '119.95', '3.2', 5, 2, 1, 2, 25, 255),
(1440, 'Aldona Ankle Strap Flat', 5925740, '39.97', '99.95', '4.0', 2, 2, 1, 2, 109, 64),
(1441, 'Aldona Ankle Strap Flat', 5925740, '59.97', '99.95', '4.0', 2, 2, 1, 2, 109, 64),
(1442, 'Cypress Hill 3 Loafer', 6816042, '109.95', '175.00', '0.0', 0, 2, 1, 2, 43, 15),
(1443, 'Cypress Hill 3 Loafer', 6816042, '109.95', '155.00', '0.0', 0, 2, 1, 2, 43, 15),
(1444, 'Catalina Flat', 5792426, '120.00', '120.00', '4.3', 8, 2, 1, 2, 42, 29),
(1445, 'Catalina Flat', 5792426, '99.00', '99.00', '4.3', 8, 2, 1, 2, 42, 29),
(1446, 'Annytahmoc Flat', 5712613, '72.50', '144.95', '0.0', 0, 2, 1, 2, 110, 1),
(1447, 'Annytahmoc Flat', 5712613, '144.95', '144.95', '0.0', 0, 2, 1, 2, 110, 1),
(1448, 'Pix Loafer', 6622002, '160.00', '160.00', '0.0', 0, 2, 1, 2, 2, 186),
(1449, 'Pix Loafer', 6622002, '170.00', '170.00', '0.0', 0, 2, 1, 2, 2, 186),
(1450, 'Teresa Waterproof Loafer', 6671641, '289.00', '289.00', '0.0', 0, 2, 1, 2, 136, 47),
(1451, 'Teresa Waterproof Loafer', 6671641, '269.00', '269.00', '0.0', 0, 2, 1, 2, 136, 47),
(1452, 'Riseco Quilted Ballet Flat', 5370843, '99.90', '139.95', '3.8', 6, 2, 1, 2, 61, 41),
(1453, 'Riseco Quilted Ballet Flat', 5370843, '139.95', '139.95', '3.8', 6, 2, 1, 2, 61, 41),
(1454, 'Beale Flat', 5438816, '39.97', '109.95', '4.3', 39, 2, 1, 2, 5, 72),
(1455, 'Beale Flat', 5438816, '120.00', '120.00', '4.3', 39, 2, 1, 2, 5, 72),
(1456, 'Catwalk X Flat', 5165243, '65.95', '65.95', '5.0', 1, 2, 1, 2, 89, 1),
(1457, 'Catwalk X Flat', 5165243, '59.95', '59.95', '5.0', 1, 2, 1, 2, 89, 1),
(1458, 'Barcelona Ballet Flat', 6703148, '175.00', '175.00', '0.0', 0, 2, 1, 2, 137, 52),
(1459, 'Barcelona Ballet Flat', 6703148, '170.00', '170.00', '0.0', 0, 2, 1, 2, 137, 52),
(1460, 'Evita Slip-On', 5476205, '129.95', '129.95', '2.5', 2, 2, 1, 2, 73, 1),
(1461, 'Evita Slip-On', 5476205, '119.95', '119.95', '2.5', 2, 2, 1, 2, 73, 1),
(1462, 'Breeze Snake Embossed Ballet Flat', 5887092, '79.95', '79.95', '3.5', 2, 2, 1, 2, 87, 132),
(1463, 'Breeze Snake Embossed Ballet Flat', 5887092, '89.95', '89.95', '3.5', 2, 2, 1, 2, 87, 132),
(1464, 'Abigail Espadrille Slip-On', 5199230, '198.00', '198.00', '3.0', 6, 2, 1, 2, 57, 256),
(1465, 'Abigail Espadrille Slip-On', 5199230, '218.00', '218.00', '3.0', 6, 2, 1, 2, 57, 256),
(1466, 'Cypress Hill Loafer', 6769195, '185.00', '185.00', '0.0', 0, 2, 1, 2, 43, 113),
(1467, 'Cypress Hill Loafer', 6769195, '175.00', '175.00', '0.0', 0, 2, 1, 2, 43, 113),
(1468, 'Cypress Hill Loafer', 6769195, '155.00', '155.00', '0.0', 0, 2, 1, 2, 43, 113),
(1469, 'Mary Jane Flat', 5780111, '123.99', '164.95', '0.0', 0, 2, 1, 2, 95, 41),
(1470, 'Mary Jane Flat', 5780111, '123.99', '165.00', '0.0', 0, 2, 1, 2, 95, 41),
(1471, 'Grand Street Flat', 5884847, '164.95', '164.95', '5.0', 2, 2, 1, 2, 43, 18),
(1472, 'Grand Street Flat', 5884847, '154.95', '154.95', '5.0', 2, 2, 1, 2, 43, 18),
(1473, 'Exxtra Flat', 6150217, '165.00', '165.00', '1.0', 1, 2, 1, 2, 81, 77),
(1474, 'Denmark Flat', 5521770, '89.95', '89.95', '4.0', 2, 2, 1, 2, 104, 15),
(1475, 'Denmark Flat', 5521770, '90.00', '90.00', '4.0', 2, 2, 1, 2, 104, 15),
(1476, 'Ember Flat', 4977920, '130.00', '130.00', '4.4', 9, 2, 1, 2, 55, 30),
(1477, 'Ember Flat', 4977920, '129.95', '129.95', '4.4', 9, 2, 1, 2, 55, 30),
(1478, 'Buckle Flat', 6586100, '295.00', '295.00', '4.2', 5, 2, 1, 2, 213, 5),
(1479, 'Buckle Flat', 6586100, '350.00', '350.00', '4.2', 5, 2, 1, 2, 213, 5),
(1480, 'Valley Cap Toe Loafer', 5857271, '190.00', '190.00', '0.0', 0, 2, 1, 2, 97, 257),
(1481, 'Valley Cap Toe Loafer', 5857271, '175.00', '175.00', '0.0', 0, 2, 1, 2, 97, 257),
(1482, 'Serena Slingback Flat', 6642355, '99.00', '128.00', '0.0', 0, 2, 1, 2, 79, 258),
(1483, 'Serena Slingback Flat', 6642355, '89.00', '128.00', '0.0', 0, 2, 1, 2, 79, 258),
(1484, 'Melinda Loafer', 4977938, '109.95', '109.95', '1.0', 1, 2, 1, 2, 55, 18),
(1485, 'Melinda Loafer', 4977938, '99.95', '99.95', '1.0', 1, 2, 1, 2, 55, 18),
(1486, 'Marielle Square Toe Ballet Flat', 6408841, '475.00', '475.00', '4.0', 3, 2, 1, 2, 169, 1),
(1487, 'Marielle Square Toe Ballet Flat', 6408841, '495.00', '495.00', '4.0', 3, 2, 1, 2, 169, 1),
(1488, '\'Sizzle Signature\' Flat', 3304813, '109.95', '109.95', '4.2', 129, 2, 1, 2, 55, 259),
(1489, '\'Sizzle Signature\' Flat', 3304813, '99.95', '99.95', '4.2', 129, 2, 1, 2, 55, 259),
(1490, 'Veadith Flat', 6770729, '70.00', '70.00', '0.0', 0, 2, 1, 2, 69, 65),
(1491, 'Nell Flat', 5601238, '72.50', '145.00', '3.0', 1, 2, 1, 2, 91, 8),
(1492, 'Nell Flat', 5601238, '145.00', '145.00', '3.0', 1, 2, 1, 2, 91, 8),
(1493, 'Nell Flat', 5601238, '79.75', '145.00', '3.0', 1, 2, 1, 2, 91, 8),
(1494, 'Nell Flat', 5601238, '92.99', '145.00', '3.0', 1, 2, 1, 2, 91, 8),
(1495, 'Wistrey Flat', 5506903, '159.95', '159.95', '3.7', 3, 2, 1, 2, 110, 1),
(1496, 'Wistrey Flat', 5506903, '160.00', '160.00', '3.7', 3, 2, 1, 2, 110, 1),
(1497, 'Lynn Flat', 6446304, '90.95', '129.00', '0.0', 0, 2, 1, 2, 111, 60),
(1498, 'Lynn Flat', 6446304, '129.00', '129.00', '0.0', 0, 2, 1, 2, 111, 60),
(1499, 'Palmaria Flat', 5888061, '150.00', '150.00', '0.0', 0, 2, 1, 2, 110, 1),
(1500, 'Palmaria Flat', 5888061, '90.00', '150.00', '0.0', 0, 2, 1, 2, 110, 1),
(1501, 'L18 Mary Jane', 6410523, '105.00', '105.00', '0.0', 0, 2, 1, 2, 122, 1),
(1502, 'L18 Mary Jane', 6410523, '115.00', '115.00', '0.0', 0, 2, 1, 2, 122, 1),
(1503, 'Un Darcey Ease 2 Flat', 5711904, '41.97', '109.95', '3.4', 8, 2, 1, 2, 19, 1),
(1504, 'Un Darcey Ease 2 Flat', 5711904, '110.00', '110.00', '3.4', 8, 2, 1, 2, 19, 1),
(1505, 'Karina Monk Strap Flat', 5365771, '139.95', '139.95', '0.0', 0, 2, 1, 2, 235, 41),
(1506, 'Karina Monk Strap Flat', 5365771, '129.95', '129.95', '0.0', 0, 2, 1, 2, 235, 41),
(1507, 'Nicole Cap Toe Flat', 5389903, '114.95', '114.95', '3.8', 16, 2, 1, 2, 73, 63),
(1508, 'Nicole Cap Toe Flat', 5389903, '116.95', '116.95', '3.8', 16, 2, 1, 2, 73, 63),
(1509, 'The Adelle Ballet Flat', 5803934, '110.00', '110.00', '4.0', 3, 2, 1, 2, 98, 1),
(1510, 'Avienta Loafer', 5784269, '78.95', '78.95', '3.5', 4, 2, 1, 2, 115, 135),
(1511, 'Avienta Loafer', 5784269, '79.00', '79.00', '3.5', 4, 2, 1, 2, 115, 135),
(1512, 'Naomi Scallop Pointy Toe Flat', 5247478, '99.00', '129.95', '3.7', 3, 2, 1, 2, 113, 71),
(1513, 'Naomi Scallop Pointy Toe Flat', 5247478, '129.95', '129.95', '3.7', 3, 2, 1, 2, 113, 71),
(1514, 'Estee Pointed Toe Flat', 4086824, '130.00', '130.00', '4.3', 56, 2, 1, 2, 55, 72),
(1515, 'Estee Pointed Toe Flat', 4086824, '135.00', '135.00', '4.3', 56, 2, 1, 2, 55, 72),
(1516, 'Isa Sneaker', 6403077, '140.00', '140.00', '0.0', 0, 2, 1, 2, 64, 90),
(1517, 'Isa Sneaker', 6403077, '90.00', '90.00', '0.0', 0, 2, 1, 2, 64, 90),
(1518, 'Right Nina Penny Loafer', 6419650, '108.50', '155.00', '4.0', 1, 2, 1, 2, 2, 249),
(1519, 'Right Nina Penny Loafer', 6419650, '124.00', '155.00', '4.0', 1, 2, 1, 2, 2, 249),
(1520, 'Estee Flat', 5933482, '135.00', '135.00', '4.0', 1, 2, 1, 2, 55, 19),
(1521, 'Estee Flat', 5933482, '130.00', '130.00', '4.0', 1, 2, 1, 2, 55, 19),
(1522, 'Nottingham Flat', 5571270, '154.95', '154.95', '3.4', 5, 2, 1, 2, 116, 1),
(1523, 'Nottingham Flat', 5571270, '149.95', '149.95', '3.4', 5, 2, 1, 2, 116, 1),
(1524, '\'Halle 2.0\' Ballet Flat', 3309335, '79.95', '79.95', '4.2', 112, 2, 1, 2, 87, 197),
(1525, '\'Halle 2.0\' Ballet Flat', 3309335, '69.00', '69.00', '4.2', 112, 2, 1, 2, 87, 197),
(1526, 'Hush Puppies Burlesque Flat', 5452676, '56.99', '94.95', '2.0', 1, 2, 1, 2, 123, 41),
(1527, 'Eugenie Loafer', 6477959, '375.00', '375.00', '0.0', 0, 2, 1, 2, 195, 260),
(1528, 'Eugenie Loafer', 6477959, '450.00', '450.00', '0.0', 0, 2, 1, 2, 195, 260),
(1529, '\'Bella Me\' Woven Flat', 3762475, '86.95', '86.95', '4.1', 30, 2, 1, 2, 89, 233),
(1530, '\'Bella Me\' Woven Flat', 3762475, '76.95', '76.95', '4.1', 30, 2, 1, 2, 89, 233),
(1531, 'C-33124 Slingback Wedge', 5150646, '142.46', '189.95', '1.0', 1, 2, 1, 2, 96, 15),
(1532, 'C-33124 Slingback Wedge', 5150646, '119.99', '189.95', '1.0', 1, 2, 1, 2, 96, 15);

-- --------------------------------------------------------

--
-- Table structure for table `flats_brand`
--

CREATE TABLE `flats_brand` (
  `flats_brand_id` int(11) NOT NULL,
  `name` varchar(50) DEFAULT NULL
) ENGINE=InnoDB DEFAULT CHARSET=utf8mb4 COLLATE=utf8mb4_0900_ai_ci;

--
-- Dumping data for table `flats_brand`
--

INSERT INTO `flats_brand` (`flats_brand_id`, `name`) VALUES
(1, 'Munro'),
(2, 'Camper'),
(3, 'Tory Burch'),
(4, 'Badgley Mischka Collection'),
(5, 'Naturalizer'),
(6, 'FitFlop'),
(7, 'Miz Mooz'),
(8, 'Birdies'),
(9, 'PIKOLINOS'),
(10, 'ECCO'),
(11, 'Jeffrey Campbell'),
(12, 'Vionic'),
(13, 'COACH'),
(14, 'Børn'),
(15, 'OluKai'),
(16, 'Zodiac'),
(17, 'AGL'),
(18, 'Calvin Klein'),
(19, 'Clarks®'),
(20, 'Rebecca Allen'),
(21, 'Nisolo'),
(22, 'Jewel Badgley Mischka'),
(23, 'Cole Haan'),
(24, 'Eileen Fisher'),
(25, 'Linea Paolo'),
(26, '27 EDIT Naturalizer'),
(27, 'MIA'),
(28, 'Sam Edelman'),
(29, 'BCBGeneration'),
(30, 'SARTO by Franco Sarto'),
(31, 'Blondo'),
(32, 'Paul Green'),
(33, 'Vince Camuto'),
(34, 'TOMS'),
(35, 'Gucci'),
(36, 'Minnetonka'),
(37, 'Josef Seibel'),
(38, 'Lucky Brand'),
(39, 'Spring Step'),
(40, 'Saint Laurent'),
(41, 'Sperry'),
(42, 'Aerosoles'),
(43, 'Marc Joseph New York'),
(44, 'Bella Vita'),
(45, 'Etienne Aigner'),
(46, 'SoftWalk®'),
(47, 'MICHAEL Michael Kors'),
(48, 'Cool Planet by Steve Madden'),
(49, 'Lisa Vicky'),
(50, 'Betsey Johnson'),
(51, 'rag & bone'),
(52, 'Vince'),
(53, 'Franco Sarto'),
(54, 'Jessica Simpson'),
(55, 'Trotters'),
(56, 'Melissa'),
(57, 'patricia green'),
(58, 'Ted Baker London'),
(59, 'Bernardo'),
(60, 'Schutz'),
(61, 'The FLEXX'),
(62, 'Aquatalia'),
(63, 'Comfortiva'),
(64, 'Circus by Sam Edelman'),
(65, 'Mansur Gavriel'),
(66, 'Salvatore Ferragamo'),
(67, 'Vagabond Shoemakers'),
(68, 'Caslon®'),
(69, 'ALDO'),
(70, 'Dirty Laundry'),
(71, 'Anne Klein'),
(72, 'Soludos'),
(73, 'David Tate'),
(74, 'VANELi'),
(75, 'Rockport'),
(76, 'Versace'),
(77, 'ara'),
(78, 'kate spade new york'),
(79, 'Jack Rogers'),
(80, 'aeyde'),
(81, 'ALI MACGRAW'),
(82, 'Kalso Earth®'),
(83, 'L\'Amour des Pieds'),
(84, 'Free People'),
(85, 'Alexander Wang'),
(86, 'Marc Fisher LTD'),
(87, 'Me Too'),
(88, 'LifeStride'),
(89, 'bernie mev.'),
(90, 'Sbicca'),
(91, 'SAVA'),
(92, 'Mephisto'),
(93, 'Birkenstock'),
(94, 'Naot'),
(95, 'On Foot'),
(96, 'Wonders'),
(97, 'Unity in Diversity'),
(98, 'Madewell'),
(99, 'Charles by Charles David'),
(100, 'Burberry'),
(101, 'Givenchy'),
(102, 'Prada'),
(103, 'Valentino Garavani'),
(104, 'Bueno'),
(105, 'Santoni'),
(106, 'Stuart Weitzman'),
(107, 'Amalfi by Rangoni'),
(108, 'Ron White'),
(109, 'Louise et Cie'),
(110, 'Geox'),
(111, 'NYDJ'),
(112, 'Bella Belle'),
(113, 'Klub Nico'),
(114, 'Sea Star Beachwear'),
(115, 'Easy Spirit'),
(116, 'Kork-Ease®'),
(117, 'Rollie'),
(118, 'Propét'),
(119, 'The Row'),
(120, 'Loeffler Randall'),
(121, 'G.H. Bass Originals'),
(122, 'Arcopédico'),
(123, 'Hush Puppies®'),
(124, 'Lafayette 148 New York'),
(125, 'J. Reneé'),
(126, 'Revitalign'),
(127, 'Bruno Magli'),
(128, 'FRAME'),
(129, 'Silent D'),
(130, 'Dr. Martens'),
(131, 'Rockport Cobb Hill'),
(132, 'Aravon'),
(133, 'Chocolat Blu'),
(134, 'Alegria by PG Lite'),
(135, 'Roger Vivier'),
(136, 'Italeau'),
(137, 'Jon Josef'),
(138, 'Sanctuary'),
(139, 'Tamaris'),
(140, 'Johnston & Murphy'),
(141, 'Ganni'),
(142, 'Donald Pliner'),
(143, 'Bogs'),
(144, 'Maison Margiela'),
(145, 'SAS'),
(146, 'Nine West'),
(147, 'Gabor'),
(148, 'Butter Shoes'),
(149, 'KG Kurt Geiger'),
(150, 'Chinese Laundry'),
(151, 'Koio'),
(152, 'Golo'),
(153, 'Frances Valentine'),
(154, 'OTBT'),
(155, 'Jambu'),
(156, 'Manolo Blahnik'),
(157, 'Softinos by Fly London'),
(158, 'Bandolino'),
(159, 'Tod\'s'),
(160, 'Valentina Rangoni'),
(161, 'Stella McCartney'),
(162, 'Bos. & Co.'),
(163, 'Dolce Vita'),
(164, 'L\'Artiste'),
(165, 'Bettye Muller Concepts'),
(166, 'Cecelia New York'),
(167, 'The Office of Angela Scott'),
(168, 'BeautiFeel'),
(169, 'Jimmy Choo'),
(170, 'ByPaige'),
(171, 'CAMPERLAB'),
(172, 'Dansko'),
(173, 'Christian Louboutin'),
(174, 'Cordani'),
(175, 'Brother Vellies'),
(176, 'Pelle Moda'),
(177, 'Johnny Was'),
(178, 'Kelsi Dagger Brooklyn'),
(179, 'Marsèll'),
(180, 'Carvela Comfort'),
(181, 'Gentle Souls Signature'),
(182, 'Kenneth Cole New York'),
(183, 'Dr. Scholl\'s'),
(184, 'Who What Wear'),
(185, 'Flexus by Spring Step'),
(186, 'Jil Sander'),
(187, 'Miu Miu'),
(188, 'The North Face'),
(189, 'Blackstone'),
(190, 'NeroGiardini'),
(191, 'CLOUD'),
(192, 'Hispanitas'),
(193, 'Pedro Garcia'),
(194, 'Steve Madden'),
(195, 'Mercedes Castillo'),
(196, 'Hälsa Footwear'),
(197, 'Arche'),
(198, 'Ash'),
(199, 'Timberland'),
(200, 'Twisted X'),
(201, 'Sheridan Mia'),
(202, 'André Assous'),
(203, 'Khaite'),
(204, 'BC Footwear'),
(205, 'Pertegaz'),
(206, 'INTENTIONALLY BLANK'),
(207, 'Black Suede Studio'),
(208, 'KEEN'),
(209, 'Hunter'),
(210, 'Merrell'),
(211, 'Barbour'),
(212, 'Karl Lagerfeld Paris'),
(213, 'ANN MASHBURN'),
(214, 'Söfft'),
(215, 'Gianvito Rossi'),
(216, 'CAVERLEY'),
(217, 'Miista'),
(218, 'PAIGE'),
(219, 'Asportuguesas by Fly London'),
(220, 'Toni Pons'),
(221, 'Aera'),
(222, 'Alexander McQueen'),
(223, 'Dolce&Gabbana'),
(224, 'Fendi'),
(225, 'Bottega Veneta'),
(226, 'Amina Muaddi'),
(227, 'Alaïa'),
(228, 'Isabel Marant'),
(229, 'Chie Mihara'),
(230, 'Comme des Garçons Girl'),
(231, 'Zimmermann'),
(232, 'Chloé'),
(233, 'Dries Van Noten'),
(234, 'Botkier'),
(235, 'Aetrex');

-- --------------------------------------------------------

--
-- Table structure for table `flats_color`
--

CREATE TABLE `flats_color` (
  `flats_color_id` int(11) NOT NULL,
  `name` varchar(10) DEFAULT NULL
) ENGINE=InnoDB DEFAULT CHARSET=utf8mb4 COLLATE=utf8mb4_0900_ai_ci;

--
-- Dumping data for table `flats_color`
--

INSERT INTO `flats_color` (`flats_color_id`, `name`) VALUES
(1, '001'),
(2, '006'),
(3, '004'),
(4, '002'),
(5, '250'),
(6, '100'),
(7, '535'),
(8, '020'),
(9, '009'),
(10, '150'),
(11, '238'),
(12, '269'),
(13, '270'),
(14, '711'),
(15, '600'),
(16, '249'),
(17, '900'),
(18, '200'),
(19, '710'),
(20, '300'),
(21, '430'),
(22, '255'),
(23, '284'),
(24, '500'),
(25, '418'),
(26, '103'),
(27, '405'),
(28, '410'),
(29, '650'),
(30, '040'),
(31, '902'),
(32, '159'),
(33, '260'),
(34, '291'),
(35, '403'),
(36, '202'),
(37, '008'),
(38, '406'),
(39, '283'),
(40, '831'),
(41, '201'),
(42, '280'),
(43, '230'),
(44, '003'),
(45, '022'),
(46, '050'),
(47, '282'),
(48, '130'),
(49, '660'),
(50, '688'),
(51, '717'),
(52, '005'),
(53, '251'),
(54, '215'),
(55, '427'),
(56, '219'),
(57, '231'),
(58, '419'),
(59, '027'),
(60, '680'),
(61, '416'),
(62, '101'),
(63, '010'),
(64, '060'),
(65, '115'),
(66, '256'),
(67, '039'),
(68, '023'),
(69, '364'),
(70, '102'),
(71, '210'),
(72, '400'),
(73, '524'),
(74, '121'),
(75, '501'),
(76, '602'),
(77, '440'),
(78, '212'),
(79, '120'),
(80, '433'),
(81, '686'),
(82, '205'),
(83, '930'),
(84, '401'),
(85, '330'),
(86, '408'),
(87, '821'),
(88, '414'),
(89, '601'),
(90, '700'),
(91, '412'),
(92, '276'),
(93, '306'),
(94, '655'),
(95, '687'),
(96, '110'),
(97, '665'),
(98, '640'),
(99, '112'),
(100, '014'),
(101, '302'),
(102, '322'),
(103, '209'),
(104, '493'),
(105, '676'),
(106, '281'),
(107, '216'),
(108, '239'),
(109, '025'),
(110, '445'),
(111, '044'),
(112, '227'),
(113, '411'),
(114, '220'),
(115, '258'),
(116, '618'),
(117, '261'),
(118, '254'),
(119, '214'),
(120, '067'),
(121, '308'),
(122, '420'),
(123, '709'),
(124, '105'),
(125, '241'),
(126, '049'),
(127, '069'),
(128, '043'),
(129, '800'),
(130, '901'),
(131, '801'),
(132, '013'),
(133, '681'),
(134, '305'),
(135, '610'),
(136, '310'),
(137, '017'),
(138, '950'),
(139, '204'),
(140, '460'),
(141, '099'),
(142, '259'),
(143, '669'),
(144, '140'),
(145, '104'),
(146, '415'),
(147, '007'),
(148, '031'),
(149, '021'),
(150, '293'),
(151, '683'),
(152, '316'),
(153, '605'),
(154, '252'),
(155, '716'),
(156, '860'),
(157, '315'),
(158, '421'),
(159, 'NAV'),
(160, '076'),
(161, '051'),
(162, '699'),
(163, '108'),
(164, '290'),
(165, '071'),
(166, '455'),
(167, '701'),
(168, '075'),
(169, '057'),
(170, '425'),
(171, '235'),
(172, '614'),
(173, '037'),
(174, '462'),
(175, '432'),
(176, '041'),
(177, '098'),
(178, '702'),
(179, '156'),
(180, '203'),
(181, '165'),
(182, '404'),
(183, '684'),
(184, 'BLK'),
(185, '042'),
(186, '301'),
(187, '840'),
(188, '063'),
(189, '225'),
(190, '221'),
(191, '208'),
(192, '690'),
(193, '265'),
(194, '279'),
(195, '450'),
(196, '428'),
(197, '019'),
(198, 'BRO'),
(199, '295'),
(200, '422'),
(201, '030'),
(202, '303'),
(203, '012'),
(204, '188'),
(205, '016'),
(206, '274'),
(207, '461'),
(208, '417'),
(209, '811'),
(210, '603'),
(211, '452'),
(212, '720'),
(213, '630'),
(214, '240'),
(215, '693'),
(216, '246'),
(217, '635'),
(218, '721'),
(219, '011'),
(220, '816'),
(221, '320'),
(222, '268'),
(223, '015'),
(224, '670'),
(225, '325'),
(226, '413'),
(227, '277'),
(228, '070'),
(229, '272'),
(230, '627'),
(231, '465'),
(232, '441'),
(233, '085'),
(234, '664'),
(235, '366'),
(236, '243'),
(237, '447'),
(238, '599'),
(239, '487'),
(240, '616'),
(241, '340'),
(242, '236'),
(243, '089'),
(244, '530'),
(245, '222'),
(246, '649'),
(247, '271'),
(248, '960'),
(249, '620'),
(250, '218'),
(251, '032'),
(252, 'BON'),
(253, '730'),
(254, '580'),
(255, '053'),
(256, '819'),
(257, '114'),
(258, '908'),
(259, '045'),
(260, '654');

-- --------------------------------------------------------

--
-- Table structure for table `skirts`
--

CREATE TABLE `skirts` (
  `skirts_id` int(11) NOT NULL,
  `product_name` varchar(255) DEFAULT NULL,
  `sku` int(11) DEFAULT NULL,
  `price_current_usd` decimal(18,2) DEFAULT NULL,
  `price_retail_usd` decimal(18,2) DEFAULT NULL,
  `review_rating` decimal(18,1) DEFAULT NULL,
  `review_count` int(11) DEFAULT NULL,
  `department_id` int(11) DEFAULT NULL,
  `category_id` int(11) DEFAULT NULL,
  `sub_category_id` int(11) DEFAULT NULL,
  `skirts_brand_id` int(11) DEFAULT NULL,
  `skirts_color_id` int(11) DEFAULT NULL
) ENGINE=InnoDB DEFAULT CHARSET=utf8mb4 COLLATE=utf8mb4_0900_ai_ci;

--
-- Dumping data for table `skirts`
--

INSERT INTO `skirts` (`skirts_id`, `product_name`, `sku`, `price_current_usd`, `price_retail_usd`, `review_rating`, `review_count`, `department_id`, `category_id`, `sub_category_id`, `skirts_brand_id`, `skirts_color_id`) VALUES
(1, 'Modern Femme Denim Miniskirt', 4975205, '50.00', '50.00', '3.8', 5, 2, 2, 3, 1, 1),
(2, 'Zoe Side Slit Midi Skirt', 5102561, '148.00', '148.00', '4.4', 29, 2, 2, 3, 2, 2),
(3, 'Flounce Skirt', 5299723, '98.00', '98.00', '4.4', 15, 2, 2, 3, 2, 3),
(4, 'Roll Top Maxi Skirt', 5338981, '49.00', '49.00', '4.0', 12, 2, 2, 3, 3, 4),
(5, 'Roll Top Maxi Skirt', 5399267, '49.00', '49.00', '4.2', 31, 2, 2, 3, 3, 5),
(6, 'Tiered Stretch Cotton Maxi Skirt', 5624671, '225.00', '225.00', '4.0', 1, 2, 2, 3, 4, 6),
(7, 'JEN7 Frayed Denim Pencil Skirt', 5740086, '79.00', '79.00', '5.0', 4, 2, 2, 3, 5, 7),
(8, 'Club Tennis Skirt', 5743387, '70.00', '70.00', '4.3', 7, 2, 2, 3, 6, 3),
(9, 'Alexis Faux Leather Miniskirt', 5769250, '69.00', '69.00', '0.0', 0, 2, 2, 3, 7, 1),
(10, 'Side Ruched Skirt', 5829292, '45.00', '45.00', '4.0', 8, 2, 2, 3, 8, 1),
(11, 'Ruched Side Tie Skirt', 5897757, '59.00', '59.00', '4.0', 1, 2, 2, 3, 8, 1),
(12, 'Zip Suede Miniskirt', 5918031, '68.60', '98.00', '3.6', 16, 2, 2, 3, 9, 8),
(13, 'BB Dakota Basel Faux Leather Miniskirt', 5920650, '69.00', '69.00', '3.0', 1, 2, 2, 3, 10, 1),
(14, 'Bias Cut Satin Slip Skirt', 5928339, '75.00', '75.00', '3.5', 2, 2, 2, 3, 11, 9),
(15, 'Satin Midi Skirt', 5944383, '34.30', '49.00', '3.0', 3, 2, 2, 3, 8, 10),
(16, 'Linen Blend Drawstring Midi Slip Skirt', 5961302, '88.00', '88.00', '0.0', 0, 2, 2, 3, 12, 11),
(17, 'Draped Sparkle Midi Skirt', 5965565, '41.30', '59.00', '0.0', 0, 2, 2, 3, 8, 1),
(18, 'Midi Sweater Skirt', 6089564, '52.93', '79.00', '3.0', 1, 2, 2, 3, 13, 12),
(19, 'Travel Jersey Pencil Skirt', 6090560, '68.00', '68.00', '3.0', 2, 2, 2, 3, 14, 1),
(20, 'Cristina Martinez Print Skirt', 6126148, '63.20', '79.00', '4.0', 2, 2, 2, 3, 15, 13),
(21, 'Sequin Skirt', 6266401, '39.20', '49.00', '3.0', 3, 2, 2, 3, 8, 14),
(22, 'Moonstone Stretch Organic Cotton Corduroy Skirt', 6291083, '56.00', '140.00', '0.0', 0, 2, 2, 3, 16, 15),
(23, 'Spring Ruched Skirt', 6291760, '65.00', '65.00', '4.3', 6, 2, 2, 3, 17, 1),
(24, 'Club Tennis Skirt', 6413351, '70.00', '70.00', '0.0', 0, 2, 2, 3, 6, 16),
(25, 'Five-Pocket Ponte Pencil Skirt', 6417397, '89.00', '89.00', '0.0', 0, 2, 2, 3, 5, 17),
(26, 'Cristina Martinez Print Skirt', 6435141, '89.00', '89.00', '0.0', 0, 2, 2, 3, 15, 18),
(27, 'Cloud Skirt', 6462003, '98.00', '98.00', '0.0', 0, 2, 2, 3, 18, 19),
(28, 'Denim Miniskirt', 6462178, '39.00', '39.00', '0.0', 0, 2, 2, 3, 19, 20),
(29, 'Textured Midi Skirt', 6507761, '49.00', '49.00', '0.0', 0, 2, 2, 3, 13, 21),
(30, 'Lolly Fuzzy Rib Sweater Skirt', 6527441, '26.97', '68.00', '0.0', 0, 2, 2, 3, 20, 22),
(31, 'Ribbed Maternity Crop Cardigan & Midi Skirt', 6529745, '69.95', '69.95', '0.0', 0, 2, 2, 3, 21, 1),
(32, 'Steel Fleece Cargo Midi Skirt', 6533509, '46.00', '46.00', '5.0', 1, 2, 2, 3, 17, 23),
(33, 'Faux Leather Midi Skirt', 6545560, '62.00', '62.00', '1.5', 2, 2, 2, 3, 22, 1),
(34, 'Dolled Up Sequin Miniskirt', 6551253, '35.20', '44.00', '2.3', 3, 2, 2, 3, 23, 1),
(35, 'Orchard Floral Tiered Maxi Skirt', 6552646, '98.00', '98.00', '0.0', 0, 2, 2, 3, 12, 24),
(36, 'Belted Pleated Midi Skirt', 6553782, '74.00', '74.00', '3.5', 2, 2, 2, 3, 24, 5),
(37, 'Printed Midi Skirt', 6567601, '55.00', '55.00', '0.0', 0, 2, 2, 3, 19, 1),
(38, 'Bow Miniskirt', 6567611, '49.00', '49.00', '0.0', 0, 2, 2, 3, 19, 25),
(39, 'Olga Print Slit Skirt', 6592612, '49.00', '49.00', '4.0', 1, 2, 2, 3, 25, 1),
(40, 'Metallic Smock Waist Tiered Cotton Blend Skirt', 6605070, '395.00', '395.00', '4.3', 3, 2, 2, 3, 26, 26),
(41, 'Dani Tulip Skirt', 6606823, '25.00', '50.00', '0.0', 0, 2, 2, 3, 25, 21),
(42, 'Flourishing Dreams High Waist Wrap Skirt', 6629928, '48.00', '48.00', '0.0', 0, 2, 2, 3, 23, 27),
(43, 'Chloe Pull-On Denim Pencil Skirt', 6651303, '68.00', '68.00', '0.0', 0, 2, 2, 3, 27, 4),
(44, 'It\'s a Wrap Sarong Skirt', 6651802, '58.00', '58.00', '0.0', 0, 2, 2, 3, 28, 16),
(45, 'Cherish Floral Patchwork Maxi Skirt', 6659417, '148.00', '148.00', '0.0', 0, 2, 2, 3, 1, 23),
(46, 'Borderline Knit Wrap Midi Skirt', 6659442, '78.00', '78.00', '4.5', 2, 2, 2, 3, 1, 28),
(47, 'Spring Bananas Miniskirt', 6663824, '140.00', '140.00', '0.0', 0, 2, 2, 3, 29, 10),
(48, 'Hanalei Stripe Cover-Up Pants', 6666777, '49.50', '49.50', '0.0', 0, 2, 2, 3, 30, 29),
(49, 'Rosetta Floral Long Skirt', 6686945, '178.00', '178.00', '0.0', 0, 2, 2, 3, 31, 30),
(50, 'Main Squeeze Ruched Midi Skirt', 6690102, '59.00', '59.00', '0.0', 0, 2, 2, 3, 32, 31),
(51, 'Hanalei Cover-Up Maxi Skirt', 6692198, '45.00', '45.00', '0.0', 0, 2, 2, 3, 30, 16),
(52, 'Side Slit Maternity Midi Skirt', 6692212, '39.00', '59.95', '0.0', 0, 2, 2, 3, 21, 32),
(53, 'Emilia Side Knot Midi Skirt', 6692923, '78.00', '78.00', '0.0', 0, 2, 2, 3, 20, 1),
(54, 'Varsity Tennis Skirt', 6700503, '68.00', '68.00', '0.0', 0, 2, 2, 3, 33, 16),
(55, 'Aces Tennis Skirt', 6700510, '72.00', '72.00', '0.0', 0, 2, 2, 3, 33, 16),
(56, 'Good Waist Denim Miniskirt', 6702170, '99.00', '99.00', '0.0', 0, 2, 2, 3, 34, 33),
(57, 'Block Print Tiered Linen Midi Skirt', 6715762, '248.00', '248.00', '3.0', 1, 2, 2, 3, 35, 31),
(58, 'Mesh Cover-Up Skirt', 6737583, '45.00', '45.00', '0.0', 0, 2, 2, 3, 17, 23),
(59, 'Verity Floral Cotton Blend Skirt', 6753536, '325.00', '325.00', '0.0', 0, 2, 2, 3, 36, 34),
(60, 'Ianna Botanical Print Cotton Skirt', 6753549, '395.00', '395.00', '0.0', 0, 2, 2, 3, 36, 30),
(61, 'Women\'s Striped Ruffle Tiered Pull-On Midi Skirt', 6759437, '98.00', '98.00', '0.0', 0, 2, 2, 3, 12, 35),
(62, 'Flare Midi Skirt', 6765572, '128.00', '128.00', '0.0', 0, 2, 2, 3, 37, 28),
(63, 'Sadie High Waist Faux Leather Miniskirt', 6768352, '39.00', '39.00', '0.0', 0, 2, 2, 3, 25, 1),
(64, 'Satin Wrap Midi Skirt', 6815838, '56.00', '56.00', '0.0', 0, 2, 2, 3, 38, 16),
(65, 'Simon Polka Dot Midi Skirt', 6825094, '148.00', '148.00', '0.0', 0, 2, 2, 3, 2, 16),
(66, 'Houndstooth Body-Con Midi Skirt', 6834482, '39.20', '56.00', '3.3', 3, 2, 2, 3, 22, 1),
(67, 'Flared Maxi Skirt', 3731399, '88.00', '88.00', '4.4', 31, 2, 2, 3, 14, 1),
(68, 'Fringe Miniskirt', 5271980, '64.00', '80.00', '0.0', 0, 2, 2, 3, 39, 16),
(69, 'Pieced Denim Midi Skirt', 5392340, '128.00', '128.00', '4.7', 56, 2, 2, 3, 40, 36),
(70, 'Distressed Fray Hem Denim Skirt', 5528967, '68.00', '68.00', '3.8', 5, 2, 2, 3, 41, 4),
(71, 'Alessia Eyelet Cover-Up Maxi Skirt', 5546882, '294.00', '294.00', '5.0', 1, 2, 2, 3, 42, 35),
(72, 'Summer Fling Linen Blend Skirt', 5651027, '118.00', '118.00', '4.4', 39, 2, 2, 3, 43, 17),
(73, 'Tulip Hem Maxi Skirt', 5737781, '58.00', '58.00', '0.0', 0, 2, 2, 3, 44, 1),
(74, 'Nike Club Golf Skirt', 5743390, '70.00', '70.00', '4.0', 3, 2, 2, 3, 45, 37),
(75, 'Bias Cut Stretch Silk Skirt', 5816790, '77.40', '129.00', '3.5', 4, 2, 2, 3, 46, 10),
(76, 'Asymmetric Overlap Skirt', 5860187, '165.00', '165.00', '5.0', 1, 2, 2, 3, 26, 1),
(77, 'Faux Wrap Skirt', 5867589, '48.00', '48.00', '0.0', 0, 2, 2, 3, 3, 38),
(78, 'Straight Stretch Knit Skirt', 5876882, '88.00', '88.00', '0.0', 0, 2, 2, 3, 47, 16),
(79, 'Cross Front Cable Skirt', 5952694, '59.00', '59.00', '4.5', 2, 2, 2, 3, 13, 1),
(80, 'Draped Sparkle Midi Skirt', 5965511, '41.30', '59.00', '0.0', 0, 2, 2, 3, 8, 1),
(81, 'Addison Floral Print Smocked Miniskirt', 6018196, '63.20', '158.00', '5.0', 2, 2, 2, 3, 31, 39),
(82, 'Pencil Skirt', 6092395, '158.00', '158.00', '0.0', 0, 2, 2, 3, 37, 1),
(83, 'Sweater Skirt', 6109551, '47.20', '59.00', '0.0', 0, 2, 2, 3, 48, 40),
(84, 'Pleat Miniskirt', 6152873, '43.20', '54.00', '5.0', 2, 2, 2, 3, 49, 15),
(85, 'Fan Lace Skirt', 6291065, '102.00', '170.00', '0.0', 0, 2, 2, 3, 16, 41),
(86, 'Pleated Ribbed Midi Skirt', 6296191, '139.00', '139.00', '0.0', 0, 2, 2, 3, 34, 1),
(87, 'Pleated Midi Skirt', 6414434, '345.00', '345.00', '0.0', 0, 2, 2, 3, 26, 9),
(88, 'Utility Pocket Skirt', 6420785, '59.00', '59.00', '0.0', 0, 2, 2, 3, 8, 42),
(89, 'Pleated Faux Leather Skirt', 6430869, '270.00', '450.00', '0.0', 0, 2, 2, 3, 50, 43),
(90, 'Check Wool Blend Miniskirt', 6430991, '177.00', '295.00', '0.0', 0, 2, 2, 3, 51, 44),
(91, 'Carla Rutland Botanical Print LInen & Silk Skirt', 6432638, '129.00', '215.00', '0.0', 0, 2, 2, 3, 52, 1),
(92, 'Plaid Tweed Faux Wrap Miniskirt', 6504168, '70.40', '88.00', '2.0', 1, 2, 2, 3, 9, 23),
(93, 'Buckle Denim Miniskirt', 6508310, '35.10', '54.00', '5.0', 1, 2, 2, 3, 53, 45),
(94, 'Midi Skirt', 6511723, '59.00', '59.00', '0.0', 0, 2, 2, 3, 54, 46),
(95, 'Modern Femme Faux Leather Miniskirt', 6521968, '60.00', '60.00', '3.6', 7, 2, 2, 3, 1, 1),
(96, 'Got It Like That Drawstring Ruched Skirt', 6529063, '30.80', '44.00', '0.0', 0, 2, 2, 3, 23, 1),
(97, 'Villa One Shoulder Smock Crop Tank & Maxi Skirt', 6529524, '239.00', '478.00', '0.0', 0, 2, 2, 3, 55, 47),
(98, 'Jojo Embroidered Smocked Ruffle Miniskirt', 6530240, '177.00', '295.00', '0.0', 0, 2, 2, 3, 56, 11),
(99, 'Ramos Sequin Fitted Miniskirt', 6530248, '237.00', '395.00', '5.0', 1, 2, 2, 3, 56, 1),
(100, 'Side Slit Faux Leather Miniskirt', 6545566, '48.00', '48.00', '3.4', 5, 2, 2, 3, 22, 1),
(101, 'High Slit Ruched Skirt', 6546009, '69.00', '69.00', '0.0', 0, 2, 2, 3, 57, 1),
(102, 'Janine Patent Faux Leather Midi Skirt', 6550780, '49.99', '68.00', '3.0', 2, 2, 2, 3, 58, 48),
(103, 'Wild Flower Aubrey Cover-Up Maxi Skirt', 6553654, '119.00', '119.00', '0.0', 0, 2, 2, 3, 59, 16),
(104, 'Windowpane Plaid Resourced Zip Front Miniskirt', 6555516, '58.80', '98.00', '0.0', 0, 2, 2, 3, 12, 49),
(105, 'Double Gauze Smocked Miniskirt', 6562043, '69.50', '69.50', '0.0', 0, 2, 2, 3, 12, 50),
(106, 'Houndstooth Check Miniskirt', 6574434, '48.00', '48.00', '3.0', 2, 2, 2, 3, 22, 51),
(107, 'Out of Ordinary Denim Miniskirt', 6601092, '68.00', '68.00', '0.0', 0, 2, 2, 3, 1, 16),
(108, 'DIARRABLEU Seur Wrap Skirt', 6633403, '135.00', '135.00', '0.0', 0, 2, 2, 3, 60, 52),
(109, 'Alessia Print Tiered Skirt', 6638724, '325.00', '325.00', '0.0', 0, 2, 2, 3, 61, 1),
(110, 'Playabella Tropical Floral Ruffle Miniskirt', 6648320, '44.95', '44.95', '0.0', 0, 2, 2, 3, 62, 1),
(111, 'Charming Floral Pleated Midi Skirt', 6650645, '255.00', '255.00', '0.0', 0, 2, 2, 3, 63, 10),
(112, 'Rose Velour Miniskirt', 6651823, '11.60', '29.00', '5.0', 1, 2, 2, 3, 19, 1),
(113, 'Pull-On Cover-Up Skirt', 6654139, '64.00', '64.00', '0.0', 0, 2, 2, 3, 28, 53),
(114, 'Cashmere Pencil Skirt', 6654275, '398.00', '398.00', '0.0', 0, 2, 2, 3, 64, 54),
(115, 'in a Bliss Floral Satin Skirt', 6656144, '44.00', '44.00', '0.0', 0, 2, 2, 3, 23, 55),
(116, 'Vemeka Skirt', 6684894, '278.00', '278.00', '0.0', 0, 2, 2, 3, 65, 56),
(117, 'Nori Floral Tiered Linen Skirt', 6688710, '385.00', '385.00', '0.0', 0, 2, 2, 3, 66, 57),
(118, 'Asymmetric Tiered Cotton Midi Skirt', 6690197, '329.00', '329.00', '0.0', 0, 2, 2, 3, 64, 32),
(119, 'Recycled Polyester Skirt', 6694376, '40.00', '40.00', '4.4', 29, 2, 2, 3, 67, 1),
(120, 'Vomila Wool & Silk Pencil Skirt', 6695271, '248.00', '248.00', '0.0', 0, 2, 2, 3, 65, 33),
(121, 'Who\'s That Skirt Miniskirt', 6695413, '50.00', '50.00', '0.0', 0, 2, 2, 3, 1, 23),
(122, 'Esme Pleat Midi Skirt', 6700769, '325.00', '325.00', '0.0', 0, 2, 2, 3, 68, 58),
(123, 'Match Point Tennis Skirt', 6701740, '64.00', '64.00', '3.0', 1, 2, 2, 3, 33, 16),
(124, 'Plaited Rib Midi Skirt', 6702132, '129.00', '129.00', '0.0', 0, 2, 2, 3, 34, 15),
(125, 'Leopard Print Asymmetric Silk Skirt', 6703107, '325.00', '325.00', '0.0', 0, 2, 2, 3, 69, 59),
(126, 'Split Detail Suit Miniskirt', 6704905, '22.00', '22.00', '0.0', 0, 2, 2, 3, 70, 60),
(127, 'Check Plaid Miniskirt', 6706131, '56.00', '56.00', '4.5', 2, 2, 2, 3, 38, 60),
(128, 'Rizo Chain Detail Faux Leather Skirt', 6761733, '350.00', '350.00', '0.0', 0, 2, 2, 3, 56, 1),
(129, 'Aloya Smocked Gingham Miniskirt', 6768006, '298.00', '298.00', '0.0', 0, 2, 2, 3, 71, 61),
(130, 'Girls Night Out Ruffle Skirt', 6769847, '46.00', '46.00', '0.0', 0, 2, 2, 3, 72, 62),
(131, 'Olga Slit Calf Skirt', 6806026, '49.00', '49.00', '0.0', 0, 2, 2, 3, 73, 1),
(132, 'Eyelet Cotton Cover-Up Wrap Skirt', 6814716, '49.00', '49.00', '0.0', 0, 2, 2, 3, 38, 1),
(133, 'Miniskirt', 6817355, '68.00', '68.00', '0.0', 0, 2, 2, 3, 74, 63),
(134, 'Satin Wrap Skirt', 6835156, '32.45', '59.00', '1.2', 5, 2, 2, 3, 8, 21),
(135, 'Viola Sweater Miniskirt', 6836877, '40.80', '68.00', '0.0', 0, 2, 2, 3, 1, 64),
(136, 'Vilea Tropical Stretch Wool Pencil Skirt', 6845941, '228.00', '228.00', '4.5', 28, 2, 2, 3, 65, 1),
(137, 'Kandi Zip Slit Maxi Skirt', 4706748, '42.00', '42.00', '4.1', 9, 2, 2, 3, 75, 1),
(138, 'Bea Midi Skirt', 4994491, '128.00', '128.00', '4.2', 73, 2, 2, 3, 2, 41),
(139, 'Tee Lab Long Fleece Skirt', 5069856, '165.00', '165.00', '2.5', 6, 2, 2, 3, 76, 1),
(140, 'Hourglass Midi Skirt', 5731268, '54.00', '54.00', '2.9', 33, 2, 2, 3, 22, 1),
(141, 'Faux Suede Miniskirt', 5748492, '55.00', '55.00', '0.0', 0, 2, 2, 3, 25, 65),
(142, 'Bandana Print Knit Miniskirt', 5836078, '16.97', '35.00', '0.0', 0, 2, 2, 3, 19, 10),
(143, 'BP. Be Proud by BP. Gender Inclusive Print Mesh Tube Skirt', 5852395, '18.97', '39.00', '0.0', 0, 2, 2, 3, 77, 66),
(144, 'Selma Pieced Denim Midi Skirt', 5865346, '70.40', '128.00', '0.0', 0, 2, 2, 3, 40, 35),
(145, 'Faux Wrap Skirt', 5867594, '48.00', '48.00', '0.0', 0, 2, 2, 3, 3, 23),
(146, 'Animal Print Side Slit A-Line Skirt', 5898508, '23.97', '48.00', '4.0', 1, 2, 2, 3, 23, 67),
(147, 'ASTR Faux Leather Ruched Mini Roselle Skirt', 5927125, '57.97', '98.00', '0.0', 0, 2, 2, 3, 57, 68),
(148, 'Sculpted Pencil Skirt', 5927202, '175.00', '175.00', '0.0', 0, 2, 2, 3, 78, 32),
(149, 'Hourglass Miniskirt', 5934140, '19.20', '32.00', '0.0', 0, 2, 2, 3, 22, 67),
(150, 'Midi Tube Skirt', 5951995, '66.33', '99.00', '0.0', 0, 2, 2, 3, 15, 1),
(151, 'Button Front Wrap Miniskirt', 5952216, '24.50', '35.00', '0.0', 0, 2, 2, 3, 19, 69),
(152, 'Gonna Corta Ruched Skirt', 6091161, '180.00', '450.00', '0.0', 0, 2, 2, 3, 79, 70),
(153, 'Jersey Pull-On Maxi Skirt', 6109400, '165.00', '275.00', '0.0', 0, 2, 2, 3, 80, 71),
(154, 'Prism Spot Pleated Maxi Skirt', 6110007, '69.00', '69.00', '0.0', 0, 2, 2, 3, 81, 1),
(155, 'Glitter Miniskirt', 6110186, '21.00', '30.00', '0.0', 0, 2, 2, 3, 19, 1),
(156, 'Lea Pleated Alpaca Skirt', 6417907, '208.80', '348.00', '0.0', 0, 2, 2, 3, 82, 10),
(157, 'Tie Waist Midi Skirt', 6463957, '275.00', '275.00', '5.0', 1, 2, 2, 3, 51, 72),
(158, 'Textured Cotton Blend Midi Skirt', 6463988, '295.00', '295.00', '0.0', 0, 2, 2, 3, 51, 73),
(159, 'Hearts Asymmetric Silk Skirt', 6464438, '398.00', '398.00', '0.0', 0, 2, 2, 3, 71, 74),
(160, 'Flounce Miniskirt', 6467697, '65.00', '65.00', '5.0', 1, 2, 2, 3, 83, 75),
(161, 'Mischa Midi Skirt', 6469581, '71.20', '178.00', '0.0', 0, 2, 2, 3, 31, 22),
(162, 'Orly Ruched Maxi Skirt', 6476701, '150.00', '375.00', '0.0', 0, 2, 2, 3, 84, 76),
(163, 'Valentine Pull-On Denim Skirt', 6480184, '69.00', '69.00', '0.0', 0, 2, 2, 3, 85, 4),
(164, 'Knotted High Waist Faux Leather Miniskirt', 6492339, '89.00', '89.00', '5.0', 1, 2, 2, 3, 11, 1),
(165, 'Leisure Veggia Jersey Skirt', 6509514, '105.00', '175.00', '0.0', 0, 2, 2, 3, 86, 77),
(166, 'Maisie Button Front Faux Leather Miniskirt', 6525391, '46.80', '78.00', '3.5', 4, 2, 2, 3, 1, 1),
(167, 'Tropical Tapestry Ruffle Miniskirt', 6536580, '115.00', '115.00', '5.0', 1, 2, 2, 3, 29, 78),
(168, 'Tweed Miniskirt', 6540573, '80.00', '80.00', '0.0', 0, 2, 2, 3, 87, 67),
(169, 'Caimie Sparkle Knit Miniskirt', 6548228, '19.20', '32.00', '0.0', 0, 2, 2, 3, 25, 1),
(170, 'Edetta Plaid Miniskirt', 6550788, '48.00', '48.00', '5.0', 1, 2, 2, 3, 58, 79),
(171, 'Scallop Placket Linen Blend Midi Skirt', 6554564, '795.00', '795.00', '0.0', 0, 2, 2, 3, 88, 23),
(172, 'Resourced Zip Front Recycled Wool Blend Minskirt', 6555515, '58.80', '98.00', '4.0', 1, 2, 2, 3, 12, 5),
(173, 'Calabasis Denim Midi Skirt', 6568971, '76.80', '128.00', '0.0', 0, 2, 2, 3, 1, 35),
(174, 'Houndstooth Body-Con Midi Skirt', 6574424, '39.20', '56.00', '3.3', 3, 2, 2, 3, 22, 5),
(175, 'Alondra Faux Leather Skirt', 6592884, '110.00', '110.00', '0.0', 0, 2, 2, 3, 57, 1),
(176, 'Katz Sunburst Pleat Skirt', 6603647, '495.00', '495.00', '0.0', 0, 2, 2, 3, 56, 80),
(177, 'Ribbed Midi Skirt', 6633159, '175.00', '175.00', '0.0', 0, 2, 2, 3, 26, 7),
(178, 'Faidi Dropwaist Pleated Midi Skirt', 6636917, '260.00', '260.00', '0.0', 0, 2, 2, 3, 89, 64),
(179, 'Vesusa Faux Leather Skirt', 6639876, '278.00', '278.00', '0.0', 0, 2, 2, 3, 65, 81),
(180, 'Emery Tiered Maxi Skirt', 6645183, '198.00', '198.00', '0.0', 0, 2, 2, 3, 90, 82),
(181, 'Gia Pull-On Pencil Skirt', 6651302, '68.00', '68.00', '0.0', 0, 2, 2, 3, 27, 83),
(182, 'Anita Faux Wrap Satin Midi Skirt', 6662504, '148.00', '148.00', '0.0', 0, 2, 2, 3, 91, 1),
(183, 'Windowpane Double Face Sweater Skirt', 6669920, '169.50', '169.50', '0.0', 0, 2, 2, 3, 92, 1),
(184, 'Floral Print Tiered Midi Skirt', 6672805, '148.00', '148.00', '0.0', 0, 2, 2, 3, 14, 3),
(185, 'Once and Floral Miniskirt', 6673616, '69.00', '69.00', '0.0', 0, 2, 2, 3, 10, 1),
(186, 'Addison Smocked Ruffle Miniskirt', 6686951, '158.00', '158.00', '0.0', 0, 2, 2, 3, 31, 30),
(187, 'Cut Off Waist Denim Maxi Skirt', 6690972, '238.00', '238.00', '0.0', 0, 2, 2, 3, 64, 4),
(188, 'Mae Draped Satin Skirt', 6692486, '345.00', '345.00', '0.0', 0, 2, 2, 3, 93, 84),
(189, 'Cleo Print Faux Wrap Cotton Miniskirt', 6695361, '88.00', '88.00', '0.0', 0, 2, 2, 3, 1, 1),
(190, 'Lexington Cotton Blend Pencil Skirt', 6695686, '69.50', '69.50', '0.0', 0, 2, 2, 3, 94, 7),
(191, 'Good Waist Raw Hem Denim Miniskirt', 6702255, '99.00', '99.00', '0.0', 0, 2, 2, 3, 34, 85),
(192, 'Flounce Hem Mini Slip Skirt', 6702640, '88.00', '88.00', '0.0', 0, 2, 2, 3, 12, 21),
(193, 'Eleonora Asymmetric Floral Silk Midi Skirt', 6704725, '498.00', '498.00', '0.0', 0, 2, 2, 3, 71, 86),
(194, 'See You Later Gauze Skirt', 6704771, '79.00', '79.00', '0.0', 0, 2, 2, 3, 10, 18),
(195, 'Eshka Sequin Miniskirt', 6715439, '59.00', '118.00', '0.0', 0, 2, 2, 3, 95, 17),
(196, 'Animal Print Mesh Cover-Up Wrap', 6715616, '74.95', '74.95', '0.0', 0, 2, 2, 3, 96, 7),
(197, 'Handkerchief Hem Pleated Georgette Skirt', 6715788, '268.00', '268.00', '0.0', 0, 2, 2, 3, 35, 23),
(198, 'Buffy Floral Smocked Miniskirt', 6761765, '295.00', '295.00', '0.0', 0, 2, 2, 3, 56, 80),
(199, 'Pleated Midi Skirt', 6762741, '70.00', '70.00', '0.0', 0, 2, 2, 3, 74, 1),
(200, 'Floral Print Front Button Midi Skirt', 6763246, '128.00', '128.00', '0.0', 0, 2, 2, 3, 14, 87),
(201, 'Flare Hem Maxi Skirt', 6763279, '109.00', '109.00', '0.0', 0, 2, 2, 3, 14, 23),
(202, 'Co-Ord Ruched Satin Maxi Skirt', 6772149, '62.00', '62.00', '0.0', 0, 2, 2, 3, 38, 1),
(203, 'Tweed Pencil Skirt', 6789138, '188.00', '188.00', '0.0', 0, 2, 2, 3, 97, 88),
(204, 'High Waist Fray Hem Denim Miniskirt', 6809016, '79.00', '79.00', '0.0', 0, 2, 2, 3, 27, 4),
(205, 'Jacqueline Floral Print Trumpet Skirt', 6822896, '440.00', '440.00', '0.0', 0, 2, 2, 3, 56, 35),
(206, 'Satin Midi Skirt', 6837065, '34.30', '49.00', '3.0', 3, 2, 2, 3, 8, 21),
(207, '\'Trekkin™\' Insulated Miniskirt', 4216300, '45.00', '75.00', '0.0', 0, 2, 2, 3, 98, 89),
(208, 'Georgette A-Line Skirt', 4252386, '75.00', '75.00', '0.0', 0, 2, 2, 3, 44, 1),
(209, 'Maxi Skirt', 4539004, '79.00', '79.00', '3.7', 13, 2, 2, 3, 14, 1),
(210, 'Elain Denim Pencil Skirt', 5029494, '78.00', '78.00', '3.7', 7, 2, 2, 3, 99, 35),
(211, 'Over the Belly Ruched Maternity Skirt', 5289324, '49.95', '49.95', '5.0', 2, 2, 2, 3, 21, 1),
(212, 'Cat Eye Denim Miniskirt', 5342549, '59.00', '59.00', '4.4', 5, 2, 2, 3, 41, 35),
(213, 'Rose Handkerchief Hem Midi Skirt', 5510181, '118.00', '118.00', '5.0', 2, 2, 2, 3, 100, 1),
(214, 'Tiered Chiffon & Satin Midi Skirt', 5795537, '75.00', '75.00', '5.0', 3, 2, 2, 3, 44, 1),
(215, 'JEN7 Frayed Denim Pencil Skirt', 5802491, '79.00', '79.00', '2.0', 1, 2, 2, 3, 5, 90),
(216, 'Tie Dye Side Ruched Satin Miniskirt', 5864690, '16.97', '35.00', '0.0', 0, 2, 2, 3, 19, 16),
(217, 'Marble Print Slip Skirt', 5884212, '26.97', '89.00', '0.0', 0, 2, 2, 3, 101, 31),
(218, 'Tiered Ruffle Crinkle Skirt', 5898512, '38.00', '38.00', '5.0', 1, 2, 2, 3, 23, 10),
(219, 'Side Slit Maternity Midi Skirt', 5899836, '59.95', '59.95', '0.0', 0, 2, 2, 3, 21, 1),
(220, 'Asymmetric Leather Skirt', 5913645, '210.00', '525.00', '2.0', 1, 2, 2, 3, 102, 91),
(221, 'Floral Wrap Cover-Up Skirt', 5923680, '69.00', '69.00', '0.0', 0, 2, 2, 3, 59, 50),
(222, 'Brushstroke Print Ruched Velour Miniskirt', 5965561, '20.97', '49.00', '0.0', 0, 2, 2, 3, 8, 1),
(223, 'Print Maxi Skirt', 6088609, '79.95', '79.95', '5.0', 1, 2, 2, 3, 103, 92),
(224, 'Glitter Miniskirt', 6110182, '24.00', '30.00', '5.0', 1, 2, 2, 3, 19, 1),
(225, 'Kiva Check Miniskirt', 6137014, '33.60', '48.00', '3.0', 3, 2, 2, 3, 58, 93),
(226, 'Pleated Skirt', 6152407, '99.00', '99.00', '0.0', 0, 2, 2, 3, 104, 83),
(227, 'Faux Leather A-Line Skirt', 6409060, '89.00', '89.00', '0.0', 0, 2, 2, 3, 105, 1),
(228, 'Belted Stretch Cotton Miniskirt', 6446479, '395.00', '395.00', '0.0', 0, 2, 2, 3, 106, 6),
(229, 'Melody Eshani Persian Print Quilted Skirt', 6447113, '48.00', '128.00', '0.0', 0, 2, 2, 3, 107, 63),
(230, 'Women\'s Workwear Collection Denim Midi Skirt', 6460270, '79.50', '79.50', '0.0', 0, 2, 2, 3, 12, 35),
(231, 'High-Low Denim Skirt', 6463022, '128.00', '128.00', '0.0', 0, 2, 2, 3, 40, 94),
(232, 'BY. DYLN Flynn Gathered Mesh Miniskirt', 6466722, '53.96', '89.95', '0.0', 0, 2, 2, 3, 108, 67),
(233, 'Eshka Sequin Miniskirt', 6466952, '49.97', '118.00', '0.0', 0, 2, 2, 3, 95, 67),
(234, 'Meda Rib Maxi Skirt', 6469243, '295.00', '295.00', '0.0', 0, 2, 2, 3, 109, 1),
(235, 'Berlin Tiger Print Satin Bias Skirt', 6469572, '106.80', '178.00', '0.0', 0, 2, 2, 3, 31, 95),
(236, 'Front Slit Linen Blend Midi Skirt', 6510842, '59.00', '59.00', '0.0', 0, 2, 2, 3, 110, 54),
(237, 'Namotu Skirt', 6514280, '59.95', '59.95', '0.0', 0, 2, 2, 3, 62, 1),
(238, 'Slim Miniskirt', 6535286, '78.00', '78.00', '2.5', 2, 2, 2, 3, 47, 1),
(239, 'High Waist Faux Leather Skirt', 6543696, '49.00', '49.00', '4.0', 2, 2, 2, 3, 25, 1),
(240, 'Snap Front Suede Wrap Skirt', 6547308, '40.97', '98.00', '3.0', 3, 2, 2, 3, 9, 96),
(241, 'Pull-On Tiered Midi Skirt in Orchard Floral', 6553256, '98.00', '98.00', '0.0', 0, 2, 2, 3, 12, 24),
(242, 'Cheetah Jacquard Flounce Hem Midi Skirt', 6555485, '98.00', '98.00', '1.0', 1, 2, 2, 3, 12, 97),
(243, 'Sequin Fringe Skirt', 6556816, '69.75', '93.00', '3.0', 1, 2, 2, 3, 70, 12),
(244, 'Wool Miniskirt', 6559921, '99.00', '99.00', '0.0', 0, 2, 2, 3, 111, 1),
(245, 'High Slit Satin Skirt', 6562786, '56.00', '56.00', '2.0', 1, 2, 2, 3, 38, 7),
(246, 'Cobble Hill Stretch Wool Skirt', 6593431, '165.00', '165.00', '0.0', 0, 2, 2, 3, 112, 1),
(247, 'Alejandra Organic Cotton Maxi Skirt', 6594816, '295.00', '295.00', '0.0', 0, 2, 2, 3, 109, 6),
(248, 'Kayleen Abstract Print Jacquard Organic Cotton Skirt', 6594819, '275.00', '275.00', '0.0', 0, 2, 2, 3, 109, 98),
(249, 'Brushed Knit Swing Skirt', 6618943, '375.00', '375.00', '0.0', 0, 2, 2, 3, 26, 99),
(250, 'Lynn Abstract Dot Print Mesh Midi Skirt', 6628203, '68.00', '68.00', '0.0', 0, 2, 2, 3, 20, 23),
(251, 'Adicolor Zipper Recycled Polyester Midi Skirt', 6643541, '70.00', '70.00', '0.0', 0, 2, 2, 3, 113, 1),
(252, 'Katrine Paisley Organic Cotton Skirt', 6646041, '295.00', '295.00', '0.0', 0, 2, 2, 3, 109, 11),
(253, 'Knit Miniskirt', 6650615, '70.00', '70.00', '0.0', 0, 2, 2, 3, 87, 6),
(254, 'High Waist Plaid Miniskirt', 6671439, '39.20', '56.00', '0.0', 0, 2, 2, 3, 38, 60),
(255, 'HEAT.RDY Tennis Match Skirt', 6673000, '41.25', '55.00', '0.0', 0, 2, 2, 3, 113, 1),
(256, 'Faux Leather Pleat Skirt', 6675566, '68.00', '68.00', '0.0', 0, 2, 2, 3, 114, 1),
(257, 'Diana Print Cotton Blend Skirt', 6682137, '39.50', '39.50', '0.0', 0, 2, 2, 3, 30, 100),
(258, 'Burna Geo Print Asymmetric Skirt', 6682634, '345.00', '345.00', '0.0', 0, 2, 2, 3, 115, 101),
(259, 'Black Bagh Primrose High Waist Cover-Up Skirt', 6689397, '128.00', '128.00', '0.0', 0, 2, 2, 3, 59, 1),
(260, 'Coated Stretch Cotton Miniskirt', 6702054, '450.00', '450.00', '0.0', 0, 2, 2, 3, 116, 11),
(261, 'Eyelet You Won\'t Cotton Miniskirt', 6704780, '69.00', '69.00', '0.0', 0, 2, 2, 3, 10, 16),
(262, 'Esma Pleat Skirt', 6714179, '88.00', '88.00', '0.0', 0, 2, 2, 3, 117, 64),
(263, 'Leather Miniskirt', 6744982, '299.00', '299.00', '0.0', 0, 2, 2, 3, 111, 1),
(264, 'Nathali Floral Cotton Maxi Skirt', 6758599, '495.00', '495.00', '0.0', 0, 2, 2, 3, 118, 6),
(265, 'Birchwood Midi Sweater Skirt', 6759409, '98.00', '98.00', '0.0', 0, 2, 2, 3, 12, 102),
(266, 'Jadena Skirt', 6763050, '265.00', '265.00', '0.0', 0, 2, 2, 3, 119, 6),
(267, 'Tiered Midi Skirt', 6763271, '148.00', '148.00', '0.0', 0, 2, 2, 3, 14, 67),
(268, 'Limonate Cotton Blend Midi Skirt', 6776865, '129.00', '129.00', '0.0', 0, 2, 2, 3, 120, 50),
(269, 'Longline Denim Midi Skirt', 6788111, '65.00', '65.00', '2.5', 2, 2, 2, 3, 74, 4),
(270, 'Rib Side Slit Skirt', 6813771, '60.00', '60.00', '0.0', 0, 2, 2, 3, 39, 63),
(271, 'Side Slit Midi Skirt', 6813821, '70.00', '70.00', '0.0', 0, 2, 2, 3, 39, 6),
(272, 'Abstract Twist Midi Skirt', 6818450, '60.00', '60.00', '0.0', 0, 2, 2, 3, 74, 16),
(273, 'Bias Cut Satin Midi Skirt', 6834073, '69.30', '99.00', '5.0', 1, 2, 2, 3, 15, 103),
(274, 'Chiffon Midi Skirt', 3382796, '75.00', '75.00', '3.9', 29, 2, 2, 3, 44, 1),
(275, '\'Summer Fling\' Flirt Skirt', 3759413, '118.00', '118.00', '4.2', 50, 2, 2, 3, 43, 104),
(276, 'Back Zip Tube Skirt', 3974578, '59.00', '59.00', '4.4', 9, 2, 2, 3, 81, 1),
(277, 'Pratt Silk Midi Skirt', 5455119, '178.00', '178.00', '3.5', 14, 2, 2, 3, 2, 31),
(278, 'Animal Print Satin Slip Skirt', 5622488, '195.00', '195.00', '5.0', 1, 2, 2, 3, 121, 105),
(279, 'Still on Vacay Miniskirt', 5685279, '95.00', '95.00', '0.0', 0, 2, 2, 3, 122, 106),
(280, 'Circle Skirt', 5829404, '44.00', '44.00', '0.0', 0, 2, 2, 3, 123, 107),
(281, 'NikeCourt Slam Dri-FIT Tennis Skirt', 5841580, '46.90', '70.00', '0.0', 0, 2, 2, 3, 6, 108),
(282, 'Club Tennis Skirt', 5841809, '50.25', '75.00', '5.0', 1, 2, 2, 3, 6, 16),
(283, 'Tiered Utility Skirt', 5843611, '60.00', '80.00', '5.0', 1, 2, 2, 3, 67, 1),
(284, 'Pleated Midi Skirt', 5844486, '55.20', '69.00', '5.0', 2, 2, 2, 3, 13, 15),
(285, 'Kona Colorblock Skirt', 5871562, '110.00', '275.00', '0.0', 0, 2, 2, 3, 4, 54),
(286, 'On My Cloud Colorblock Rib Skirt', 5891398, '55.00', '55.00', '0.0', 0, 2, 2, 3, 72, 109),
(287, 'Amazing Break Cotton Corduroy Skirt', 5891444, '50.00', '50.00', '0.0', 0, 2, 2, 3, 72, 33),
(288, 'Corduroy Notched Hem Skirt', 5953866, '27.30', '39.00', '1.0', 2, 2, 2, 3, 19, 13),
(289, 'Fordham Side Slit Asymmetric Skirt', 6018065, '195.00', '195.00', '1.0', 1, 2, 2, 3, 124, 110),
(290, 'Giselle Side Slit Cotton Rib Column Skirt', 6137016, '18.97', '45.00', '0.0', 0, 2, 2, 3, 58, 111),
(291, 'Plaid Miniskirt', 6142900, '23.97', '40.00', '0.0', 0, 2, 2, 3, 19, 42),
(292, 'Plaid Miniskirt', 6142971, '32.00', '40.00', '2.0', 1, 2, 2, 3, 19, 42),
(293, 'Overlap Knit Skirt', 6143656, '99.00', '165.00', '1.0', 2, 2, 2, 3, 26, 112),
(294, 'Le Mini Stagger Leather Skirt', 6154548, '298.80', '498.00', '0.0', 0, 2, 2, 3, 64, 54),
(295, 'Satin Wrap Skirt', 6266398, '59.00', '59.00', '1.2', 5, 2, 2, 3, 8, 1),
(296, 'x Cardi B Ribbed Skirt', 6266812, '48.00', '60.00', '5.0', 3, 2, 2, 3, 125, 1),
(297, 'Erika Skirt', 6291071, '192.00', '320.00', '0.0', 0, 2, 2, 3, 16, 10),
(298, 'Snake Print Midi Skirt', 6293275, '53.40', '89.00', '5.0', 1, 2, 2, 3, 126, 113),
(299, 'Denim Pencil Skirt', 6296037, '89.00', '89.00', '0.0', 0, 2, 2, 3, 105, 101),
(300, 'Velour Miniskirt', 6415381, '20.30', '29.00', '5.0', 1, 2, 2, 3, 19, 114),
(301, 'Tiered Gingham Maxi Skirt', 6440650, '80.00', '80.00', '0.0', 0, 2, 2, 3, 87, 115),
(302, 'Plaid Tweed Pencil Skirt', 6446493, '595.00', '595.00', '0.0', 0, 2, 2, 3, 106, 10),
(303, 'Rib Sweater Pencil Skirt', 6448265, '159.00', '159.00', '0.0', 0, 2, 2, 3, 46, 1),
(304, 'Wash Lab Mix Denim Maxi Skirt', 6463014, '128.00', '128.00', '5.0', 1, 2, 2, 3, 40, 116),
(305, 'Ribbed Wool & Cashmere Swing Skirt', 6471293, '217.25', '395.00', '0.0', 0, 2, 2, 3, 26, 74),
(306, 'Sequin Side Zip Miniskirt', 6476987, '39.50', '79.00', '5.0', 1, 2, 2, 3, 126, 1),
(307, 'Maya Satin Slip Skirt', 6478142, '188.00', '188.00', '0.0', 0, 2, 2, 3, 31, 117),
(308, 'Geo Print Mesh Miniskirt', 6498960, '29.00', '29.00', '0.0', 0, 2, 2, 3, 19, 66),
(309, 'Viola Sweater Miniskirt', 6525369, '40.80', '68.00', '0.0', 0, 2, 2, 3, 1, 86),
(310, 'Laurel Faux Leather Skirt', 6534676, '350.00', '350.00', '0.0', 0, 2, 2, 3, 4, 49),
(311, 'Side Slit Skirt', 6535296, '138.00', '138.00', '0.0', 0, 2, 2, 3, 47, 1),
(312, 'x Emma Rose Love Story Knit Miniskirt', 6536292, '41.30', '59.00', '0.0', 0, 2, 2, 3, 32, 65),
(313, 'Carla Freya Ruched Satin Skirt', 6539189, '215.00', '215.00', '0.0', 0, 2, 2, 3, 52, 1),
(314, 'Sami Metallic Twist Maxi Skirt', 6539205, '73.20', '122.00', '3.0', 2, 2, 2, 3, 52, 118),
(315, 'Curvy Windowpane Resourced Zip Front Miniskirt', 6555510, '58.80', '98.00', '0.0', 0, 2, 2, 3, 12, 49),
(316, 'Pleated Gatsby Talisman Skirt', 6556040, '495.00', '495.00', '0.0', 0, 2, 2, 3, 127, 67),
(317, 'Kabir Midi Skirt', 6563560, '235.00', '235.00', '5.0', 1, 2, 2, 3, 128, 60),
(318, 'Delm Stripe Corded Velvet Slit Skirt', 6568795, '62.40', '78.00', '0.0', 0, 2, 2, 3, 20, 1),
(319, 'Always Fits Cover-Up Miniskirt', 6573740, '75.00', '75.00', '0.0', 0, 2, 2, 3, 34, 15),
(320, 'Pinto Marled Ribbed Maxi Skirt', 6592627, '88.00', '88.00', '0.0', 0, 2, 2, 3, 20, 119),
(321, 'Jocadia Ruffle Mini Skirt', 6592718, '420.00', '420.00', '0.0', 0, 2, 2, 3, 129, 16),
(322, 'Saureena Floral Skirt', 6593374, '380.00', '380.00', '0.0', 0, 2, 2, 3, 129, 120),
(323, 'Floral Satin Skirt', 6598707, '62.00', '62.00', '0.0', 0, 2, 2, 3, 38, 1),
(324, 'Fishtail Midi Skirt', 6603090, '56.00', '56.00', '0.0', 0, 2, 2, 3, 74, 1),
(325, 'Side Ruched Skirt', 6623725, '21.97', '45.00', '2.0', 1, 2, 2, 3, 8, 42),
(326, 'Seur Tilo Print Maxi Wrap Skirt', 6633397, '135.00', '135.00', '0.0', 0, 2, 2, 3, 60, 7),
(327, 'Tile Print Tiered Ruffle Skirt', 6651447, '245.00', '245.00', '0.0', 0, 2, 2, 3, 130, 121),
(328, 'Giovanni Midi Skirt', 6653817, '195.00', '195.00', '0.0', 0, 2, 2, 3, 4, 54),
(329, 'Kaliyah Leather Pencil Skirt', 6656429, '1198.00', '1198.00', '0.0', 0, 2, 2, 3, 71, 122),
(330, 'Stretch Wool Skirt', 6662927, '695.00', '695.00', '0.0', 0, 2, 2, 3, 86, 1),
(331, 'Tiered Drawstring Skirt', 6672800, '99.00', '99.00', '0.0', 0, 2, 2, 3, 14, 1),
(332, 'Button Front Denim Midi Pencil Skirt', 6677314, '195.00', '195.00', '0.0', 0, 2, 2, 3, 131, 123),
(333, 'Rose Athena Cover-Up Maxi Skirt', 6689415, '106.00', '106.00', '0.0', 0, 2, 2, 3, 59, 6),
(334, 'Burst of Spring Pleat Midi Skirt', 6706473, '325.00', '325.00', '0.0', 0, 2, 2, 3, 127, 124),
(335, 'Beach Tweed Skirt', 6706481, '195.00', '195.00', '0.0', 0, 2, 2, 3, 127, 50),
(336, 'Violet Pleated Cotton Midi Skirt', 6712009, '298.00', '298.00', '0.0', 0, 2, 2, 3, 82, 125),
(337, 'Faux Leather Miniskirt', 6713923, '148.00', '148.00', '0.0', 0, 2, 2, 3, 47, 1),
(338, 'Mae Check Silk Blend Skirt', 6725001, '378.00', '378.00', '0.0', 0, 2, 2, 3, 132, 126),
(339, 'Two-Tone Organic Cotton Denim Miniskirt', 6727616, '255.00', '255.00', '0.0', 0, 2, 2, 3, 102, 127),
(340, 'Ruched 3D Jacquard Miniskirt', 6727651, '255.00', '255.00', '0.0', 0, 2, 2, 3, 102, 128),
(341, 'Quilted Skirt', 6744941, '89.00', '89.00', '0.0', 0, 2, 2, 3, 111, 1),
(342, 'Ruched Midi Skirt', 6760466, '55.00', '55.00', '0.0', 0, 2, 2, 3, 74, 1),
(343, 'Jenetia Skirt', 6763072, '295.00', '295.00', '0.0', 0, 2, 2, 3, 119, 129),
(344, 'Edina Floral Cotton Tiered Skirt', 6796673, '188.00', '188.00', '0.0', 0, 2, 2, 3, 31, 30),
(345, 'Satin Wrap Skirt', 6830025, '41.30', '59.00', '1.2', 5, 2, 2, 3, 8, 13),
(346, 'Side Slit Knit Midi Skirt', 3520436, '180.00', '180.00', '4.0', 20, 2, 2, 3, 133, 1),
(347, 'Chiffon Maxi Skirt', 3990574, '79.00', '79.00', '4.9', 7, 2, 2, 3, 44, 1),
(348, 'Slip Skirt', 5242775, '265.00', '265.00', '3.7', 20, 2, 2, 3, 26, 14),
(349, 'Long Denim Skirt', 5475166, '128.00', '128.00', '4.2', 10, 2, 2, 3, 40, 86),
(350, 'Chiffon Detail Skirt', 5736303, '65.00', '65.00', '5.0', 1, 2, 2, 3, 44, 1),
(351, 'Denim Pencil Skirt', 5838823, '78.00', '78.00', '0.0', 0, 2, 2, 3, 134, 130),
(352, 'Selma Pieced Denim Midi Skirt', 5865336, '70.40', '128.00', '3.0', 1, 2, 2, 3, 40, 35),
(353, 'Dorset Lace Hem Skirt', 5869385, '119.00', '119.00', '3.5', 2, 2, 2, 3, 11, 1),
(354, 'Snap Faux Leather Skirt', 5917814, '27.20', '68.00', '3.3', 13, 2, 2, 3, 9, 1),
(355, 'Amanda Tennis Miniskirt', 5962663, '23.97', '39.00', '0.0', 0, 2, 2, 3, 19, 10),
(356, 'Stripe Rib Sweater Skirt', 5963792, '345.00', '345.00', '5.0', 2, 2, 2, 3, 69, 23),
(357, 'Flutter Tennis Skirt', 5975097, '84.00', '84.00', '0.0', 0, 2, 2, 3, 135, 16),
(358, 'Leeds Faux Leather Pencil Skirt', 6088847, '126.00', '210.00', '0.0', 0, 2, 2, 3, 136, 1),
(359, 'Sequin Skirt', 6090061, '63.20', '79.00', '0.0', 0, 2, 2, 3, 13, 1),
(360, 'Faux Leather Pencil Skirt', 6127209, '98.00', '98.00', '3.6', 5, 2, 2, 3, 137, 1),
(361, 'Parker Printed Maxi Skirt', 6137804, '172.80', '288.00', '0.0', 0, 2, 2, 3, 138, 1),
(362, 'Piccolo Ruffle Miniskirt', 6142144, '195.00', '325.00', '0.0', 0, 2, 2, 3, 139, 31),
(363, 'Wendy Palm Print Cotton Skirt', 6148643, '150.00', '250.00', '0.0', 0, 2, 2, 3, 140, 35),
(364, 'Leanna Swit Sweater Skirt', 6293739, '148.00', '148.00', '5.0', 1, 2, 2, 3, 1, 34),
(365, 'Addison Print Smocked Waist Skirt', 6412355, '63.20', '158.00', '0.0', 0, 2, 2, 3, 31, 117),
(366, 'Paneled Midi Skirt', 6414447, '395.00', '395.00', '0.0', 0, 2, 2, 3, 26, 14),
(367, 'Textured Miniskirt', 6424783, '59.80', '149.50', '5.0', 1, 2, 2, 3, 92, 131),
(368, 'Print Wrap Skirt', 6446003, '70.80', '118.00', '0.0', 0, 2, 2, 3, 141, 35),
(369, 'Leaf Print Stretch Cotton Skirt', 6446501, '495.00', '495.00', '0.0', 0, 2, 2, 3, 106, 35),
(370, 'Raj Cotton Skirt', 6447177, '198.00', '495.00', '0.0', 0, 2, 2, 3, 127, 40),
(371, 'Avas Print Miniskirt', 6447482, '40.80', '68.00', '0.0', 0, 2, 2, 3, 1, 67),
(372, 'Wrap Over Faux Leather Midi Skirt', 6456853, '67.50', '90.00', '5.0', 1, 2, 2, 3, 38, 1),
(373, 'Plaid Print Miniskirt', 6462176, '39.00', '39.00', '0.0', 0, 2, 2, 3, 19, 10),
(374, 'Ribbed Wool & Cashmere Blend Skirt', 6471250, '207.00', '345.00', '5.0', 1, 2, 2, 3, 26, 132),
(375, 'Pull-On Midi Skirt', 6476990, '39.50', '79.00', '0.0', 0, 2, 2, 3, 126, 1),
(376, 'Gonna Lunga Mesh Skirt', 6479310, '425.00', '425.00', '0.0', 0, 2, 2, 3, 79, 133),
(377, 'Verona Accordion Pleat Skirt', 6507616, '178.00', '178.00', '0.0', 0, 2, 2, 3, 2, 1),
(378, 'Paola Floral Print Tie Waist Maxi Skirt', 6508448, '188.00', '188.00', '0.0', 0, 2, 2, 3, 142, 1),
(379, 'Crochet Midi Skirt', 6511047, '465.00', '465.00', '0.0', 0, 2, 2, 3, 143, 59),
(380, 'Long Satin Skirt', 6520197, '79.20', '99.00', '0.0', 0, 2, 2, 3, 111, 6),
(381, 'Ryan Belted Cotton Midi Skirt', 6526929, '395.00', '395.00', '3.0', 1, 2, 2, 3, 36, 17),
(382, 'City Sleek Faux Leather Skirt', 6528994, '53.40', '89.00', '0.0', 0, 2, 2, 3, 144, 11),
(383, 'Cavendish Fox Forest Corduroy Skirt', 6529196, '60.30', '90.00', '0.0', 0, 2, 2, 3, 145, 17),
(384, 'Faux Leather Slit Midi Skirt', 6538661, '62.00', '62.00', '0.0', 0, 2, 2, 3, 22, 1),
(385, 'Audrey Faux Leather Skirt', 6546041, '88.00', '88.00', '0.0', 0, 2, 2, 3, 57, 23),
(386, 'Love Me Now Sequin Miniskirt', 6551256, '36.00', '48.00', '0.0', 0, 2, 2, 3, 23, 86),
(387, 'Glamour Sequin Miniskirt', 6563143, '79.00', '79.00', '5.0', 1, 2, 2, 3, 10, 12),
(388, 'Utility Belted Faux Leather Miniskirt', 6565817, '72.00', '72.00', '0.0', 0, 2, 2, 3, 74, 1),
(389, 'Pleated Cotton Skirt', 6585835, '198.00', '198.00', '0.0', 0, 2, 2, 3, 141, 1),
(390, 'Birdy Gathered Plaid Miniskirt', 6593386, '330.00', '330.00', '0.0', 0, 2, 2, 3, 129, 4),
(391, 'Dahlia Print Skirt', 6605090, '375.00', '375.00', '0.0', 0, 2, 2, 3, 26, 134),
(392, 'Lys Tilo Skirt', 6633358, '155.00', '155.00', '0.0', 0, 2, 2, 3, 60, 7),
(393, 'Print Asymmetric Skirt', 6638548, '128.00', '128.00', '0.0', 0, 2, 2, 3, 141, 23),
(394, 'Wesley Plaid Cotton Skirt', 6646344, '298.00', '298.00', '0.0', 0, 2, 2, 3, 35, 35),
(395, 'Nessa Pleat Midi Skirt', 6648969, '188.00', '188.00', '0.0', 0, 2, 2, 3, 146, 67),
(396, 'MISA Los Angles Azar Ruffle Miniskirt', 6651433, '245.00', '245.00', '0.0', 0, 2, 2, 3, 130, 100),
(397, 'Arianna Scalloped Hem Skirt', 6653829, '225.00', '225.00', '0.0', 0, 2, 2, 3, 4, 33),
(398, 'Bengaline Plaid Miniskirt', 6658258, '56.00', '56.00', '0.0', 0, 2, 2, 3, 38, 67),
(399, 'Check D-Ring Miniskirt', 6669887, '149.50', '149.50', '0.0', 0, 2, 2, 3, 92, 31),
(400, 'Floral Midi Skirt', 6671441, '62.00', '62.00', '4.7', 3, 2, 2, 3, 38, 1),
(401, '7 For All Mankind Denim Pencil Skirt', 6675852, '89.00', '89.00', '0.0', 0, 2, 2, 3, 5, 7),
(402, 'Julian Rib Skirt', 6686879, '199.00', '199.00', '0.0', 0, 2, 2, 3, 147, 135),
(403, 'Curve Swirl Print Drape Wrap Skirt', 6704900, '35.00', '35.00', '1.0', 1, 2, 2, 3, 70, 23),
(404, 'Kathy Knit Miniskirt', 6714112, '88.00', '88.00', '0.0', 0, 2, 2, 3, 117, 63),
(405, 'Bethany Tweed Skirt', 6714119, '88.00', '88.00', '0.0', 0, 2, 2, 3, 117, 16),
(406, 'Remington Abstract Print Knit Skirt', 6714152, '98.00', '98.00', '0.0', 0, 2, 2, 3, 117, 31),
(407, 'Dancer Floral Print Flare Miniskirt', 6748253, '695.00', '695.00', '0.0', 0, 2, 2, 3, 148, 6),
(408, 'The Ruffle Leopard Print Miniskirt', 6751265, '198.00', '198.00', '0.0', 0, 2, 2, 3, 149, 50),
(409, 'Corduroy Notched Hem Skirt', 6758224, '22.97', '39.00', '1.0', 2, 2, 2, 3, 19, 114),
(410, 'Women\'s Geodot Floral Ruffle Tiered Pull-On Midi Skirt', 6759502, '98.00', '98.00', '0.0', 0, 2, 2, 3, 12, 1),
(411, 'Iole Miniskirt', 6763133, '295.00', '295.00', '0.0', 0, 2, 2, 3, 119, 35),
(412, 'Keyla High Waist Check Miniskirt', 6768365, '45.00', '45.00', '0.0', 0, 2, 2, 3, 25, 1),
(413, 'The Honor Raw Hem Denim Skirt', 6775767, '188.00', '188.00', '0.0', 0, 2, 2, 3, 150, 35),
(414, 'Ribbed Midi Skirt', 6788137, '38.00', '38.00', '0.0', 0, 2, 2, 3, 74, 133),
(415, 'Cutout Midi Skirt', 6788145, '70.00', '70.00', '0.0', 0, 2, 2, 3, 74, 1),
(416, 'Stripe A-Line Skirt', 6798055, '198.00', '198.00', '0.0', 0, 2, 2, 3, 97, 21),
(417, 'Tonal Stripe Knit Pull-On Skirt', 6798182, '198.00', '198.00', '0.0', 0, 2, 2, 3, 97, 136),
(418, 'Roll Top Maxi Skirt', 5338980, '49.00', '49.00', '4.3', 23, 2, 2, 3, 3, 137),
(419, 'JEN7 Denim Pencil Skirt', 5512709, '79.00', '79.00', '4.9', 8, 2, 2, 3, 5, 54),
(420, 'Carrie Faux Suede Miniskirt', 5531063, '118.00', '118.00', '0.0', 0, 2, 2, 3, 95, 63),
(421, 'Colorblock Skirt', 5547230, '99.00', '99.00', '0.0', 0, 2, 2, 3, 151, 13),
(422, 'Midi Skirt', 5737044, '78.00', '78.00', '0.0', 0, 2, 2, 3, 134, 35),
(423, 'A-Line Chiffon Skirt', 5737636, '64.00', '64.00', '4.5', 2, 2, 2, 3, 44, 1),
(424, 'High Waist Skirt', 5771485, '58.00', '58.00', '4.5', 21, 2, 2, 3, 152, 1),
(425, 'Berlin Satin Midi Skirt', 5779773, '168.00', '168.00', '4.0', 1, 2, 2, 3, 31, 10),
(426, 'Plaid Pleated Miniskirt', 5818628, '21.97', '45.00', '0.0', 0, 2, 2, 3, 19, 66),
(427, 'Denim Miniskirt', 5828295, '68.00', '68.00', '5.0', 1, 2, 2, 3, 153, 108),
(428, 'Verona Garden Tiered Ruffle Skirt', 5835840, '99.00', '99.00', '0.0', 0, 2, 2, 3, 154, 39),
(429, 'Lace Inset Skirt', 5907535, '58.00', '58.00', '2.8', 4, 2, 2, 3, 155, 1),
(430, 'Drawstring Waist Knit Skirt', 5911436, '29.40', '49.00', '0.0', 0, 2, 2, 3, 48, 28),
(431, 'Cashmere Blend Tube Skirt', 5953224, '229.00', '229.00', '0.0', 0, 2, 2, 3, 46, 1),
(432, 'Kristina Floral Knit Skirt', 6088855, '160.00', '160.00', '0.0', 0, 2, 2, 3, 136, 35),
(433, 'Checkmate Pleated Midi Skirt', 6290224, '267.00', '445.00', '0.0', 0, 2, 2, 3, 127, 1),
(434, 'Smocked Miniskirt', 6292904, '155.00', '155.00', '0.0', 0, 2, 2, 3, 102, 138),
(435, 'Recycled Wool Blend Miniskirt', 6292943, '98.00', '245.00', '0.0', 0, 2, 2, 3, 102, 1),
(436, 'Gellio Metallic Midi Skirt', 6295244, '177.00', '295.00', '0.0', 0, 2, 2, 3, 140, 31),
(437, 'Ponte Pencil Skirt', 6295874, '79.00', '79.00', '0.0', 0, 2, 2, 3, 105, 23),
(438, 'Knit Skirt', 6413623, '170.00', '170.00', '0.0', 0, 2, 2, 3, 133, 1),
(439, 'Felted Wool & Cashmere Godet Skirt', 6414384, '375.00', '375.00', '0.0', 0, 2, 2, 3, 26, 139),
(440, 'Juno Animal Print Alpaca & Merino Wool Blend Skirt', 6417902, '148.80', '248.00', '0.0', 0, 2, 2, 3, 82, 67),
(441, 'Drape Midi Skirt', 6424758, '159.50', '159.50', '3.5', 2, 2, 2, 3, 92, 35),
(442, 'Corte Faux Leather Miniskirt', 6456571, '30.40', '38.00', '4.0', 2, 2, 2, 3, 23, 67),
(443, 'Arianna Pleated Handkerchief Hem Skirt', 6465902, '182.00', '455.00', '0.0', 0, 2, 2, 3, 93, 35),
(444, 'Montero Cutout Midi Skirt', 6473499, '79.00', '79.00', '0.0', 0, 2, 2, 3, 10, 1),
(445, 'Dora Corduroy Miniskirt', 6473551, '195.00', '195.00', '3.0', 1, 2, 2, 3, 140, 1),
(446, 'Lovers & Friends Ruffle Skirt', 6473723, '40.00', '40.00', '0.0', 0, 2, 2, 3, 156, 20),
(447, 'High Waist Pencil Skirt', 6492344, '79.00', '79.00', '0.0', 0, 2, 2, 3, 11, 140),
(448, 'Mesh Miniskirt', 6498950, '29.00', '29.00', '0.0', 0, 2, 2, 3, 19, 66),
(449, 'Drea Bias Cut Satin Midi Skirt', 6500150, '148.00', '148.00', '0.0', 0, 2, 2, 3, 157, 141),
(450, 'Smocked Waist Miniskirt', 6503180, '79.00', '79.00', '0.0', 0, 2, 2, 3, 126, 142),
(451, 'Print Midi Skirt', 6511725, '59.00', '59.00', '4.0', 1, 2, 2, 3, 54, 1),
(452, 'Maya Satin Side Slit Skirt', 6533164, '188.00', '188.00', '0.0', 0, 2, 2, 3, 31, 1),
(453, 'Alejandra Mix Print Cotton Skirt', 6534604, '395.00', '395.00', '0.0', 0, 2, 2, 3, 36, 2),
(454, 'Jimena Belted Faux Leather Skirt', 6550937, '345.00', '345.00', '0.0', 0, 2, 2, 3, 93, 1),
(455, 'Celebrate the Feeling Ruched Velvet Miniskirt', 6551241, '24.99', '32.00', '0.0', 0, 2, 2, 3, 23, 5),
(456, 'Mirrored Cat Sequin Paisley Skirt', 6556677, '101.25', '135.00', '0.0', 0, 2, 2, 3, 70, 14),
(457, 'Four Leaf Clover Button Velvet Skirt', 6559889, '89.00', '89.00', '0.0', 0, 2, 2, 3, 111, 1),
(458, 'Denim Midi Skirt', 6572483, '258.00', '258.00', '0.0', 0, 2, 2, 3, 64, 33),
(459, 'Dri-FIT UV Victory Printed Golf Skirt', 6588491, '75.00', '75.00', '5.0', 1, 2, 2, 3, 6, 143),
(460, 'Coated High Waist Cotton Blend Skirt', 6588814, '117.00', '195.00', '1.0', 1, 2, 2, 3, 131, 111),
(461, 'Hamlin Quilted Cotton Skirt', 6592733, '435.00', '435.00', '0.0', 0, 2, 2, 3, 129, 50),
(462, 'Out of Ordinary Denim Miniskirt', 6601053, '68.00', '68.00', '0.0', 0, 2, 2, 3, 1, 35),
(463, 'Houndstooth Skirt', 6603162, '60.00', '60.00', '0.0', 0, 2, 2, 3, 74, 144),
(464, 'Sofie Satin Midi Skirt', 6617223, '33.50', '50.00', '0.0', 0, 2, 2, 3, 58, 1),
(465, 'Smiley® x Alice + Olivia Tina Sequin Gown Skirt', 6619728, '1495.00', '1495.00', '0.0', 0, 2, 2, 3, 56, 1),
(466, 'Faux Leather Tie Waist Skirt', 6630405, '89.00', '89.00', '0.0', 0, 2, 2, 3, 7, 131),
(467, 'Paneled Cotton Blend Slip Skirt', 6633085, '395.00', '395.00', '0.0', 0, 2, 2, 3, 26, 145),
(468, 'Vokna Midi Skirt', 6639885, '298.00', '298.00', '0.0', 0, 2, 2, 3, 65, 146),
(469, 'Patch Pocket Denim Skirt', 6641357, '248.00', '248.00', '0.0', 0, 2, 2, 3, 64, 35),
(470, 'Stripe Cotton & Linen A-Line Skirt', 6660479, '350.00', '350.00', '0.0', 0, 2, 2, 3, 109, 147),
(471, 'Liliana Rib Jersey Skirt', 6692487, '175.00', '175.00', '0.0', 0, 2, 2, 3, 158, 84),
(472, 'Accolade High Waist Skirt', 6700512, '68.00', '68.00', '0.0', 0, 2, 2, 3, 33, 148),
(473, 'Gingham Seersucker Knit Pull-On Midi Skirt', 6705217, '88.00', '88.00', '0.0', 0, 2, 2, 3, 12, 1),
(474, 'Ida Floral Rosette Straight Cotton Skirt', 6713029, '495.00', '495.00', '0.0', 0, 2, 2, 3, 61, 33),
(475, 'Drew Pleated Skirt', 6754090, '265.00', '265.00', '0.0', 0, 2, 2, 3, 159, 1),
(476, 'Rafaele Asymmetric Skirt', 6760007, '260.00', '260.00', '0.0', 0, 2, 2, 3, 89, 149),
(477, 'Jersey Midi Skirt', 6775791, '128.00', '128.00', '0.0', 0, 2, 2, 3, 37, 67),
(478, 'Floral Twist Midi Skirt', 6789994, '60.00', '60.00', '0.0', 0, 2, 2, 3, 74, 6),
(479, 'Gigi Floral Tiered Silk Maxi Skirt', 6791460, '650.00', '650.00', '0.0', 0, 2, 2, 3, 160, 150),
(480, 'Taras Ruffle Cotton & Silk Miniskirt', 6798445, '348.00', '348.00', '0.0', 0, 2, 2, 3, 71, 50),
(481, 'Knot Hem Stretch Cotton Skirt', 6798860, '325.00', '325.00', '0.0', 0, 2, 2, 3, 161, 1),
(482, 'Curve Tweed Miniskirt', 6806777, '70.00', '70.00', '0.0', 0, 2, 2, 3, 39, 1),
(483, 'Leather Too Late Faux Leather Skirt', 6808006, '49.99', '79.00', '0.0', 0, 2, 2, 3, 10, 1),
(484, 'Tiered Maxi Skirt', 6813151, '90.00', '90.00', '0.0', 0, 2, 2, 3, 87, 151),
(485, 'Utility Miniskirt', 6818391, '350.00', '350.00', '0.0', 0, 2, 2, 3, 161, 1),
(486, 'City Sleek Faux Leather Skirt', 6833274, '62.30', '89.00', '0.0', 0, 2, 2, 3, 144, 1),
(487, 'Cotton Blend Fil Coupé Midi Skirt', 6839953, '1298.00', '1298.00', '0.0', 0, 2, 2, 3, 162, 152),
(488, 'A-Line Knit Maxi Skirt', 4050930, '205.00', '205.00', '4.4', 5, 2, 2, 3, 133, 1),
(489, 'Kelly Side Slit Knit Pencil Skirt', 4612478, '72.00', '72.00', '4.3', 3, 2, 2, 3, 99, 32),
(490, 'Tee Lab Fleece Midi Skirt', 5265077, '165.00', '165.00', '4.5', 2, 2, 2, 3, 76, 153),
(491, 'Ruched Leopard Print Maternity Skirt', 5414784, '42.46', '49.95', '0.0', 0, 2, 2, 3, 21, 23),
(492, 'Nouveau Midi Tube Skirt', 5581914, '35.40', '59.00', '3.4', 17, 2, 2, 3, 154, 23),
(493, 'Fake Out Leopard Print Faux Leather Skirt', 5766623, '47.97', '88.00', '0.0', 0, 2, 2, 3, 1, 154),
(494, 'Slit Sweater Skirt', 5862088, '21.97', '49.00', '3.6', 8, 2, 2, 3, 8, 10),
(495, 'Pleated Midi Skirt', 5896295, '695.00', '695.00', '0.0', 0, 2, 2, 3, 163, 1),
(496, 'Melissa Miniskirt', 5920392, '78.00', '78.00', '0.0', 0, 2, 2, 3, 1, 1),
(497, 'Tea Party Crystal Detail Knit Skirt', 5927131, '43.97', '89.00', '0.0', 0, 2, 2, 3, 57, 67),
(498, 'Marion Ruffle Clip Dot Chiffon Skirt', 5959391, '96.00', '240.00', '0.0', 0, 2, 2, 3, 130, 155),
(499, 'Brushstroke Print Ruched Velour Miniskirt', 5965520, '38.50', '55.00', '0.0', 0, 2, 2, 3, 8, 1),
(500, 'Addison Smocked Cheetah Print Linen Blend Miniskirt', 5966611, '88.80', '148.00', '0.0', 0, 2, 2, 3, 31, 49),
(501, 'Paisley Embroidery Tiered Ruffle Cotton Miniskirt', 6092215, '50.00', '50.00', '0.0', 0, 2, 2, 3, 164, 16),
(502, 'Penelope Cable Stitch Skirt', 6143071, '78.00', '78.00', '0.0', 0, 2, 2, 3, 117, 18),
(503, 'Double Waistband Denim Skirt', 6146799, '38.97', '65.00', '0.0', 0, 2, 2, 3, 74, 4),
(504, 'Wesley Stretch Denim Miniskirt', 6293383, '117.00', '195.00', '0.0', 0, 2, 2, 3, 165, 50),
(505, 'Loving High Waist Faux Leather Skirt', 6408756, '55.00', '55.00', '0.0', 0, 2, 2, 3, 25, 156),
(506, 'Knot Front Animal Print Skirt', 6430230, '29.97', '60.00', '1.0', 1, 2, 2, 3, 74, 157),
(507, 'Nurture Manchester Plaid Alpaca Blend Skirt', 6458964, '298.00', '298.00', '0.0', 0, 2, 2, 3, 166, 118),
(508, 'Plaid Print Miniskirt', 6462464, '39.00', '39.00', '0.0', 0, 2, 2, 3, 19, 10),
(509, 'Wash Lab Classic Denim Skirt', 6463020, '128.00', '128.00', '4.0', 1, 2, 2, 3, 40, 35),
(510, 'Stretch Denim Kilt Miniskirt', 6466567, '29.70', '54.00', '4.0', 2, 2, 2, 3, 53, 1),
(511, 'Gathered Addy Faux Leather Miniskirt', 6466725, '43.98', '109.95', '0.0', 0, 2, 2, 3, 108, 23),
(512, 'Emerald Night Floral Jacquard Skirt', 6468172, '129.00', '129.00', '0.0', 0, 2, 2, 3, 120, 15),
(513, 'Faux Leather Wrap Skirt', 6468476, '450.00', '450.00', '0.0', 0, 2, 2, 3, 50, 1),
(514, 'Eva Alpaca Blend Skirt', 6470419, '178.80', '298.00', '0.0', 0, 2, 2, 3, 82, 157),
(515, 'Diva Stretch Denim Miniskirt', 6473713, '45.00', '45.00', '0.0', 0, 2, 2, 3, 156, 4),
(516, 'Carter Tiered Miniskirt', 6476717, '158.00', '395.00', '0.0', 0, 2, 2, 3, 84, 3),
(517, 'Jiloa Stripe Cotton Blanket Skirt', 6477204, '380.00', '380.00', '0.0', 0, 2, 2, 3, 129, 67),
(518, 'Aimee Floral Silk Skirt', 6479135, '237.00', '395.00', '0.0', 0, 2, 2, 3, 139, 107),
(519, 'Irises Flared Skirt', 6487050, '395.00', '395.00', '0.0', 0, 2, 2, 3, 4, 1),
(520, 'Pleated Midi Skirt', 6488441, '148.00', '148.00', '0.0', 0, 2, 2, 3, 141, 6),
(521, 'Suki Stripe Wrap Skirt', 6492238, '44.50', '89.00', '0.0', 0, 2, 2, 3, 101, 105),
(522, 'Open Stitch Crochet Midi Skirt', 6511044, '420.00', '420.00', '0.0', 0, 2, 2, 3, 143, 158),
(523, 'Neil A-Line Skirt', 6511595, '155.00', '155.00', '0.0', 0, 2, 2, 3, 167, 159),
(524, 'Wool & Cotton Blend Skirt', 6513078, '79.20', '99.00', '3.0', 2, 2, 2, 3, 111, 10),
(525, 'Crystal Embellished Silk Cover-Up Skirt', 6520722, '449.00', '449.00', '0.0', 0, 2, 2, 3, 168, 6),
(526, 'Floral Miniskirt', 6521874, '70.00', '70.00', '2.0', 1, 2, 2, 3, 87, 10),
(527, 'Ariana Sequin Midi Skirt', 6521939, '69.97', '128.00', '0.0', 0, 2, 2, 3, 1, 39),
(528, 'Tasha Sequin Skirt', 6527652, '190.00', '190.00', '4.0', 2, 2, 2, 3, 136, 35),
(529, 'Jenny Smocked Ruffle Faux Leather Miniskirt', 6532516, '350.00', '350.00', '0.0', 0, 2, 2, 3, 84, 131),
(530, 'Mermaid Bananas Maxi Skirt', 6536568, '175.00', '175.00', '0.0', 0, 2, 2, 3, 29, 7),
(531, 'Metallic Wavy Seam Maxi Skirt', 6538606, '37.20', '62.00', '0.0', 0, 2, 2, 3, 22, 35),
(532, 'Pineapple Print Linen Skirt', 6539087, '595.00', '595.00', '0.0', 0, 2, 2, 3, 148, 31),
(533, 'Croc Embossed Faux Leather Midi Skirt', 6554413, '99.00', '99.00', '0.0', 0, 2, 2, 3, 7, 1),
(534, 'Delm Velvet Slit Midi Skirt', 6555612, '58.50', '78.00', '1.0', 1, 2, 2, 3, 20, 1),
(535, 'Crolenda Faux Leather Miniskirt', 6563414, '78.00', '78.00', '5.0', 1, 2, 2, 3, 95, 1),
(536, 'Lace Trim Midi Skirt', 6565994, '64.00', '64.00', '5.0', 1, 2, 2, 3, 74, 1),
(537, 'Divine Rose Print Midi Skirt', 6575684, '89.00', '89.00', '0.0', 0, 2, 2, 3, 81, 1),
(538, 'Balboa Skirt', 6592919, '118.00', '118.00', '0.0', 0, 2, 2, 3, 57, 160),
(539, 'Tikeda Button Front Denim Skirt', 6593375, '315.00', '315.00', '0.0', 0, 2, 2, 3, 129, 11),
(540, 'Naomi Smocked Floral Tiered Skirt', 6593396, '295.00', '295.00', '0.0', 0, 2, 2, 3, 129, 42),
(541, 'Cream Fleece Faux Leather Miniskirt', 6603037, '76.00', '76.00', '2.0', 1, 2, 2, 3, 74, 161),
(542, 'Baker Cable Knit Cotton Flare Miniskirt', 6603642, '330.00', '330.00', '0.0', 0, 2, 2, 3, 56, 162),
(543, 'Jorden Houndstooth Skirt', 6617185, '33.50', '50.00', '0.0', 0, 2, 2, 3, 58, 1),
(544, 'Belted Button Front Linen Blend Skirt', 6618954, '375.00', '375.00', '0.0', 0, 2, 2, 3, 26, 7),
(545, 'Dimenia Ruffle Denim Miniskirt', 6624801, '530.00', '530.00', '0.0', 0, 2, 2, 3, 169, 151),
(546, 'Emilia Floral Side Slit Skirt', 6628222, '78.00', '78.00', '0.0', 0, 2, 2, 3, 20, 1),
(547, 'Sacramini Ribbed Jersey Miniskirt', 6638945, '485.00', '485.00', '0.0', 0, 2, 2, 3, 170, 1),
(548, 'Esta Maxi Skirt', 6651425, '365.00', '365.00', '0.0', 0, 2, 2, 3, 130, 100),
(549, 'Tiered Lace Handkerchief Hem Skirt', 6678403, '225.00', '225.00', '0.0', 0, 2, 2, 3, 89, 136),
(550, 'Crepe Pleated Midi Skirt', 6702403, '395.00', '395.00', '0.0', 0, 2, 2, 3, 50, 163),
(551, 'Drive You Crazy Miniskirt', 6704779, '79.00', '79.00', '0.0', 0, 2, 2, 3, 10, 6),
(552, 'Amaya Pencil Skirt', 6761680, '295.00', '295.00', '0.0', 0, 2, 2, 3, 171, 30);
INSERT INTO `skirts` (`skirts_id`, `product_name`, `sku`, `price_current_usd`, `price_retail_usd`, `review_rating`, `review_count`, `department_id`, `category_id`, `sub_category_id`, `skirts_brand_id`, `skirts_color_id`) VALUES
(553, 'Jia Faux Leather Tiered Skirt', 6761737, '295.00', '295.00', '0.0', 0, 2, 2, 3, 56, 1),
(554, 'Jinova Cashmere Skirt', 6763154, '295.00', '295.00', '0.0', 0, 2, 2, 3, 119, 164),
(555, 'Stretch Cotton Miniskirt', 6802664, '565.00', '565.00', '0.0', 0, 2, 2, 3, 86, 114),
(556, 'Sienna Shirred High Waist Recycled Polyester Skirt', 6806388, '59.00', '59.00', '2.0', 1, 2, 2, 3, 172, 21),
(557, 'Zoe Midi Skirt', 6823642, '148.00', '148.00', '0.0', 0, 2, 2, 3, 2, 35),
(558, 'Velvet Flare Skirt', 5705861, '69.00', '69.00', '1.0', 1, 2, 2, 3, 173, 17),
(559, 'Elii A-Line Faux Leather Midi Skirt', 5808521, '259.00', '259.00', '0.0', 0, 2, 2, 3, 89, 32),
(560, 'Women\'s Pleated Miniskirt', 5818595, '21.97', '45.00', '0.0', 0, 2, 2, 3, 19, 66),
(561, 'Smocked 2-in-1 Maternity Skirt', 5854631, '88.00', '88.00', '0.0', 0, 2, 2, 3, 174, 1),
(562, 'St. Lucia Linen Blend Sarong Skirt', 5869363, '89.50', '89.50', '3.0', 1, 2, 2, 3, 175, 35),
(563, 'Court Victory Tennis Skirt', 5886786, '50.00', '50.00', '0.0', 0, 2, 2, 3, 6, 3),
(564, 'The Goddess Two-Piece Top and Skirt Set', 5909245, '74.50', '149.00', '0.0', 0, 2, 2, 3, 144, 6),
(565, 'Ribbed Cotton & Cashmere Skirt', 5916500, '178.00', '178.00', '5.0', 1, 2, 2, 3, 176, 21),
(566, 'Shirred Miniskirt', 5934004, '70.00', '70.00', '0.0', 0, 2, 2, 3, 39, 16),
(567, 'Denim Miniskirt', 5942730, '68.00', '68.00', '0.0', 0, 2, 2, 3, 153, 165),
(568, 'Palm Print Silk Charmeuse Slip Skirt', 5960338, '210.00', '350.00', '0.0', 0, 2, 2, 3, 80, 166),
(569, 'Hawaii Rose Tiered Midi Skirt', 5960878, '88.00', '88.00', '0.0', 0, 2, 2, 3, 122, 9),
(570, 'Isadora Front Slit Cashmere Skirt', 6016976, '270.00', '450.00', '0.0', 0, 2, 2, 3, 177, 1),
(571, 'Midi Sweater Skirt', 6090034, '79.00', '79.00', '0.0', 0, 2, 2, 3, 13, 1),
(572, 'Cove Ribbed Asymmetric Skirt', 6137303, '78.00', '195.00', '0.0', 0, 2, 2, 3, 124, 63),
(573, 'Midi Patch Denim Skirt', 6397281, '135.00', '135.00', '0.0', 0, 2, 2, 3, 178, 35),
(574, 'Pleated Asymmetric Faux Leather Skirt', 6406978, '119.00', '119.00', '0.0', 0, 2, 2, 3, 154, 167),
(575, 'Luxe Wool & Cashmere Cable Knit Sweater Skirt', 6428516, '118.00', '295.00', '0.0', 0, 2, 2, 3, 80, 168),
(576, 'Croc Print Pleated Skirt', 6444851, '99.00', '99.00', '0.0', 0, 2, 2, 3, 154, 21),
(577, 'Cassi Miniskirt', 6473544, '135.00', '225.00', '0.0', 0, 2, 2, 3, 140, 86),
(578, 'Joellee Leather A-Line Skirt', 6479261, '295.00', '295.00', '0.0', 0, 2, 2, 3, 89, 1),
(579, 'Gonna Ruched Mesh Skirt', 6479306, '325.00', '325.00', '0.0', 0, 2, 2, 3, 79, 144),
(580, 'Front Slit Knee Length Skirt', 6492335, '89.00', '89.00', '0.0', 0, 2, 2, 3, 11, 12),
(581, 'Herst Ruched Silk Velvet Skirt', 6495129, '297.00', '495.00', '1.0', 1, 2, 2, 3, 71, 1),
(582, 'Animal Print Pleated Skirt', 6498406, '55.30', '79.00', '0.0', 0, 2, 2, 3, 81, 23),
(583, 'Check Miniskirt', 6500618, '78.00', '78.00', '0.0', 0, 2, 2, 3, 179, 1),
(584, 'Flutey Wool Blend Skirt', 6502968, '475.00', '475.00', '0.0', 0, 2, 2, 3, 51, 169),
(585, 'Pleated Midi Skirt', 6529007, '99.00', '99.00', '0.0', 0, 2, 2, 3, 151, 16),
(586, 'Boutique Skyline Bralette & Maxi Skirt', 6529502, '286.80', '478.00', '0.0', 0, 2, 2, 3, 55, 170),
(587, 'Check Miniskirt', 6540569, '70.00', '70.00', '0.0', 0, 2, 2, 3, 87, 171),
(588, 'Maxi Pluto Skirt', 6542029, '215.00', '215.00', '0.0', 0, 2, 2, 3, 180, 23),
(589, 'Penny Pleated Midi Skirt', 6543831, '88.00', '110.00', '0.0', 0, 2, 2, 3, 181, 3),
(590, 'Palma Smocked Cover-Up Skirt', 6545819, '58.00', '58.00', '0.0', 0, 2, 2, 3, 182, 172),
(591, 'Wool Blend Maxi Skirt', 6547847, '119.00', '119.00', '5.0', 1, 2, 2, 3, 111, 67),
(592, 'Carola Ruched Velveteen Shirt', 6548202, '32.00', '32.00', '0.0', 0, 2, 2, 3, 25, 1),
(593, 'Glorious Sequin Miniskirt', 6550574, '69.00', '69.00', '0.0', 0, 2, 2, 3, 25, 1),
(594, 'Cappucine Faux Leather Wrap Skirt', 6550763, '50.00', '50.00', '2.3', 3, 2, 2, 3, 58, 173),
(595, 'Plaid Cotton & Linen Balloon Skirt', 6554565, '695.00', '695.00', '0.0', 0, 2, 2, 3, 88, 16),
(596, 'Pippin Quilt Miniskirt', 6555258, '325.00', '325.00', '0.0', 0, 2, 2, 3, 61, 16),
(597, 'Windward Terry Cloth Cover-Up Skirt', 6562248, '90.00', '90.00', '0.0', 0, 2, 2, 3, 183, 174),
(598, 'Car Wash Leather Miniskirt', 6563175, '375.00', '375.00', '0.0', 0, 2, 2, 3, 102, 1),
(599, 'Connie Sparkle Wrap Midi Skirt', 6571266, '98.00', '98.00', '0.0', 0, 2, 2, 3, 117, 31),
(600, 'Kit Floral Jacquard Silk Blend Asymmetric Skirt', 6578930, '378.00', '378.00', '0.0', 0, 2, 2, 3, 132, 60),
(601, 'Bias Cut High-Low Hem Cover-Up Skirt', 6580738, '135.00', '135.00', '0.0', 0, 2, 2, 3, 184, 1),
(602, 'High Waist Corset Front Garter Miniskirt', 6582337, '760.00', '760.00', '0.0', 0, 2, 2, 3, 185, 15),
(603, 'Slit Miniskirt', 6594052, '128.00', '128.00', '0.0', 0, 2, 2, 3, 47, 1),
(604, 'Logo Band Pleated Miniskirt', 6599156, '850.00', '850.00', '0.0', 0, 2, 2, 3, 186, 1),
(605, 'Kade Ruffle Silk Miniskirt', 6604242, '395.00', '395.00', '0.0', 0, 2, 2, 3, 84, 34),
(606, 'Camilla Smocked Skirt', 6619531, '235.00', '235.00', '0.0', 0, 2, 2, 3, 139, 31),
(607, 'Gyna Leaf Print Skirt', 6624285, '265.00', '265.00', '0.0', 0, 2, 2, 3, 140, 1),
(608, 'Zigzag Skirt', 6632722, '570.00', '570.00', '0.0', 0, 2, 2, 3, 187, 16),
(609, 'Addison Smocked Floral Miniskirt', 6680194, '134.40', '168.00', '5.0', 2, 2, 2, 3, 31, 90),
(610, 'Gretchen Floral Skirt', 6681892, '270.00', '270.00', '0.0', 0, 2, 2, 3, 188, 1),
(611, 'Walk of Life Ruched High Waist Miniskirt', 6683712, '59.00', '59.00', '0.0', 0, 2, 2, 3, 10, 114),
(612, 'Rib Knit Sweater Skirt', 6684607, '1125.00', '1125.00', '0.0', 0, 2, 2, 3, 189, 1),
(613, 'Avas Print Miniskirt', 6687210, '37.97', '68.00', '0.0', 0, 2, 2, 3, 1, 6),
(614, 'Floral Cotton Skirt', 6687513, '277.00', '277.00', '0.0', 0, 2, 2, 3, 190, 50),
(615, 'Hollywood Corduroy Miniskirt', 6691943, '165.00', '275.00', '0.0', 0, 2, 2, 3, 139, 175),
(616, 'Cordelia Cotton Blend Macramé Skirt', 6692476, '495.00', '495.00', '0.0', 0, 2, 2, 3, 93, 41),
(617, 'Cerine Ruched Cotton Skirt', 6695370, '98.00', '98.00', '0.0', 0, 2, 2, 3, 1, 39),
(618, 'To the Max Skirt', 6704775, '49.00', '49.00', '0.0', 0, 2, 2, 3, 10, 16),
(619, 'Backswing Logo Skirt', 6714448, '110.00', '110.00', '0.0', 0, 2, 2, 3, 191, 16),
(620, 'Angeline Tiered Cotton Skirt', 6715724, '278.00', '278.00', '0.0', 0, 2, 2, 3, 192, 176),
(621, 'Good Girls Go to Mars Print Jersey Midi Skirt', 6744355, '380.00', '380.00', '0.0', 0, 2, 2, 3, 193, 1),
(622, 'Cotton Tweed Miniskirt', 6744921, '69.00', '69.00', '0.0', 0, 2, 2, 3, 111, 1),
(623, 'Timor Ribbed Cotton & Silk Pull-On Skirt', 6745066, '365.00', '365.00', '0.0', 0, 2, 2, 3, 194, 1),
(624, 'Women\'s Embellished Knit Skirt', 6760505, '55.00', '55.00', '0.0', 0, 2, 2, 3, 74, 1),
(625, 'Check Miniskirt', 6760541, '55.00', '55.00', '0.0', 0, 2, 2, 3, 74, 1),
(626, 'Elana Stripe Miniskirt', 6766287, '195.00', '195.00', '0.0', 0, 2, 2, 3, 56, 177),
(627, 'Ombré Stripe Rib Knit Skirt', 6789104, '198.00', '198.00', '0.0', 0, 2, 2, 3, 97, 88),
(628, 'Utility Miniskirt', 6817375, '70.00', '70.00', '0.0', 0, 2, 2, 3, 74, 157),
(629, 'Stripe Cotton Blend Knit Skirt', 6827784, '210.00', '210.00', '0.0', 0, 2, 2, 3, 195, 18),
(630, 'Midi Slip Skirt', 5385035, '98.00', '98.00', '4.7', 3, 2, 2, 3, 12, 86),
(631, 'Ruched Maternity Skirt', 5568521, '49.95', '49.95', '4.0', 2, 2, 2, 3, 21, 67),
(632, 'Stretch Cotton Denim Skirt', 5724090, '78.00', '78.00', '0.0', 0, 2, 2, 3, 134, 1),
(633, 'Amas Vegan Leather Wrap Skirt', 5725607, '400.00', '400.00', '0.0', 0, 2, 2, 3, 196, 51),
(634, 'Checking In Satin Miniskirt', 5807256, '42.00', '42.00', '4.0', 1, 2, 2, 3, 23, 1),
(635, 'Floral Ruched Tulle Skirt', 5831689, '375.00', '375.00', '5.0', 1, 2, 2, 3, 79, 1),
(636, 'Landen Tie Dye Ruffle Skirt', 5872617, '171.00', '285.00', '0.0', 0, 2, 2, 3, 139, 50),
(637, 'Floral Appliqué Hem Mesh Skirt', 5893339, '39.00', '39.00', '1.0', 1, 2, 2, 3, 197, 1),
(638, 'Ruched Maternity Skirt', 5899854, '59.95', '59.95', '0.0', 0, 2, 2, 3, 21, 16),
(639, 'Stripe Maternity Midi Skirt', 5899857, '59.95', '59.95', '0.0', 0, 2, 2, 3, 21, 16),
(640, 'Floral Appliqué Hem Mesh Skirt', 5913344, '43.00', '43.00', '0.0', 0, 2, 2, 3, 197, 1),
(641, 'Smocked Tiered Ruffle Miniskirt', 5927066, '59.00', '59.00', '4.0', 1, 2, 2, 3, 25, 178),
(642, 'Melanie Indigo Tie Dye Skirt', 5950079, '395.00', '395.00', '0.0', 0, 2, 2, 3, 118, 54),
(643, 'Aquinnah Cotton Eyelet Skirt', 5950086, '237.00', '395.00', '0.0', 0, 2, 2, 3, 118, 16),
(644, 'Aurelie Ruched Knit Midi Skirt', 5953499, '178.75', '325.00', '4.0', 1, 2, 2, 3, 84, 67),
(645, 'Hilary Body-Con Maternity Skirt', 5956342, '185.00', '185.00', '0.0', 0, 2, 2, 3, 198, 1),
(646, 'Jersey Maternity Maxi Skirt', 5963805, '49.95', '49.95', '0.0', 0, 2, 2, 3, 21, 67),
(647, 'Maternity Midi Skirt', 5963816, '24.95', '49.95', '0.0', 0, 2, 2, 3, 21, 32),
(648, 'Jeera Floral Smocked Skirt', 5966193, '74.50', '149.00', '0.0', 0, 2, 2, 3, 199, 35),
(649, 'Angie Side Slit Rib Skirt', 5966648, '59.20', '148.00', '0.0', 0, 2, 2, 3, 31, 15),
(650, 'Joris Plaid Pleated Cotton Skirt', 6109529, '295.00', '295.00', '0.0', 0, 2, 2, 3, 119, 50),
(651, 'Ashton Compact Rib Midi Skirt', 6125493, '138.00', '345.00', '0.0', 0, 2, 2, 3, 93, 23),
(652, 'Marnie Mosaic Print Skirt', 6147356, '280.00', '280.00', '4.0', 2, 2, 2, 3, 140, 179),
(653, 'Organic Cotton Denim Skirt', 6292910, '141.00', '235.00', '0.0', 0, 2, 2, 3, 102, 86),
(654, 'Wash Lab Hampton Button Front Denim Skirt', 6363833, '112.00', '112.00', '0.0', 0, 2, 2, 3, 40, 180),
(655, 'Scarf Print Skirt', 6403203, '72.00', '72.00', '0.0', 0, 2, 2, 3, 179, 10),
(656, 'Orson Plaid Miniskirt', 6405562, '207.00', '345.00', '0.0', 0, 2, 2, 3, 139, 181),
(657, 'Soft Knit Skirt', 6407074, '119.25', '265.00', '0.0', 0, 2, 2, 3, 190, 23),
(658, 'Pencil Skirt', 6407928, '52.00', '52.00', '0.0', 0, 2, 2, 3, 200, 1),
(659, 'Ellie High Waist Coated Skirt', 6408736, '55.00', '55.00', '0.0', 0, 2, 2, 3, 25, 1),
(660, 'Pleated Jacquard Midi Skirt', 6455606, '248.00', '248.00', '0.0', 0, 2, 2, 3, 141, 52),
(661, 'Print Recycled Polyester Wrap Skirt', 6455609, '148.00', '148.00', '0.0', 0, 2, 2, 3, 141, 54),
(662, 'Cleopatra High Waist Tennis Workout Skirt', 6462261, '68.60', '98.00', '0.0', 0, 2, 2, 3, 135, 182),
(663, 'Velvet Miniskirt', 6463947, '325.00', '325.00', '0.0', 0, 2, 2, 3, 51, 41),
(664, 'Burning Love Corset Skirt', 6472018, '655.00', '655.00', '0.0', 0, 2, 2, 3, 201, 10),
(665, 'Dreamgirl Cotton Stretch Denim Miniskirt', 6473733, '30.00', '30.00', '0.0', 0, 2, 2, 3, 156, 20),
(666, 'Reese Plaid Pencil Skirt', 6479154, '69.00', '69.00', '0.0', 0, 2, 2, 3, 27, 183),
(667, 'Ruffle Hem Skirt', 6487561, '148.00', '148.00', '0.0', 0, 2, 2, 3, 47, 172),
(668, 'Wash Lab Retro Button Front Skirt', 6489880, '128.00', '128.00', '3.0', 1, 2, 2, 3, 40, 184),
(669, 'Neve Faux Leather Skirt', 6499193, '525.00', '525.00', '0.0', 0, 2, 2, 3, 196, 63),
(670, 'Stretch Cotton Corduroy Kilt Skirt', 6508333, '37.97', '54.00', '0.0', 0, 2, 2, 3, 53, 23),
(671, 'Lined Crochet Midi Skirt', 6511052, '450.00', '450.00', '0.0', 0, 2, 2, 3, 143, 2),
(672, 'Amber Gathered Front Silk Skirt', 6522639, '139.97', '350.00', '0.0', 0, 2, 2, 3, 68, 5),
(673, 'Wrap Skirt', 6525282, '698.00', '698.00', '0.0', 0, 2, 2, 3, 162, 1),
(674, 'High Waist Midi Skirt', 6545549, '58.00', '58.00', '4.0', 8, 2, 2, 3, 22, 23),
(675, 'Barocco Pleated Silk Skirt', 6556140, '1825.00', '1825.00', '0.0', 0, 2, 2, 3, 189, 1),
(676, 'Satin Slip Midi Skirt', 6556718, '30.00', '40.00', '1.0', 1, 2, 2, 3, 70, 1),
(677, 'Scribble Logo Denim Miniskirt', 6561617, '725.00', '725.00', '0.0', 0, 2, 2, 3, 202, 185),
(678, 'Tiger Stripe Pleated Georgette Skirt', 6563166, '165.00', '165.00', '0.0', 0, 2, 2, 3, 102, 186),
(679, 'Scarlett Knot Front Skirt', 6563404, '83.30', '119.00', '0.0', 0, 2, 2, 3, 101, 35),
(680, 'Cotton Denim Skirt', 6572529, '258.00', '258.00', '0.0', 0, 2, 2, 3, 64, 16),
(681, 'Corset Front Rib Midi Skirt', 6582300, '720.00', '720.00', '0.0', 0, 2, 2, 3, 185, 1),
(682, 'Cemi Leather Fringe Skirt', 6585775, '490.00', '490.00', '0.0', 0, 2, 2, 3, 63, 21),
(683, 'Side Drape Miniskirt', 6627712, '85.00', '85.00', '0.0', 0, 2, 2, 3, 184, 1),
(684, 'Dotted Smocked Miniskirt', 6629633, '80.00', '80.00', '1.0', 1, 2, 2, 3, 87, 67),
(685, 'Knot Front Faux Leather Pencil Skirt', 6631125, '99.00', '99.00', '0.0', 0, 2, 2, 3, 11, 67),
(686, 'Party Lace Midi Skirt', 6631259, '84.00', '84.00', '0.0', 0, 2, 2, 3, 83, 1),
(687, 'Cotton Blend Crochet Skirt', 6633173, '375.00', '375.00', '0.0', 0, 2, 2, 3, 26, 176),
(688, 'Vedina Spot Print Faux Wrap Satin Skirt', 6639888, '248.00', '248.00', '0.0', 0, 2, 2, 3, 65, 146),
(689, 'Ocean Rocko Denim Skirt', 6644079, '134.00', '134.00', '0.0', 0, 2, 2, 3, 203, 54),
(690, 'Delphine Ombré Pleated Skirt', 6648248, '198.00', '198.00', '0.0', 0, 2, 2, 3, 31, 35),
(691, 'High Waist Compression Skirt', 6660643, '59.00', '59.00', '2.0', 1, 2, 2, 3, 204, 2),
(692, 'Stretch Cotton A-Line Skirt', 6662925, '565.00', '565.00', '0.0', 0, 2, 2, 3, 86, 64),
(693, 'Cotton Blend Tweed Skirt', 6677916, '375.00', '375.00', '0.0', 0, 2, 2, 3, 50, 154),
(694, 'Check Drape Miniskirt', 6686510, '68.00', '68.00', '0.0', 0, 2, 2, 3, 179, 6),
(695, 'Piper Suede Miniskirt', 6693850, '329.00', '329.00', '0.0', 0, 2, 2, 3, 52, 1),
(696, 'Faux Leather Skirt', 6702396, '450.00', '450.00', '0.0', 0, 2, 2, 3, 50, 1),
(697, 'Floral Cotton Maxi Skirt', 6753256, '395.00', '395.00', '0.0', 0, 2, 2, 3, 118, 187),
(698, 'Longoria Ruffle Hem Skirt', 6761683, '235.00', '235.00', '0.0', 0, 2, 2, 3, 171, 188),
(699, 'Diagonal Stitch Knit Skirt', 6798190, '198.00', '198.00', '0.0', 0, 2, 2, 3, 97, 21),
(700, 'Floral Print Ruffle Miniskirt', 6806463, '90.00', '90.00', '0.0', 0, 2, 2, 3, 164, 60),
(701, 'Tiffany Cable Knit Skirt', 6814930, '380.00', '380.00', '0.0', 0, 2, 2, 3, 205, 189),
(702, 'Chloe Pull-On Denim Pencil Skirt', 5360854, '79.00', '79.00', '4.5', 19, 2, 2, 3, 41, 30),
(703, 'A-Line Knit Skirt', 5438804, '165.00', '165.00', '0.0', 0, 2, 2, 3, 133, 16),
(704, 'Denim Trumpet Skirt', 5554500, '118.00', '118.00', '4.2', 17, 2, 2, 3, 40, 36),
(705, 'Paisley Embroidered Miniskirt', 5597547, '99.00', '99.00', '0.0', 0, 2, 2, 3, 7, 190),
(706, 'Roll Top Maxi Skirt', 5635916, '49.00', '49.00', '4.2', 31, 2, 2, 3, 3, 86),
(707, 'Charm Satin Skirt', 5793687, '89.00', '89.00', '0.0', 0, 2, 2, 3, 204, 35),
(708, 'Cybele Linen Skirt', 5810007, '159.00', '265.00', '0.0', 0, 2, 2, 3, 4, 63),
(709, 'High Waist Denim Skirt', 5814036, '89.60', '224.00', '0.0', 0, 2, 2, 3, 206, 20),
(710, 'Getaway Island Floral Print Miniskirt', 5861652, '85.00', '85.00', '0.0', 0, 2, 2, 3, 122, 191),
(711, 'Floral Asymmetric Ruffle Skirt', 5864561, '89.00', '89.00', '0.0', 0, 2, 2, 3, 173, 134),
(712, 'Chloe Denim Pencil Skirt', 5892110, '68.00', '68.00', '1.0', 1, 2, 2, 3, 27, 32),
(713, 'Center Slit Midi Skirt', 5896180, '99.00', '99.00', '0.0', 0, 2, 2, 3, 105, 107),
(714, 'Solaris Skirt', 5898102, '39.50', '39.50', '0.0', 0, 2, 2, 3, 30, 63),
(715, 'Button Front Miniskirt', 5910444, '28.00', '35.00', '0.0', 0, 2, 2, 3, 19, 69),
(716, 'Leather A-Line Skirt', 5951499, '270.00', '540.00', '0.0', 0, 2, 2, 3, 207, 23),
(717, 'Akuma Rib Knit Side Slit Maxi Skirt', 5955332, '102.00', '170.00', '0.0', 0, 2, 2, 3, 180, 1),
(718, 'Anya Bias Cut Skirt', 5966571, '117.60', '168.00', '5.0', 1, 2, 2, 3, 31, 30),
(719, 'Callie Corduroy Skirt', 6090315, '64.00', '160.00', '0.0', 0, 2, 2, 3, 207, 23),
(720, 'Lena Cutout Miniskirt', 6143066, '65.00', '65.00', '0.0', 0, 2, 2, 3, 117, 157),
(721, 'Ember Print Cotton Skirt', 6151459, '222.75', '495.00', '2.0', 2, 2, 2, 3, 36, 42),
(722, 'Jeli Zip Front Skirt', 6291844, '225.00', '225.00', '0.0', 0, 2, 2, 3, 119, 1),
(723, 'Knit Cotton Miniskirt', 6291863, '265.00', '265.00', '0.0', 0, 2, 2, 3, 119, 1),
(724, 'Sumner Plonge Leather Midi Skirt', 6414399, '719.20', '1798.00', '0.0', 0, 2, 2, 3, 162, 49),
(725, 'Colby Knit Midi Skirt', 6418674, '48.00', '48.00', '0.0', 0, 2, 2, 3, 32, 192),
(726, 'Hourglass Denim Miniskirt', 6420340, '795.00', '795.00', '0.0', 0, 2, 2, 3, 202, 21),
(727, 'Split Pencil Skirt', 6463008, '128.00', '128.00', '4.0', 1, 2, 2, 3, 40, 35),
(728, 'Funnia A-Line Skirt', 6465087, '298.00', '298.00', '0.0', 0, 2, 2, 3, 65, 86),
(729, 'Hera Tie Waist Ribbed Skirt', 6468175, '41.97', '99.00', '0.0', 0, 2, 2, 3, 120, 1),
(730, 'Zenobia Miniskirt', 6469969, '158.00', '158.00', '0.0', 0, 2, 2, 3, 208, 11),
(731, 'Gia Glider Herringbone Pencil Skirt', 6479140, '69.00', '69.00', '0.0', 0, 2, 2, 3, 27, 23),
(732, 'Leather Midi A-Line Skirt', 6489577, '418.80', '698.00', '0.0', 0, 2, 2, 3, 64, 1),
(733, 'High Waist Wrap Miniskirt', 6492350, '69.00', '69.00', '0.0', 0, 2, 2, 3, 11, 14),
(734, 'Paisley Pleated Cotton Skirt', 6508955, '965.00', '965.00', '0.0', 0, 2, 2, 3, 209, 16),
(735, 'Jade Ruffle Midi Skirt', 6512119, '375.00', '375.00', '2.5', 2, 2, 2, 3, 84, 32),
(736, 'Camden Miniskirt', 6521946, '36.00', '60.00', '4.0', 2, 2, 2, 3, 1, 23),
(737, 'Birdie Croc Embossed Calfskin Leather Midi Skirt', 6525343, '1998.00', '1998.00', '0.0', 0, 2, 2, 3, 162, 1),
(738, 'Sequin Argyle Skirt', 6525640, '295.00', '295.00', '0.0', 0, 2, 2, 3, 127, 1),
(739, 'Blythe Stretch Silk Maxi Skirt', 6532689, '378.00', '378.00', '0.0', 0, 2, 2, 3, 132, 23),
(740, 'Lines of Descendent Linen Midi Skirt', 6534343, '780.00', '780.00', '0.0', 0, 2, 2, 3, 210, 35),
(741, 'Colorblock Midi Skirt', 6540563, '80.00', '80.00', '0.0', 0, 2, 2, 3, 87, 67),
(742, 'Stretch Maxi Pluto Skirt', 6542053, '215.00', '215.00', '0.0', 0, 2, 2, 3, 180, 63),
(743, 'Palma Semisheer Asymmetric Hem Skirt', 6562356, '240.00', '240.00', '0.0', 0, 2, 2, 3, 130, 72),
(744, 'The Lauren Cable Knit Skirt', 6563332, '248.00', '248.00', '5.0', 1, 2, 2, 3, 176, 10),
(745, 'Day From Night Leaf Print Jersey Maxi Skirt', 6567116, '750.00', '750.00', '0.0', 0, 2, 2, 3, 210, 63),
(746, 'Ivy Polka Dot Satin Jacquard Midi Skirt', 6571285, '80.00', '80.00', '0.0', 0, 2, 2, 3, 117, 151),
(747, 'Floral Tiered Skirt', 6576734, '275.00', '275.00', '0.0', 0, 2, 2, 3, 51, 193),
(748, 'RUBY SKIRT', 6600483, '165.00', '165.00', '0.0', 0, 2, 2, 3, 211, 194),
(749, 'Snakeskin Print Belted Front Slit Midi Skirt', 6603021, '80.00', '80.00', '4.0', 1, 2, 2, 3, 74, 114),
(750, 'Anya Marbleized Satin Skirt', 6616243, '178.00', '178.00', '4.0', 1, 2, 2, 3, 31, 30),
(751, 'Skyline Tennis Skirt', 6616909, '76.00', '76.00', '0.0', 0, 2, 2, 3, 212, 6),
(752, 'Felix Print Skirt', 6623448, '34.00', '68.00', '4.0', 7, 2, 2, 3, 20, 195),
(753, 'Floral Skirt', 6626370, '99.00', '99.00', '0.0', 0, 2, 2, 3, 81, 1),
(754, 'Ida Organic Cotton Skirt', 6627417, '275.00', '275.00', '0.0', 0, 2, 2, 3, 213, 196),
(755, 'Milena Print Satin Maxi Skirt', 6628263, '88.00', '88.00', '0.0', 0, 2, 2, 3, 20, 67),
(756, 'Sequins Miniskirt', 6632360, '90.00', '90.00', '0.0', 0, 2, 2, 3, 39, 88),
(757, 'Polka Dot Chiffon Miniskirt', 6632469, '80.00', '80.00', '0.0', 0, 2, 2, 3, 164, 1),
(758, 'Acoustic Faux Leather Skirt', 6632625, '195.00', '195.00', '0.0', 0, 2, 2, 3, 214, 193),
(759, 'Lace Hem Midi Skirt', 6641096, '44.80', '64.00', '0.0', 0, 2, 2, 3, 74, 1),
(760, 'Sequin Miniskirt', 6646558, '70.00', '70.00', '0.0', 0, 2, 2, 3, 39, 16),
(761, 'A-Line Faux Leather Midi Skirt', 6650713, '49.47', '89.95', '0.0', 0, 2, 2, 3, 215, 1),
(762, 'Bertille Tweed Skirt', 6658995, '295.00', '295.00', '0.0', 0, 2, 2, 3, 171, 59),
(763, 'Monica Wrap Leather Midi Skirt', 6667368, '560.00', '560.00', '0.0', 0, 2, 2, 3, 16, 158),
(764, 'Tiered Denim Skirt', 6672815, '138.00', '138.00', '0.0', 0, 2, 2, 3, 14, 4),
(765, 'Sway Denim Skirt', 6673854, '128.00', '128.00', '0.0', 0, 2, 2, 3, 40, 94),
(766, 'RRosiie Floral Jacquard Knit Skirt', 6701520, '175.00', '175.00', '0.0', 0, 2, 2, 3, 89, 1),
(767, 'floral garden skirt', 6702111, '278.00', '278.00', '0.0', 0, 2, 2, 3, 216, 1),
(768, 'Plissé Froth Knit Midi Skirt', 6704958, '995.00', '995.00', '0.0', 0, 2, 2, 3, 217, 197),
(769, 'Pleated Skirt', 6712906, '890.00', '890.00', '0.0', 0, 2, 2, 3, 218, 1),
(770, 'Iapiro Fringed Knit Skirt', 6763130, '295.00', '295.00', '0.0', 0, 2, 2, 3, 119, 135),
(771, 'Leianne Pleat Midi Skirt', 6785870, '325.00', '325.00', '0.0', 0, 2, 2, 3, 171, 94),
(772, 'Ada Floral Ruffle Cotton & Silk Skirt', 6798287, '398.00', '398.00', '0.0', 0, 2, 2, 3, 219, 198),
(773, 'Scarlett Rib Sweater Skirt', 6806384, '69.00', '69.00', '0.0', 0, 2, 2, 3, 172, 1),
(774, 'Ponte Knit Skirt', 3221950, '79.00', '79.00', '4.6', 48, 2, 2, 3, 154, 19),
(775, 'Fold Over Maxi Skirt', 4588998, '59.00', '59.00', '4.0', 17, 2, 2, 3, 3, 13),
(776, 'Light as a Feather Pleated Skirt', 5590491, '198.00', '198.00', '0.0', 0, 2, 2, 3, 43, 199),
(777, 'Never Been Better Front Button Skirt', 5636627, '50.00', '50.00', '0.0', 0, 2, 2, 3, 72, 33),
(778, 'Asymmetric Satin Skirt', 5872415, '26.97', '69.00', '1.5', 2, 2, 2, 3, 15, 1),
(779, 'Double Digits Linen Miniskirt', 5880493, '38.00', '38.00', '3.5', 6, 2, 2, 3, 23, 67),
(780, 'Floral Ruffle Wrap Skirt', 5891107, '89.00', '89.00', '0.0', 0, 2, 2, 3, 173, 35),
(781, 'Can\'t Stop Won\'t Stop Tennis Skirt', 5975110, '88.00', '88.00', '3.0', 2, 2, 2, 3, 135, 16),
(782, 'Ruched Pencil Skirt', 6088622, '70.95', '70.95', '0.0', 0, 2, 2, 3, 103, 200),
(783, 'Alyna Rib Knit Twirl Skirt', 6147463, '299.75', '545.00', '0.0', 0, 2, 2, 3, 196, 201),
(784, 'Ellen Plisse Midi Skirt', 6293948, '129.00', '129.00', '5.0', 1, 2, 2, 3, 120, 49),
(785, 'Linen Blend Skirt', 6403191, '62.00', '62.00', '0.0', 0, 2, 2, 3, 179, 10),
(786, 'Side Slit Maxi Skirt', 6416341, '168.00', '168.00', '4.7', 3, 2, 2, 3, 47, 1),
(787, 'Semira Plaid Pleated Mini Skirt', 6420815, '165.00', '275.00', '0.0', 0, 2, 2, 3, 56, 63),
(788, 'Maria Metallic Knit Skirt', 6420818, '192.50', '350.00', '0.0', 0, 2, 2, 3, 56, 23),
(789, 'Primeblue Aeroknit Match Tennis Skirt', 6435562, '47.25', '70.00', '4.3', 4, 2, 2, 3, 113, 1),
(790, 'Blossom Side Slit Maxi Skirt', 6438502, '29.50', '59.00', '0.0', 0, 2, 2, 3, 144, 6),
(791, 'Crolenda Faux Leather Miniskirt', 6445126, '88.00', '88.00', '5.0', 1, 2, 2, 3, 95, 51),
(792, 'x Jourdan Sloane Cala Two Tone Miniskirt', 6445390, '24.97', '60.00', '0.0', 0, 2, 2, 3, 58, 202),
(793, 'Washed Denim A-Line Skirt', 6446507, '495.00', '495.00', '0.0', 0, 2, 2, 3, 106, 10),
(794, 'Rowley Bouclé Skirt', 6446917, '190.00', '190.00', '0.0', 0, 2, 2, 3, 112, 180),
(795, 'Sequin A-Line Skirt', 6456797, '158.00', '395.00', '0.0', 0, 2, 2, 3, 220, 1),
(796, 'Zafra Rib Merino Wool Blend Miniskirt', 6458200, '350.00', '350.00', '0.0', 0, 2, 2, 3, 221, 1),
(797, 'Luano Faux Leather Miniskirt', 6458331, '350.00', '350.00', '0.0', 0, 2, 2, 3, 221, 1),
(798, 'Dot Jacquard Knit Midi Skirt', 6468479, '395.00', '395.00', '0.0', 0, 2, 2, 3, 50, 130),
(799, 'Check Tennis Skirt', 6474622, '39.00', '60.00', '0.0', 0, 2, 2, 3, 74, 18),
(800, 'Berlin Marble Print Slip Skirt', 6478153, '188.00', '188.00', '0.0', 0, 2, 2, 3, 31, 30),
(801, 'Corduroy Miniskirt', 6480376, '29.25', '39.00', '0.0', 0, 2, 2, 3, 19, 1),
(802, 'Sparkle Fringe Miniskirt', 6492332, '109.00', '109.00', '1.0', 1, 2, 2, 3, 11, 1),
(803, 'Windowpane Button Front Wool Blend Miniskirt', 6497245, '98.00', '98.00', '0.0', 0, 2, 2, 3, 12, 203),
(804, 'Sibi Floral Recycled Polyester Skirt', 6499206, '325.00', '325.00', '0.0', 0, 2, 2, 3, 196, 63),
(805, 'DKNY Zipper Midi Skirt', 6500577, '175.00', '175.00', '0.0', 0, 2, 2, 3, 222, 1),
(806, 'Panel Wool Blend Skirt', 6511159, '165.00', '275.00', '4.5', 2, 2, 2, 3, 26, 1),
(807, 'Jolie Linen & Cotton Blend Skirt', 6520768, '340.00', '340.00', '0.0', 0, 2, 2, 3, 223, 6),
(808, 'Floral Maxi Skirt', 6521899, '90.00', '90.00', '0.0', 0, 2, 2, 3, 87, 6),
(809, 'Jay Print Maxi Skirt', 6532699, '348.00', '348.00', '0.0', 0, 2, 2, 3, 132, 140),
(810, 'Ariana Floral Print Handkerchief Hem Silk Skirt', 6534600, '495.00', '495.00', '0.0', 0, 2, 2, 3, 36, 30),
(811, 'Postcard Stripe Cotton Miniskirt', 6539077, '550.00', '550.00', '0.0', 0, 2, 2, 3, 148, 11),
(812, 'Andie Floral Belted Linen Skirt', 6539081, '530.00', '530.00', '0.0', 0, 2, 2, 3, 148, 35),
(813, 'Eres Floral Midi Skirt', 6546214, '132.00', '132.00', '3.0', 1, 2, 2, 3, 224, 50),
(814, 'Wool Blend Tweed Miniskirt', 6547896, '99.00', '99.00', '0.0', 0, 2, 2, 3, 111, 1),
(815, 'Leya High Waist Tiered Midi Skirt', 6554800, '500.00', '500.00', '0.0', 0, 2, 2, 3, 225, 1),
(816, 'La Coupe des Dieux Barocco Print Pleated Silk Twill Skirt', 6556175, '2595.00', '2595.00', '0.0', 0, 2, 2, 3, 189, 1),
(817, 'Vayani Silk Midi Skirt', 6559309, '398.00', '398.00', '0.0', 0, 2, 2, 3, 65, 67),
(818, 'Cloud Brushed Cotton Blend Skirt', 6562173, '375.00', '375.00', '0.0', 0, 2, 2, 3, 161, 1),
(819, 'Issy Plaid Organic Cotton Blend Flannel Miniskirt', 6586352, '210.00', '210.00', '0.0', 0, 2, 2, 3, 226, 63),
(820, 'Alona Asymmetric Handkerchief Hem Wrap Skirt', 6592740, '575.00', '575.00', '0.0', 0, 2, 2, 3, 129, 7),
(821, 'Woodbury Tulip Skirt', 6592897, '88.00', '88.00', '0.0', 0, 2, 2, 3, 57, 204),
(822, 'Game On Wool Blend Sweater Miniskirt', 6597368, '775.00', '775.00', '0.0', 0, 2, 2, 3, 217, 6),
(823, 'Mia Rib Midi Sweater Skirt', 6604244, '250.00', '250.00', '0.0', 0, 2, 2, 3, 84, 205),
(824, 'Faux Leather & Ponte Pencil Skirt', 6610388, '50.00', '50.00', '0.0', 0, 2, 2, 3, 74, 1),
(825, 'St. Tropez Tiered Ruffle Skirt', 6612426, '98.00', '98.00', '0.0', 0, 2, 2, 3, 227, 6),
(826, 'Mesh Wrap Cover-Up Skirt', 6622455, '59.95', '59.95', '0.0', 0, 2, 2, 3, 96, 116),
(827, 'Sequin Check Skirt', 6631095, '99.00', '99.00', '0.0', 0, 2, 2, 3, 11, 1),
(828, 'Leopard Print Circle Skirt', 6632532, '220.00', '220.00', '0.0', 0, 2, 2, 3, 214, 206),
(829, 'Sequin Miniskirt', 6642812, '49.50', '49.50', '0.0', 0, 2, 2, 3, 228, 1),
(830, 'Dasia Asymmetric Faux Leather Miniskirt', 6646197, '250.00', '250.00', '3.0', 1, 2, 2, 3, 56, 1),
(831, 'Curve High-Low Miniskirt', 6650648, '255.00', '255.00', '0.0', 0, 2, 2, 3, 63, 35),
(832, 'Tennis Skirt', 6650758, '58.00', '58.00', '0.0', 0, 2, 2, 3, 229, 207),
(833, 'Kaydence Paisley Silk Midi Skirt', 6656414, '428.00', '428.00', '0.0', 0, 2, 2, 3, 71, 11),
(834, 'Wool Blend Miniskirt', 6658753, '89.00', '89.00', '0.0', 0, 2, 2, 3, 111, 10),
(835, 'Textured Cotton Blend Skirt', 6658756, '89.00', '89.00', '0.0', 0, 2, 2, 3, 111, 1),
(836, 'Vaplina Abstract Print Pleated Skirt', 6684905, '278.00', '278.00', '0.0', 0, 2, 2, 3, 65, 15),
(837, 'Lyla Smocked Floral Midi Skirt', 6684966, '395.00', '395.00', '0.0', 0, 2, 2, 3, 230, 63),
(838, 'Doreen Cross Seamed Faux Leather Midi Skirt', 6689013, '218.00', '218.00', '0.0', 0, 2, 2, 3, 150, 208),
(839, 'Memphis Plaid Cotton Blend Skirt', 6690582, '368.00', '368.00', '0.0', 0, 2, 2, 3, 71, 64),
(840, 'harmony dot skirt', 6702103, '298.00', '298.00', '0.0', 0, 2, 2, 3, 216, 1),
(841, 'Clarisa Bias Cut Satin Skirt', 6744385, '106.00', '265.00', '3.0', 1, 2, 2, 3, 231, 86),
(842, 'Ruffle Miniskirt', 6777547, '69.00', '69.00', '0.0', 0, 2, 2, 3, 81, 1),
(843, 'Smocked Miniskirt', 6792914, '52.00', '52.00', '0.0', 0, 2, 2, 3, 25, 209),
(844, 'Efra Puffball Miniskirt', 6795390, '260.00', '260.00', '0.0', 0, 2, 2, 3, 89, 88),
(845, 'Cotton Blend Trumpet Skirt', 6836233, '285.00', '285.00', '0.0', 0, 2, 2, 3, 232, 1),
(846, 'Phoebe Skirt', 4705935, '58.00', '58.00', '3.3', 3, 2, 2, 3, 99, 54),
(847, 'Shadow Mix Frayed Denim Skirt', 4784969, '78.00', '78.00', '0.0', 0, 2, 2, 3, 134, 210),
(848, 'Pocket Clip Miniskirt', 5354745, '52.00', '65.00', '0.0', 0, 2, 2, 3, 38, 31),
(849, 'Jessie Smock Layered Ruffle Maternity Maxi Skirt', 5464258, '130.00', '130.00', '5.0', 1, 2, 2, 3, 233, 31),
(850, 'Terry Ruched Ruffle Hem Skirt', 5543189, '80.00', '80.00', '0.0', 0, 2, 2, 3, 117, 6),
(851, 'Over the Bump Denim Maternity Skirt', 5568523, '47.96', '59.95', '5.0', 1, 2, 2, 3, 21, 35),
(852, 'Leopard Whisper Skirt', 5573551, '49.00', '98.00', '0.0', 0, 2, 2, 3, 95, 1),
(853, 'Grosgrain Waist Stretch Satin Slip Skirt', 5575318, '195.00', '195.00', '0.0', 0, 2, 2, 3, 121, 1),
(854, 'Lana Denim Miniskirt', 5708758, '198.00', '198.00', '5.0', 1, 2, 2, 3, 234, 45),
(855, 'BB Dakota Starry Night Sequin Skirt', 5838111, '89.00', '89.00', '0.0', 0, 2, 2, 3, 10, 1),
(856, 'Asymmetric Cascade Drape Skirt', 5860215, '295.00', '295.00', '5.0', 1, 2, 2, 3, 26, 63),
(857, 'Box Pleat Skater Skirt', 5877147, '169.50', '169.50', '5.0', 1, 2, 2, 3, 92, 1),
(858, 'Arianna Button Front Skirt', 5877745, '110.00', '110.00', '0.0', 0, 2, 2, 3, 235, 67),
(859, 'Court Victory Dri-FIT Tennis Skirt', 5886785, '55.00', '55.00', '3.0', 5, 2, 2, 3, 6, 16),
(860, 'Front Slit Drawstring Denim Skirt', 5894533, '98.00', '98.00', '0.0', 0, 2, 2, 3, 40, 33),
(861, 'Women\'s Pleated Handkerchief Hem Skirt', 5961725, '260.00', '260.00', '0.0', 0, 2, 2, 3, 89, 211),
(862, 'Primary Rib Midi Skirt', 5972815, '185.00', '185.00', '0.0', 0, 2, 2, 3, 236, 212),
(863, 'Autumn Paisley Print Wrap Skirt', 6124785, '126.00', '315.00', '0.0', 0, 2, 2, 3, 190, 10),
(864, 'Floral Pleated Skirt', 6136323, '67.00', '67.00', '0.0', 0, 2, 2, 3, 228, 6),
(865, 'Georgia Silk Skirt', 6153443, '318.00', '318.00', '0.0', 0, 2, 2, 3, 160, 1),
(866, 'Hollywood Corduroy Miniskirt', 6405536, '110.00', '275.00', '0.0', 0, 2, 2, 3, 139, 94),
(867, 'Faux Leather Snake Print Mini Skirt', 6445515, '49.97', '49.97', '5.0', 3, 2, 2, 3, 137, 213),
(868, 'Belted Cotton Eyelet Skirt', 6446528, '695.00', '695.00', '0.0', 0, 2, 2, 3, 106, 1),
(869, 'Harlem 2.0 Knit Skirt', 6446875, '195.00', '195.00', '0.0', 0, 2, 2, 3, 112, 1),
(870, 'Intrigue Stripe A-Line Knit Skirt', 6454962, '171.50', '245.00', '0.0', 0, 2, 2, 3, 171, 1),
(871, 'Knit Midi Skirt', 6455850, '88.00', '88.00', '5.0', 1, 2, 2, 3, 9, 86),
(872, 'Crystal Lace Detail Satin Midi Skirt', 6457905, '100.00', '250.00', '0.0', 0, 2, 2, 3, 237, 32),
(873, 'High Waist Compression Skirt', 6463644, '59.00', '59.00', '2.0', 1, 2, 2, 3, 204, 40),
(874, 'Brookhaven Merino Wool Blend Sweater Midi Skirt', 6465316, '98.00', '98.00', '5.0', 1, 2, 2, 3, 12, 23),
(875, 'Humanity Reversible Alpaca Blend Skirt', 6465389, '298.00', '298.00', '0.0', 0, 2, 2, 3, 82, 10),
(876, 'Tove Floral Organza Skirt', 6466998, '350.00', '350.00', '0.0', 0, 2, 2, 3, 188, 1),
(877, 'Plaid Bouclé Skirt', 6474617, '54.40', '68.00', '0.0', 0, 2, 2, 3, 74, 11),
(878, 'Thea II Pleated Skirt', 6476722, '550.00', '550.00', '0.0', 0, 2, 2, 3, 84, 3),
(879, 'Vanades Flare Midi Skirt', 6487484, '495.00', '495.00', '0.0', 0, 2, 2, 3, 238, 1),
(880, 'BP Knit Tennis Skirt', 6487588, '24.50', '35.00', '1.0', 1, 2, 2, 3, 19, 16),
(881, 'Moira Ruched Skirt', 6495783, '680.00', '680.00', '0.0', 0, 2, 2, 3, 239, 23),
(882, 'Plaid Sweater Skirt', 6500615, '72.00', '72.00', '0.0', 0, 2, 2, 3, 179, 39),
(883, 'Harley Faux Leather Miniskirt', 6505137, '28.80', '48.00', '5.0', 1, 2, 2, 3, 23, 5),
(884, 'St. John Collection Metallic Eyelash Tweed Skirt', 6508434, '695.00', '695.00', '0.0', 0, 2, 2, 3, 240, 10),
(885, 'Varisha Midi Skirt', 6526906, '425.00', '425.00', '3.0', 1, 2, 2, 3, 36, 188),
(886, 'Merino Wool Skirt', 6527566, '275.00', '275.00', '0.0', 0, 2, 2, 3, 80, 59),
(887, 'Pleated Panel Satin Skirt', 6530099, '207.00', '345.00', '0.0', 0, 2, 2, 3, 26, 214),
(888, 'Animal Print Smocked Miniskirt', 6538919, '70.00', '70.00', '0.0', 0, 2, 2, 3, 164, 67),
(889, 'Amy Convertible Floral Print Skirt', 6546751, '350.00', '350.00', '0.0', 0, 2, 2, 3, 224, 1),
(890, 'Can\'t Be Tamed Floral Miniskirt', 6548367, '85.00', '85.00', '0.0', 0, 2, 2, 3, 122, 89),
(891, 'Ingrid Organic Cotton Eyelet Midi Skirt', 6550511, '268.00', '268.00', '0.0', 0, 2, 2, 3, 146, 1),
(892, 'Diamond Jacquard Drawstring Midi Skirt', 6555546, '89.50', '89.50', '0.0', 0, 2, 2, 3, 12, 158),
(893, 'Racquel Faux Leather Skirt', 6569249, '98.00', '98.00', '0.0', 0, 2, 2, 3, 117, 1),
(894, 'Giza Side Ruched Satin Miniskirt', 6571318, '78.00', '78.00', '0.0', 0, 2, 2, 3, 117, 1),
(895, 'Jeveal Sparkle Skirt', 6602297, '298.00', '298.00', '0.0', 0, 2, 2, 3, 241, 30),
(896, 'Buckle Leather Miniskirt', 6602993, '99.99', '140.00', '0.0', 0, 2, 2, 3, 74, 1),
(897, 'Idella Shirred Stretch Cotton Midi Skirt', 6605737, '470.00', '470.00', '0.0', 0, 2, 2, 3, 226, 63),
(898, 'Komiko Ladder Stitch Midi Skirt', 6605747, '540.00', '540.00', '0.0', 0, 2, 2, 3, 226, 1),
(899, 'Draped Inverted Front Pleat Skirt', 6618963, '375.00', '375.00', '0.0', 0, 2, 2, 3, 26, 215),
(900, 'Leopard Print Knit Skirt', 6629341, '60.00', '60.00', '0.0', 0, 2, 2, 3, 242, 67),
(901, 'Emma Ruffle Miniskirt', 6633090, '295.00', '295.00', '0.0', 0, 2, 2, 3, 139, 216),
(902, 'Tiered Chambray Skirt', 6642912, '475.00', '475.00', '0.0', 0, 2, 2, 3, 243, 35),
(903, 'Chain Trim Miniskirt', 6646556, '70.00', '70.00', '0.0', 0, 2, 2, 3, 39, 129),
(904, 'Jersey A-Line Maxi Skirt', 6662955, '925.00', '925.00', '0.0', 0, 2, 2, 3, 86, 1),
(905, 'High Waist Compression Skirt', 6670533, '59.00', '59.00', '2.0', 1, 2, 2, 3, 204, 40),
(906, 'Milena Satin Cutout Maxi Skirt', 6671867, '88.00', '88.00', '0.0', 0, 2, 2, 3, 20, 67),
(907, 'Rib Midi Skirt', 6672110, '59.95', '59.95', '0.0', 0, 2, 2, 3, 21, 186),
(908, 'Tiered Midi Skirt', 6672808, '148.00', '148.00', '0.0', 0, 2, 2, 3, 14, 35),
(909, 'Sole Side Tie Skirt', 6686509, '68.00', '68.00', '0.0', 0, 2, 2, 3, 179, 217),
(910, 'Eleanor Ruched Mesh Miniskirt', 6714088, '98.00', '98.00', '0.0', 0, 2, 2, 3, 117, 1),
(911, 'Halvy Skirt', 6745483, '225.00', '225.00', '0.0', 0, 2, 2, 3, 89, 64),
(912, 'Fringed Tweed Skirt', 6757328, '525.00', '525.00', '0.0', 0, 2, 2, 3, 244, 1),
(913, 'Jade Cotton Skirt', 6763112, '265.00', '265.00', '0.0', 0, 2, 2, 3, 119, 11),
(914, 'Zara Organic Cotton Wrap Skirt', 6791469, '550.00', '550.00', '0.0', 0, 2, 2, 3, 160, 16),
(915, 'Embroidered Sequin Miniskirt', 6806480, '80.00', '80.00', '0.0', 0, 2, 2, 3, 164, 10),
(916, 'Bias Cut Stretch Silk Skirt', 6808737, '51.60', '129.00', '3.5', 4, 2, 2, 3, 46, 218),
(917, 'Foulard Print Wrap Skirt', 4632188, '98.00', '98.00', '3.0', 2, 2, 2, 3, 245, 11),
(918, 'Dariah Released Step Hem Denim Skirt', 5029504, '49.97', '49.97', '5.0', 1, 2, 2, 3, 99, 35),
(919, 'Sophia Midi Skirt', 5526502, '78.00', '78.00', '4.2', 6, 2, 2, 3, 20, 67),
(920, 'Floral Denim Miniskirt', 5554518, '98.00', '98.00', '0.0', 0, 2, 2, 3, 40, 33),
(921, 'The A-Line Cutoff Denim Pencil Skirt', 5564339, '198.00', '198.00', '4.8', 10, 2, 2, 3, 150, 4),
(922, 'Maternity/Nursing Swing Tank & Pencil Skirt', 5568532, '79.95', '79.95', '0.0', 0, 2, 2, 3, 21, 11),
(923, 'Pieced Denim Midi Skirt', 5865340, '70.40', '128.00', '0.0', 0, 2, 2, 3, 40, 35),
(924, 'Floral Print Midi Skirt', 5872046, '49.00', '49.00', '0.0', 0, 2, 2, 3, 54, 1),
(925, 'Seaside Breeze Miniskirt', 5882477, '85.00', '85.00', '0.0', 0, 2, 2, 3, 122, 35),
(926, 'Front Slit Drawstring Denim Skirt', 5894538, '98.00', '98.00', '0.0', 0, 2, 2, 3, 40, 35),
(927, 'Frayed Denim Pencil Skirt', 5896161, '99.00', '99.00', '0.0', 0, 2, 2, 3, 105, 116),
(928, 'High Waist Floral Print Skirt', 5925202, '59.00', '59.00', '5.0', 1, 2, 2, 3, 25, 219),
(929, 'Jagger Asymmetric Skirt', 6016836, '72.00', '72.00', '1.0', 1, 2, 2, 3, 11, 144),
(930, 'Jilota Tiered Mixed Floral Print Cotton Skirt', 6017432, '340.00', '340.00', '0.0', 0, 2, 2, 3, 119, 35),
(931, 'Floral Print Cotton Voile Skirt', 6017658, '119.97', '265.00', '5.0', 1, 2, 2, 3, 51, 86),
(932, 'Shemmett Frayed Hem Organic Cotton Denim Skirt', 6093258, '260.00', '260.00', '0.0', 0, 2, 2, 3, 246, 138),
(933, 'High Waist Tie Dye Pencil Skirt', 6093368, '49.50', '49.50', '4.0', 1, 2, 2, 3, 247, 1),
(934, 'Panther Belted Skirt', 6136353, '67.00', '67.00', '0.0', 0, 2, 2, 3, 228, 6),
(935, 'Asymmetric Midi Skirt', 6152395, '109.00', '109.00', '0.0', 0, 2, 2, 3, 104, 220),
(936, 'Floral Tiered Skirt', 6185631, '31.97', '79.95', '3.0', 1, 2, 2, 3, 215, 75),
(937, 'Sie Smocked Miniskirt', 6401852, '52.00', '52.00', '0.0', 0, 2, 2, 3, 25, 104),
(938, 'Wavy Buckle Leather Midi Skirt', 6414402, '1250.00', '1250.00', '0.0', 0, 2, 2, 3, 26, 1),
(939, 'Belted Wool Blend Skirt', 6414750, '495.00', '495.00', '0.0', 0, 2, 2, 3, 26, 221),
(940, 'Check the Time Skirt', 6420384, '69.00', '69.00', '0.0', 0, 2, 2, 3, 10, 42),
(941, 'Uptown Maternity Skirt', 6427449, '85.00', '85.00', '0.0', 0, 2, 2, 3, 248, 12),
(942, 'Honey Plaid Pleated Skirt', 6443257, '60.00', '60.00', '0.0', 0, 2, 2, 3, 1, 50),
(943, 'All Sports Patchwork Skirt', 6447173, '178.00', '445.00', '0.0', 0, 2, 2, 3, 127, 1),
(944, 'Two Timer Reversible Pencil Skirt', 6447180, '195.00', '195.00', '0.0', 0, 2, 2, 3, 127, 1),
(945, 'Anouk Floral Skirt', 6451458, '99.00', '99.00', '0.0', 0, 2, 2, 3, 249, 50),
(946, 'Knit Pencil Skirt', 6453776, '1090.00', '1090.00', '0.0', 0, 2, 2, 3, 250, 6),
(947, 'Cha Cha Crochet Ruffle Skirt', 6473735, '42.00', '42.00', '0.0', 0, 2, 2, 3, 156, 16),
(948, 'Christy Tweed Miniskirt', 6478951, '89.00', '89.00', '0.0', 0, 2, 2, 3, 251, 222),
(949, 'Jorisa Plaid Pleated Asymmetric Skirt', 6491488, '295.00', '295.00', '0.0', 0, 2, 2, 3, 119, 5),
(950, 'The May Patent Lambskin Leather Pencil Skirt', 6495806, '1980.00', '1980.00', '0.0', 0, 2, 2, 3, 239, 11),
(951, 'Sibi Maxi Skirt', 6499180, '325.00', '325.00', '0.0', 0, 2, 2, 3, 196, 1),
(952, 'Neve Faux Leather Skirt', 6499190, '525.00', '525.00', '0.0', 0, 2, 2, 3, 196, 1),
(953, 'Space Dye Stripe Midi Skirt', 6501672, '48.00', '48.00', '0.0', 0, 2, 2, 3, 74, 31),
(954, 'Cappucine Asymmetric Faux Wrap Skirt', 6503733, '50.00', '50.00', '0.0', 0, 2, 2, 3, 58, 86),
(955, 'Zara Silk Wrap Skirt', 6506987, '675.00', '675.00', '0.0', 0, 2, 2, 3, 160, 223),
(956, 'Abby Ruched Skirt', 6507747, '55.00', '55.00', '0.0', 0, 2, 2, 3, 25, 21),
(957, 'Brielle Embellished Miniskirt', 6539232, '319.00', '319.00', '0.0', 0, 2, 2, 3, 52, 1),
(958, 'Brie Tiered Cotton Skirt', 6546215, '205.00', '205.00', '0.0', 0, 2, 2, 3, 224, 36),
(959, 'Pleated Wool Miniskirt', 6550039, '1145.00', '1145.00', '0.0', 0, 2, 2, 3, 252, 224),
(960, 'Houndstooth Wool Tweed Faux Wrap Miniskirt', 6556155, '925.00', '925.00', '0.0', 0, 2, 2, 3, 189, 50),
(961, 'Resourced Zip Front Miniskirt', 6560736, '98.00', '98.00', '0.0', 0, 2, 2, 3, 12, 23),
(962, 'Artie Ottoline Chine Drill Midi Skirt', 6564200, '670.00', '670.00', '0.0', 0, 2, 2, 3, 253, 10),
(963, 'Check Miniskirt', 6565794, '56.00', '56.00', '0.0', 0, 2, 2, 3, 74, 1),
(964, 'Kari Faux Leather Midi Skirt', 6569879, '98.00', '98.00', '0.0', 0, 2, 2, 3, 57, 1),
(965, 'Tati Cutout Midi Skirt', 6571305, '88.00', '88.00', '0.0', 0, 2, 2, 3, 117, 11),
(966, 'Twisted Knit Chenille Miniskirt', 6591231, '1350.00', '1350.00', '0.0', 0, 2, 2, 3, 254, 31),
(967, 'Sequin Swim Cover-Up Wrap Skirt', 6610857, '255.00', '255.00', '0.0', 0, 2, 2, 3, 255, 133),
(968, 'Pleated Jersey Wave Skirt', 6612553, '960.00', '960.00', '0.0', 0, 2, 2, 3, 256, 1),
(969, 'Twist Front Wool Blend Pencil Skirt', 6631110, '109.00', '109.00', '0.0', 0, 2, 2, 3, 11, 31),
(970, 'Alvares Embellished Midi Skirt', 6632518, '330.00', '330.00', '0.0', 0, 2, 2, 3, 214, 225),
(971, 'Gradient Disc Miniskirt', 6635172, '1990.00', '1990.00', '0.0', 0, 2, 2, 3, 257, 60),
(972, 'LE ITALIEN SKIRT', 6641379, '298.00', '298.00', '0.0', 0, 2, 2, 3, 64, 54),
(973, 'Hybrid Layered Denim & Nylon Twill Skirt', 6644689, '830.00', '830.00', '0.0', 0, 2, 2, 3, 244, 35),
(974, 'Leopard Print Tiered Miniskirt', 6646548, '80.00', '80.00', '0.0', 0, 2, 2, 3, 39, 67),
(975, 'Sea Leaf Print Maxi Skirt', 6653818, '250.00', '250.00', '0.0', 0, 2, 2, 3, 4, 33),
(976, 'Jimoda Scallop Hem Skirt', 6666143, '295.00', '295.00', '0.0', 0, 2, 2, 3, 119, 63),
(977, 'Amadea Floral Tiered Ruffle Maxi Skirt', 6678412, '295.00', '295.00', '0.0', 0, 2, 2, 3, 89, 1),
(978, 'Tie Waist Tiered Maxi Skirt', 6695685, '89.50', '89.50', '0.0', 0, 2, 2, 3, 94, 67),
(979, 'Kathy Mix Print Knit Skirt', 6714161, '88.00', '88.00', '0.0', 0, 2, 2, 3, 117, 67),
(980, 'Camelia Stripe Chiffon Skirt', 6739872, '655.00', '655.00', '0.0', 0, 2, 2, 3, 258, 50),
(981, 'Embroidered Tulle Skirt', 6761829, '785.00', '785.00', '0.0', 0, 2, 2, 3, 258, 138),
(982, 'Jaclyna Wool Blend Skirt', 6763121, '295.00', '295.00', '0.0', 0, 2, 2, 3, 119, 1),
(983, 'Smocked Waist Linen Skirt', 6775703, '350.00', '350.00', '0.0', 0, 2, 2, 3, 80, 226),
(984, 'Jartrani Print Split Skirt', 6794985, '345.00', '345.00', '0.0', 0, 2, 2, 3, 119, 32),
(985, 'Sandy Spots Skirt', 6797496, '110.00', '110.00', '0.0', 0, 2, 2, 3, 175, 10),
(986, 'Textured Midi Skirt', 6806778, '90.00', '90.00', '0.0', 0, 2, 2, 3, 39, 16),
(987, 'Straight Skirt', 3341612, '150.00', '150.00', '4.1', 10, 2, 2, 3, 133, 1),
(988, 'High/Low Ponte Knit Skirt', 3602273, '59.00', '59.00', '0.0', 0, 2, 2, 3, 54, 1),
(989, 'Knit Flared Skirt', 4660393, '185.00', '185.00', '2.5', 2, 2, 2, 3, 133, 1),
(990, 'Denim Pencil Skirt', 5512728, '79.00', '79.00', '4.4', 5, 2, 2, 3, 5, 17),
(991, 'The Viper Miniskirt', 5539120, '86.00', '215.00', '0.0', 0, 2, 2, 3, 131, 63),
(992, 'Belted Linen Blend Skirt', 5547245, '119.00', '119.00', '0.0', 0, 2, 2, 3, 151, 16),
(993, 'Wonderstretch Skirt', 5633002, '118.00', '118.00', '4.6', 19, 2, 2, 3, 43, 17),
(994, 'Sportswear Swoosh Skirt', 5676353, '36.85', '55.00', '0.0', 0, 2, 2, 3, 6, 3),
(995, 'Arabella Sequin Midi Skirt', 5769228, '119.00', '119.00', '0.0', 0, 2, 2, 3, 7, 14),
(996, 'JEN7 Leopard Print Pencil Skirt', 5802615, '89.00', '89.00', '4.0', 2, 2, 2, 3, 5, 59),
(997, 'Smocked Ruffle Miniskirt', 5818585, '15.97', '39.00', '0.0', 0, 2, 2, 3, 19, 66),
(998, 'Selma Mix Patch Denim Skirt', 5845677, '148.00', '148.00', '5.0', 3, 2, 2, 3, 40, 227),
(999, 'BP. Be Proud by BP. Pride Gender Inclusive Pleated Cotton Twill Skirt', 5849122, '17.97', '45.00', '3.4', 10, 2, 2, 3, 77, 1),
(1000, 'Dot Pencil Skirt', 5857367, '103.48', '395.00', '0.0', 0, 2, 2, 3, 106, 35),
(1001, 'Fifth Dimension Faux Wrap Skirt', 5919644, '79.00', '79.00', '0.0', 0, 2, 2, 3, 10, 64),
(1002, 'Metropolis Belted Floral A-Line Skirt', 5960243, '259.00', '259.00', '0.0', 0, 2, 2, 3, 89, 6),
(1003, 'London Palm Tree Tiered Skirt', 5965444, '179.00', '358.00', '0.0', 0, 2, 2, 3, 138, 228),
(1004, 'Hermosa Organic Cotton Blend Skirt', 5967262, '162.25', '295.00', '0.0', 0, 2, 2, 3, 259, 16),
(1005, 'Dri-FIT Court Victory Tennis Skirt', 5970501, '40.20', '60.00', '0.0', 0, 2, 2, 3, 6, 3),
(1006, 'Pleated Silk Charmeuse Wrap Skirt', 5974635, '198.00', '495.00', '0.0', 0, 2, 2, 3, 80, 54),
(1007, 'Floral Tiered Smocked Cotton Skirt', 6124751, '106.00', '265.00', '0.0', 0, 2, 2, 3, 190, 23),
(1008, 'Front Yoke Denim Midi Skirt', 6125980, '89.00', '89.00', '5.0', 3, 2, 2, 3, 27, 32),
(1009, 'Geometric Colorblock Skirt', 6141737, '65.40', '109.00', '5.0', 1, 2, 2, 3, 204, 229),
(1010, 'Camel Hair Miniskirt', 6147502, '1590.00', '1590.00', '0.0', 0, 2, 2, 3, 260, 114),
(1011, 'Fion Bias Cut Hammered Satin Skirt', 6149742, '125.00', '250.00', '0.0', 0, 2, 2, 3, 261, 5),
(1012, 'Trixie Silk Illusion Skirt', 6290073, '198.00', '495.00', '5.0', 1, 2, 2, 3, 71, 17),
(1013, 'Knit Pick Rib Skirt', 6290240, '130.00', '325.00', '0.0', 0, 2, 2, 3, 127, 1),
(1014, 'Jiona Bow Print Tiered Ruffle Skirt', 6291869, '150.00', '375.00', '4.0', 1, 2, 2, 3, 119, 1),
(1015, 'Essence Skirt', 6295885, '69.00', '69.00', '0.0', 0, 2, 2, 3, 105, 16),
(1016, 'Leo Wool Blend Knit Pencil Skirt', 6402788, '149.99', '275.00', '4.0', 1, 2, 2, 3, 56, 153),
(1017, 'Floral Print Tiered Chiffon Maxi Skirt', 6418589, '79.50', '79.50', '0.0', 0, 2, 2, 3, 262, 35),
(1018, 'Rowley Bouclé Skirt', 6446869, '190.00', '190.00', '0.0', 0, 2, 2, 3, 112, 10),
(1019, 'Mad For Plaid Miniskirt', 6456572, '28.80', '48.00', '3.0', 5, 2, 2, 3, 23, 67),
(1020, 'Brooke Mix Print Smock Cotton Skirt', 6458631, '255.00', '255.00', '0.0', 0, 2, 2, 3, 61, 23),
(1021, 'Seamed Midi Skirt', 6476970, '71.20', '89.00', '0.0', 0, 2, 2, 3, 126, 230),
(1022, 'Two Button Metallic Knit Miniskirt', 6487519, '1250.00', '1250.00', '0.0', 0, 2, 2, 3, 263, 48),
(1023, 'Monogram Jacquard Wool Blend Skirt', 6487552, '1695.00', '1695.00', '0.0', 0, 2, 2, 3, 263, 35),
(1024, 'Talisa Skirt', 6489107, '98.00', '245.00', '0.0', 0, 2, 2, 3, 264, 33),
(1025, 'Windowpane Plaid Skirt', 6490744, '249.00', '249.00', '0.0', 0, 2, 2, 3, 199, 19),
(1026, 'Nute Organic Cotton Blend Maxi Skirt', 6501157, '290.00', '290.00', '0.0', 0, 2, 2, 3, 63, 32),
(1027, 'Lanee Print Tiered Miniskirt', 6502086, '225.00', '225.00', '0.0', 0, 2, 2, 3, 89, 1),
(1028, 'Carter Faux Leather Pleated Skirt', 6507231, '250.00', '250.00', '0.0', 0, 2, 2, 3, 56, 23),
(1029, 'Anouk Midi Skirt', 6517957, '99.00', '99.00', '0.0', 0, 2, 2, 3, 249, 58),
(1030, 'Set the Scene Belted Faux Leather Miniskirt', 6528247, '88.00', '88.00', '0.0', 0, 2, 2, 3, 122, 114),
(1031, 'Hudson Centerfold Ext High Waist Skirt', 6540921, '195.00', '195.00', '5.0', 1, 2, 2, 3, 131, 21),
(1032, 'Panola Skirt', 6541082, '398.00', '398.00', '0.0', 0, 2, 2, 3, 71, 105),
(1033, 'Corduroy Miniskirt', 6542806, '70.00', '70.00', '0.0', 0, 2, 2, 3, 242, 63),
(1034, 'Pleated Faux Leather Skirt', 6544551, '37.95', '69.00', '0.0', 0, 2, 2, 3, 265, 1),
(1035, 'Felicity Ruched Asymmetric Skirt', 6549976, '325.00', '325.00', '0.0', 0, 2, 2, 3, 266, 231),
(1036, 'Bluebell Print Cotton Poplin Midi Skirt', 6550035, '1445.00', '1445.00', '0.0', 0, 2, 2, 3, 252, 20),
(1037, 'Chain Print Pleated Skirt', 6556127, '1495.00', '1495.00', '0.0', 0, 2, 2, 3, 189, 1),
(1038, 'Medusa Music Miniskirt', 6556192, '775.00', '775.00', '0.0', 0, 2, 2, 3, 189, 75),
(1039, 'Tie Front Faux Leather Miniskirt', 6560279, '62.98', '89.95', '0.0', 0, 2, 2, 3, 215, 1),
(1040, 'Shifted Wrap Jersey Skirt', 6561621, '1250.00', '1250.00', '0.0', 0, 2, 2, 3, 202, 208),
(1041, 'Christa Miniskirt', 6569875, '70.40', '88.00', '0.0', 0, 2, 2, 3, 57, 23),
(1042, 'Sequin Fringe Midi Skirt', 6570868, '69.75', '93.00', '5.0', 1, 2, 2, 3, 70, 14),
(1043, 'Fudge Spot Midi Pencil Skirt', 6575656, '99.00', '99.00', '0.0', 0, 2, 2, 3, 81, 1),
(1044, 'Faux Leather Tennis Skirt', 6602857, '72.00', '72.00', '0.0', 0, 2, 2, 3, 74, 1),
(1045, 'Topstitch Belted Leather Skirt', 6605043, '1250.00', '1250.00', '0.0', 0, 2, 2, 3, 26, 229),
(1046, 'Athena Wool & Silk Midi Skirt', 6639016, '1198.00', '1198.00', '0.0', 0, 2, 2, 3, 162, 35),
(1047, 'Eglantine Skater Skirt', 6658976, '265.00', '265.00', '0.0', 0, 2, 2, 3, 171, 6),
(1048, 'Jisal Cotton Blend Skirt', 6666139, '265.00', '265.00', '0.0', 0, 2, 2, 3, 119, 7),
(1049, 'Tweedle Colorblock Knit Miniskirt', 6694938, '275.00', '275.00', '0.0', 0, 2, 2, 3, 267, 23),
(1050, 'Faux Wrap Crepe Miniskirt', 6715672, '295.00', '295.00', '0.0', 0, 2, 2, 3, 220, 216),
(1051, 'Lunat Button Through Miniskirt', 6759986, '195.00', '195.00', '0.0', 0, 2, 2, 3, 89, 171),
(1052, 'Rizal Check Miniskirt', 6761673, '280.00', '280.00', '0.0', 0, 2, 2, 3, 171, 67),
(1053, 'Tiago Tweed Skirt', 6761742, '265.00', '265.00', '0.0', 0, 2, 2, 3, 171, 59),
(1054, 'Doku Bead Hem Cotton Knit Skirt', 6762357, '260.00', '260.00', '0.0', 0, 2, 2, 3, 180, 64),
(1055, 'Timothee Tiered Cotton Skirt', 6785841, '265.00', '265.00', '0.0', 0, 2, 2, 3, 171, 41),
(1056, 'Georgia Silk Skirt', 6791457, '318.00', '318.00', '0.0', 0, 2, 2, 3, 160, 34),
(1057, 'Pointelle Cotton Skirt', 6836192, '165.00', '165.00', '0.0', 0, 2, 2, 3, 232, 39),
(1058, 'Sateen Twill Mermaid Skirt', 4571919, '136.00', '136.00', '4.0', 8, 2, 2, 3, 268, 1),
(1059, 'Zoe Vintage Check Asymmetrical Wool Kilt', 5558797, '1050.00', '1050.00', '1.0', 1, 2, 2, 3, 269, 67),
(1060, 'Flared Skirt', 5589015, '180.00', '180.00', '1.0', 1, 2, 2, 3, 133, 1),
(1061, 'Side Slit Patchwork Maxi Skirt', 5697478, '39.97', '99.00', '0.0', 0, 2, 2, 3, 14, 63),
(1062, 'Leather Skirt', 5764268, '1250.00', '1250.00', '4.0', 3, 2, 2, 3, 26, 67),
(1063, 'Elizabeth Asymmetrical Hem Ruffle Skirt', 5869377, '72.00', '72.00', '0.0', 0, 2, 2, 3, 11, 105),
(1064, 'Bill Ruched Miniskirt', 5926929, '93.00', '155.00', '0.0', 0, 2, 2, 3, 184, 16),
(1065, 'Amari Slit Midi Skirt', 5937242, '68.00', '68.00', '0.0', 0, 2, 2, 3, 117, 10),
(1066, 'Plaid Pleated Skirt', 5944453, '45.00', '45.00', '0.0', 0, 2, 2, 3, 270, 138),
(1067, 'Clarisa Bias Cut Satin Skirt', 5960608, '265.00', '265.00', '3.0', 1, 2, 2, 3, 231, 1),
(1068, 'Jilo Tiered Mixed Floral Print Cotton Skirt', 6017439, '265.00', '265.00', '0.0', 0, 2, 2, 3, 119, 35),
(1069, 'Variegated Rib Stretch Cotton Skirt', 6017652, '71.97', '145.00', '0.0', 0, 2, 2, 3, 51, 23),
(1070, 'Mya High Waist Leather Pencil Skirt', 6018009, '2200.00', '2200.00', '0.0', 0, 2, 2, 3, 239, 1),
(1071, 'Elms Colorblock Knit Skirt', 6088575, '165.00', '165.00', '0.0', 0, 2, 2, 3, 4, 23),
(1072, 'A-Line Midi Skirt', 6116080, '79.60', '199.00', '0.0', 0, 2, 2, 3, 199, 10),
(1073, 'Cove Miniskirt', 6141854, '159.00', '265.00', '0.0', 0, 2, 2, 3, 139, 232),
(1074, 'Taglio Wrap Skirt', 6149212, '148.00', '148.00', '1.0', 1, 2, 2, 3, 2, 1),
(1075, 'x Cardi B. Rib Midi Skirt', 6266822, '48.00', '60.00', '5.0', 3, 2, 2, 3, 125, 233),
(1076, 'Tiered Cotton Skirt', 6291938, '265.00', '265.00', '0.0', 0, 2, 2, 3, 171, 1),
(1077, 'Check Print Tennis Miniskirt', 6406703, '60.00', '60.00', '0.0', 0, 2, 2, 3, 74, 12),
(1078, 'Hartford High Waist Rib Midi Skirt', 6415724, '26.97', '68.00', '0.0', 0, 2, 2, 3, 20, 35),
(1079, 'Elana Chain Detail Cotton Blend Tweed Skirt', 6427306, '250.00', '250.00', '0.0', 0, 2, 2, 3, 56, 107),
(1080, 'Pleat Cotton Miniskirt', 6438554, '70.00', '70.00', '0.0', 0, 2, 2, 3, 39, 234),
(1081, 'Stargirl Asymmetric Miniskirt', 6473714, '55.00', '55.00', '3.0', 1, 2, 2, 3, 156, 18),
(1082, 'Lovers & Friends Tiered Ruffle Miniskirt', 6473738, '35.00', '35.00', '0.0', 0, 2, 2, 3, 156, 20),
(1083, 'Bouquet Velvet Midi Skirt', 6483726, '89.00', '89.00', '0.0', 0, 2, 2, 3, 173, 6),
(1084, 'Wrap Skirt', 6507001, '675.00', '675.00', '0.0', 0, 2, 2, 3, 160, 1),
(1085, 'Plaid Jacquard A-Line Skirt', 6510334, '89.00', '89.00', '0.0', 0, 2, 2, 3, 14, 3),
(1086, 'Cindy Floral Linen & Cotton Skirt', 6517942, '109.00', '109.00', '0.0', 0, 2, 2, 3, 249, 63),
(1087, 'Violet Rib Midi Skirt', 6517955, '94.00', '94.00', '1.0', 1, 2, 2, 3, 249, 235),
(1088, 'Patchwork Mesh Skirt', 6519582, '19.97', '29.00', '4.0', 1, 2, 2, 3, 19, 114),
(1089, 'Bea Midi Skirt Plus Size)', 6520249, '128.00', '128.00', '0.0', 0, 2, 2, 3, 2, 31),
(1090, 'Rib Maternity Midi Skirt', 6529759, '69.95', '69.95', '0.0', 0, 2, 2, 3, 21, 86),
(1091, 'Rib Knit Skirt', 6531038, '185.00', '185.00', '0.0', 0, 2, 2, 3, 236, 1),
(1092, 'Rainbow Macaws Scarf Midi Skirt', 6536656, '195.00', '195.00', '0.0', 0, 2, 2, 3, 29, 116),
(1093, 'Andie Floral Silk Skirt', 6539026, '750.00', '750.00', '0.0', 0, 2, 2, 3, 148, 63),
(1094, 'Suffrage Holographic A-Line Skirt', 6546742, '275.00', '275.00', '0.0', 0, 2, 2, 3, 224, 54),
(1095, 'Viven Knit Alpaca Miniskirt', 6546888, '350.00', '350.00', '0.0', 0, 2, 2, 3, 224, 224),
(1096, 'Wisteria Print Cotton Poplin Circle Skirt', 6550034, '1175.00', '1175.00', '0.0', 0, 2, 2, 3, 252, 7);
INSERT INTO `skirts` (`skirts_id`, `product_name`, `sku`, `price_current_usd`, `price_retail_usd`, `review_rating`, `review_count`, `department_id`, `category_id`, `sub_category_id`, `skirts_brand_id`, `skirts_color_id`) VALUES
(1097, 'Hazel Ruffle Skirt', 6550530, '228.00', '228.00', '0.0', 0, 2, 2, 3, 71, 17),
(1098, 'Fadelina Rib Wool & Cashmere Midi Skirt', 6556361, '248.00', '248.00', '0.0', 0, 2, 2, 3, 65, 69),
(1099, 'Vintage Rose Print Pleated Skirt', 6561548, '2150.00', '2150.00', '0.0', 0, 2, 2, 3, 202, 6),
(1100, 'Drawcord A-Line Skirt', 6564817, '435.00', '435.00', '0.0', 0, 2, 2, 3, 271, 1),
(1101, 'Ritmos de Selva Organic Cotton Midi Skirt', 6567095, '950.00', '950.00', '0.0', 0, 2, 2, 3, 210, 67),
(1102, 'Cargo Gabardine Miniskirt', 6568718, '550.00', '550.00', '0.0', 0, 2, 2, 3, 271, 170),
(1103, 'Wave Metallic Miniskirt', 6569102, '610.00', '610.00', '0.0', 0, 2, 2, 3, 272, 236),
(1104, 'Crossover Strap Rib Knit Miniskirt', 6582272, '540.00', '540.00', '1.0', 1, 2, 2, 3, 185, 1),
(1105, 'Stripe Smock Waist Skirt', 6582687, '44.95', '44.95', '0.0', 0, 2, 2, 3, 62, 35),
(1106, 'Pleated Wrap Wool Miniskirt', 6591252, '1350.00', '1350.00', '0.0', 0, 2, 2, 3, 254, 1),
(1107, 'Wool Blend Tweed Knit Skirt', 6614033, '695.00', '695.00', '0.0', 0, 2, 2, 3, 273, 60),
(1108, 'Rhodes Floral Silk Skirt', 6619534, '325.00', '325.00', '0.0', 0, 2, 2, 3, 139, 36),
(1109, 'Iva Skirt', 6624278, '280.00', '280.00', '0.0', 0, 2, 2, 3, 140, 67),
(1110, 'x Fondation Vasarely Sunny Pansy Ruched Skirt', 6635009, '470.00', '470.00', '0.0', 0, 2, 2, 3, 257, 60),
(1111, 'Blue Wave Fringe Denim Skirt', 6635133, '450.00', '450.00', '0.0', 0, 2, 2, 3, 257, 35),
(1112, 'Cupro Japonette Shorts', 6638931, '635.00', '635.00', '0.0', 0, 2, 2, 3, 170, 1),
(1113, '3-Stripes Skirt', 6643181, '26.80', '40.00', '0.0', 0, 2, 2, 3, 113, 1),
(1114, 'Tiered Ruffle Cotton Skirt', 6644019, '425.00', '425.00', '0.0', 0, 2, 2, 3, 243, 226),
(1115, 'Enya Ribbed Wool Blend Skirt', 6651164, '129.00', '215.00', '3.0', 1, 2, 2, 3, 52, 237),
(1116, 'Pauline Flounce Hem Cotton Blend Skirt', 6658984, '325.00', '325.00', '0.0', 0, 2, 2, 3, 171, 6),
(1117, 'Star Chevron Rib Midi Skirt', 6662111, '505.00', '505.00', '0.0', 0, 2, 2, 3, 274, 32),
(1118, 'Justy Paisley Tiered Ruffle Cotton Skirt', 6666119, '345.00', '345.00', '0.0', 0, 2, 2, 3, 119, 63),
(1119, 'Pointelle Cotton Miniskirt', 6669914, '560.00', '560.00', '0.0', 0, 2, 2, 3, 272, 60),
(1120, 'Cala Pleated Denim Skirt', 6740425, '455.00', '455.00', '0.0', 0, 2, 2, 3, 258, 138),
(1121, 'Milendi Floral Miniskirt', 6744261, '690.00', '690.00', '0.0', 0, 2, 2, 3, 169, 7),
(1122, 'Agnes Textured Rib Knit Pencil Skirt', 6746050, '79.00', '79.00', '3.0', 1, 2, 2, 3, 251, 31),
(1123, 'Soline Ruffle Hem Skirt', 6761668, '235.00', '235.00', '0.0', 0, 2, 2, 3, 171, 59),
(1124, 'Chase Bias Cut Skirt', 6790072, '188.00', '188.00', '0.0', 0, 2, 2, 3, 275, 53),
(1125, 'Georgia Silk Skirt', 6791468, '318.00', '318.00', '0.0', 0, 2, 2, 3, 160, 54),
(1126, 'Belted Midi Skirt', 6792358, '228.00', '228.00', '3.0', 2, 2, 2, 3, 176, 238),
(1127, 'Avril Momo High-Low Skirt', 6795044, '229.00', '229.00', '0.0', 0, 2, 2, 3, 52, 6),
(1128, 'Avril Oniyuri High-Low Skirt', 6795048, '229.00', '229.00', '0.0', 0, 2, 2, 3, 52, 50),
(1129, 'Side Slit Skirt', 6798825, '325.00', '325.00', '0.0', 0, 2, 2, 3, 161, 1),
(1130, 'Faux Patent Leather Midi Skirt', 4978248, '118.00', '118.00', '3.8', 26, 2, 2, 3, 137, 239),
(1131, 'Roll Top Maxi Skirt', 5316782, '49.00', '49.00', '0.0', 0, 2, 2, 3, 3, 4),
(1132, 'Lightweight A/C Skirt', 5382164, '79.00', '79.00', '0.0', 0, 2, 2, 3, 276, 23),
(1133, 'A-Line Maternity Skirt', 5423822, '86.00', '86.00', '0.0', 0, 2, 2, 3, 277, 32),
(1134, 'Sportswear Swoosh Skirt', 5676324, '36.85', '55.00', '3.0', 1, 2, 2, 3, 6, 240),
(1135, 'Take Me Away Openwork Tassel Linen Skirt', 5685278, '80.00', '80.00', '4.0', 2, 2, 2, 3, 122, 7),
(1136, 'Mimi Floral Midi Skirt', 5782568, '89.00', '89.00', '0.0', 0, 2, 2, 3, 249, 219),
(1137, 'Willow Floral Miniskirt', 5782584, '69.00', '69.00', '0.0', 0, 2, 2, 3, 249, 241),
(1138, 'Handkerchief Hem Pleated Skirt', 5831124, '395.00', '395.00', '0.0', 0, 2, 2, 3, 69, 94),
(1139, 'Selma Storm Denim Midi Skirt', 5845739, '128.00', '128.00', '4.0', 2, 2, 2, 3, 40, 35),
(1140, 'Brea Cutoff Denim Skirt', 5857478, '44.97', '78.00', '0.0', 0, 2, 2, 3, 1, 16),
(1141, 'Bansa Side Slit Midi Skirt', 5889852, '78.00', '130.00', '0.0', 0, 2, 2, 3, 16, 1),
(1142, 'Side Slit Skirt', 5893319, '32.97', '79.00', '0.0', 0, 2, 2, 3, 126, 17),
(1143, 'Natalia Button Front Denim Skirt', 5921676, '64.97', '128.00', '4.0', 2, 2, 2, 3, 278, 32),
(1144, 'Button Detail High Waist Cotton Piqué Skirt', 5949879, '1195.00', '1195.00', '0.0', 0, 2, 2, 3, 263, 88),
(1145, 'Wetherby Rib Merino Wool Blend Sweater Skirt', 5963056, '695.00', '695.00', '0.0', 0, 2, 2, 3, 279, 63),
(1146, 'Dri-FIT Performance Golf Skirt', 5969243, '50.25', '75.00', '0.0', 0, 2, 2, 3, 6, 242),
(1147, 'The Button Front Skirt', 5972371, '89.00', '89.00', '0.0', 0, 2, 2, 3, 7, 157),
(1148, 'Aaron Eyelet Embroidered Silk Skirt', 5977380, '237.00', '395.00', '0.0', 0, 2, 2, 3, 139, 6),
(1149, 'Adda Pieced Denim Skirt', 6036972, '115.00', '115.00', '2.0', 1, 2, 2, 3, 280, 36),
(1150, 'Tasha Sequin Pencil Skirt', 6088858, '190.00', '190.00', '0.0', 0, 2, 2, 3, 136, 60),
(1151, 'Paillettes Wool Crepe Skirt', 6092796, '695.00', '695.00', '0.0', 0, 2, 2, 3, 106, 107),
(1152, 'Lynne Tie Dye Maxi Skirt', 6128334, '395.00', '395.00', '0.0', 0, 2, 2, 3, 281, 15),
(1153, 'Front Slit Denim Skirt', 6141686, '36.97', '89.00', '0.0', 0, 2, 2, 3, 204, 4),
(1154, 'Distressed Denim Miniskirt', 6147795, '240.00', '240.00', '0.0', 0, 2, 2, 3, 226, 35),
(1155, 'Port Elizabeth Recycled Leather & Knit Pencil Skirt', 6151255, '310.00', '310.00', '2.0', 1, 2, 2, 3, 282, 21),
(1156, 'Button Fly Pleated Raw Hem Denim Skirt', 6267789, '68.00', '68.00', '0.0', 0, 2, 2, 3, 283, 104),
(1157, 'Boheme Virgin Wool Knit Skirt', 6406890, '325.00', '325.00', '0.0', 0, 2, 2, 3, 128, 243),
(1158, 'Lace Trim Stretch Satin & Wool Skirt', 6420338, '1050.00', '1050.00', '0.0', 0, 2, 2, 3, 202, 1),
(1159, 'Paola Wrap Miniskirt', 6429222, '44.40', '74.00', '0.0', 0, 2, 2, 3, 101, 16),
(1160, 'Tennis Primeblue Tokyo HEAT RDY Match Skirt', 6435555, '40.20', '60.00', '4.5', 8, 2, 2, 3, 113, 1),
(1161, 'Strappy Faux Leather Miniskirt', 6441622, '79.00', '79.00', '0.0', 0, 2, 2, 3, 7, 1),
(1162, 'York Rib Midi Skirt', 6446949, '165.00', '165.00', '0.0', 0, 2, 2, 3, 112, 191),
(1163, 'Bridgette Lace Trim Tencel® Lyocell & Silk Midi Skirt', 6474419, '215.00', '215.00', '0.0', 0, 2, 2, 3, 52, 244),
(1164, 'Boniis Miniskirt', 6479282, '260.00', '260.00', '0.0', 0, 2, 2, 3, 89, 161),
(1165, 'Dazed Satin Skirt', 6498268, '36.97', '89.00', '0.0', 0, 2, 2, 3, 81, 1),
(1166, 'Postcard Silk & Linen Flip Skirt', 6539037, '695.00', '695.00', '0.0', 0, 2, 2, 3, 148, 6),
(1167, 'Postcard Patchwork Print Tiered Skirt', 6539053, '850.00', '850.00', '0.0', 0, 2, 2, 3, 148, 6),
(1168, 'Satin Bonded Denim Miniskirt', 6542416, '920.00', '920.00', '0.0', 0, 2, 2, 3, 284, 1),
(1169, 'Floral Print Cotton Ottoman Knit Miniskirt', 6550038, '1295.00', '1295.00', '0.0', 0, 2, 2, 3, 252, 31),
(1170, 'Olympia Asymmetric Midi Skirt', 6550527, '148.00', '148.00', '0.0', 0, 2, 2, 3, 146, 1),
(1171, 'Heritage Check Wool Blend Skirt', 6556187, '775.00', '775.00', '0.0', 0, 2, 2, 3, 189, 35),
(1172, 'Push-Up Wool A-Line Midi Skirt', 6561575, '1050.00', '1050.00', '0.0', 0, 2, 2, 3, 202, 1),
(1173, 'Skyline Sparkle High Waist Miniskirt', 6563135, '69.00', '69.00', '0.0', 0, 2, 2, 3, 10, 18),
(1174, 'Le Palmier Bleu Tropical Print Silk Maxi Skirt', 6567096, '950.00', '950.00', '0.0', 0, 2, 2, 3, 210, 58),
(1175, 'Zebra Found in India Tropical Print Linen Midi Wrap Skirt', 6567108, '850.00', '850.00', '0.0', 0, 2, 2, 3, 210, 10),
(1176, 'Lowell Crepe Maxi Skirt', 6576459, '1080.00', '1080.00', '0.0', 0, 2, 2, 3, 239, 1),
(1177, 'Horizoni Wool & Cotton Blend Knit Skirt', 6578940, '238.00', '238.00', '0.0', 0, 2, 2, 3, 132, 6),
(1178, 'Knit Cotton Skater Miniskirt', 6588771, '1950.00', '1950.00', '0.0', 0, 2, 2, 3, 285, 1),
(1179, 'Vienne Perforated Seamless Cover-Up Tube Skirt', 6588796, '850.00', '850.00', '0.0', 0, 2, 2, 3, 285, 16),
(1180, 'Belted Faux Leather Skirt', 6597186, '88.00', '88.00', '0.0', 0, 2, 2, 3, 122, 245),
(1181, 'Asymmetric Boiled Wool Wrap Skirt', 6614036, '890.00', '890.00', '0.0', 0, 2, 2, 3, 286, 246),
(1182, 'Milendi Floral Ruffle Ruched Stretch Silk Skirt', 6624758, '690.00', '690.00', '0.0', 0, 2, 2, 3, 169, 35),
(1183, 'Ayla Cotton Poplin Midi Skirt', 6641087, '653.00', '653.00', '0.0', 0, 2, 2, 3, 287, 1),
(1184, 'Alma Gathered Asymmetric Skirt', 6641396, '707.00', '707.00', '0.0', 0, 2, 2, 3, 287, 6),
(1185, 'Metallic Midi Skirt', 6642863, '78.00', '78.00', '0.0', 0, 2, 2, 3, 228, 11),
(1186, 'Vista Floral Print Maxi Skirt', 6646147, '148.00', '148.00', '3.0', 1, 2, 2, 3, 2, 31),
(1187, 'Zinaida Hand Dyed Silk Sweater Midi Skirt', 6646656, '995.00', '995.00', '0.0', 0, 2, 2, 3, 279, 247),
(1188, 'Sousanna Handkerchief Hem Skirt', 6646663, '795.00', '795.00', '0.0', 0, 2, 2, 3, 279, 50),
(1189, 'Wool Blend Miniskirt', 6648105, '118.00', '295.00', '0.0', 0, 2, 2, 3, 171, 50),
(1190, 'Sivan Mixed Animal Print Silk Blend Skirt', 6650118, '298.00', '298.00', '0.0', 0, 2, 2, 3, 288, 23),
(1191, 'Double Layer Taffeta Miniskirt', 6655584, '460.00', '460.00', '0.0', 0, 2, 2, 3, 289, 1),
(1192, 'Floral Print String Bikini Detail Skirt', 6681313, '690.00', '690.00', '0.0', 0, 2, 2, 3, 290, 63),
(1193, 'String Bikini Detail Skirt', 6681383, '690.00', '690.00', '0.0', 0, 2, 2, 3, 290, 23),
(1194, 'Ruth Cotton & Linen Skirt', 6684998, '295.00', '295.00', '0.0', 0, 2, 2, 3, 230, 248),
(1195, 'Three-Button Metallic Tweed Miniskirt', 6686839, '1395.00', '1395.00', '0.0', 0, 2, 2, 3, 263, 1),
(1196, 'Romy Stripe Miniskirt', 6694914, '275.00', '275.00', '0.0', 0, 2, 2, 3, 267, 31),
(1197, 'Floral Dot Crepe Skirt', 6715676, '345.00', '345.00', '0.0', 0, 2, 2, 3, 220, 1),
(1198, 'Sparkle Ribbed Sweater Skirt', 6758771, '24.50', '49.00', '5.0', 1, 2, 2, 3, 8, 10),
(1199, 'Rapripollo Paisley Handkerchief Hem Skirt', 6763079, '385.00', '385.00', '0.0', 0, 2, 2, 3, 119, 47),
(1200, 'Team Cotton Skirt', 6777813, '595.00', '595.00', '0.0', 0, 2, 2, 3, 291, 67),
(1201, 'Claudelle Eyelet Skirt', 6785817, '295.00', '295.00', '0.0', 0, 2, 2, 3, 171, 59),
(1202, 'Print A-Line Maternity Skirt', 4761137, '51.84', '86.40', '5.0', 1, 2, 2, 3, 277, 10),
(1203, 'Portia Polka Dot Trumpet Skirt', 4802279, '365.00', '365.00', '0.0', 0, 2, 2, 3, 292, 1),
(1204, 'Corduroy A-Line Miniskirt', 5210366, '48.00', '48.00', '3.5', 20, 2, 2, 3, 9, 58),
(1205, 'Tie Waist Fleece Skirt', 5308706, '165.00', '165.00', '3.7', 3, 2, 2, 3, 76, 16),
(1206, 'Tulip Skirt', 5316561, '55.20', '69.00', '0.0', 0, 2, 2, 3, 204, 224),
(1207, 'Plaid Pleated Midi Skirt', 5347054, '109.00', '109.00', '0.0', 0, 2, 2, 3, 154, 249),
(1208, 'Stretch Seersucker Miniskirt', 5493899, '79.00', '79.00', '0.0', 0, 2, 2, 3, 293, 250),
(1209, 'Donna Faux Suede Miniskirt', 5551386, '45.00', '45.00', '5.0', 3, 2, 2, 3, 25, 59),
(1210, 'Jonquille Floral Skirt', 5571156, '295.00', '295.00', '0.0', 0, 2, 2, 3, 119, 31),
(1211, 'Kendal Bias Skirt', 5576383, '79.00', '79.00', '5.0', 1, 2, 2, 3, 7, 16),
(1212, 'Joyo Glam Print Skirt', 5586576, '448.00', '448.00', '0.0', 0, 2, 2, 3, 241, 6),
(1213, 'Satin Slip Skirt', 5591431, '79.00', '79.00', '0.0', 0, 2, 2, 3, 7, 251),
(1214, 'Stud Detail Suede Miniskirt', 5605154, '405.00', '675.00', '0.0', 0, 2, 2, 3, 64, 49),
(1215, 'Ponte Maternity Pencil Skirt', 5668036, '49.95', '49.95', '0.0', 0, 2, 2, 3, 21, 1),
(1216, 'Never Stop Wearing Skirt', 5794770, '45.00', '45.00', '4.7', 3, 2, 2, 3, 294, 21),
(1217, 'Demi Floral Jacquard Skirt', 5820001, '99.00', '99.00', '5.0', 1, 2, 2, 3, 7, 1),
(1218, 'Merino Sport 150 Skirt', 5851693, '70.00', '70.00', '0.0', 0, 2, 2, 3, 295, 1),
(1219, 'Sicily Floral Smocked Miniskirt', 5860613, '245.00', '245.00', '2.0', 1, 2, 2, 3, 139, 6),
(1220, 'Ayla Side Button Skirt', 5879094, '79.00', '79.00', '0.0', 0, 2, 2, 3, 296, 35),
(1221, 'Striped Skirt', 5879245, '30.97', '74.95', '0.0', 0, 2, 2, 3, 215, 60),
(1222, 'Nike Dri-FIT UV Print Golf Skirt', 5886791, '50.25', '75.00', '4.0', 1, 2, 2, 3, 45, 120),
(1223, 'Rugby Stripe Button Detail Merino Wool Sweater Miniskirt', 5896443, '243.75', '650.00', '0.0', 0, 2, 2, 3, 290, 252),
(1224, 'Randi Fringe Trim Wrap Skirt', 5926528, '395.00', '395.00', '0.0', 0, 2, 2, 3, 196, 10),
(1225, 'Mini Ditsy Wrap Front Miniskirt', 5941045, '79.00', '79.00', '0.0', 0, 2, 2, 3, 7, 253),
(1226, 'Sable Heart Dot Print Miniskirt', 5965838, '990.00', '990.00', '0.0', 0, 2, 2, 3, 297, 1),
(1227, 'Logo High Waist Jersey Pencil Skirt', 6126224, '1075.00', '1075.00', '0.0', 0, 2, 2, 3, 252, 1),
(1228, 'Rochel Jersey Pencil Skirt', 6149728, '147.50', '295.00', '0.0', 0, 2, 2, 3, 261, 1),
(1229, 'Jordan Recycled Leather Skirt', 6151288, '310.00', '310.00', '0.0', 0, 2, 2, 3, 282, 254),
(1230, 'Houndstooth Miniskirt', 6155046, '325.00', '325.00', '0.0', 0, 2, 2, 3, 298, 105),
(1231, 'Asymmetrical Crepe Skirt', 6185656, '1770.00', '1770.00', '0.0', 0, 2, 2, 3, 284, 1),
(1232, 'Basque Cover-Up Skirt', 6297769, '122.00', '122.00', '0.0', 0, 2, 2, 3, 299, 104),
(1233, 'Canvas Trim Tweed Skirt', 6416355, '1895.00', '1895.00', '0.0', 0, 2, 2, 3, 263, 67),
(1234, 'Gabriela Goat Cashmere Skirt', 6446768, '925.00', '925.00', '0.0', 0, 2, 2, 3, 300, 218),
(1235, 'Stella Floral Woven Skirt', 6451407, '94.00', '94.00', '0.0', 0, 2, 2, 3, 249, 16),
(1236, 'Kirk Belted Stud Detail Leather Miniskirt', 6458777, '495.00', '495.00', '0.0', 0, 2, 2, 3, 165, 255),
(1237, 'Floral Bubble Crepe Skirt', 6473946, '235.00', '235.00', '0.0', 0, 2, 2, 3, 190, 1),
(1238, 'Amalia High Slit Ribbed Maxi Skirt', 6478902, '89.00', '89.00', '0.0', 0, 2, 2, 3, 251, 256),
(1239, 'Valiat Leather A-Line Skirt', 6479359, '259.00', '259.00', '0.0', 0, 2, 2, 3, 89, 1),
(1240, 'Casablanca Braided Tiered Maxi Skirt', 6487487, '475.00', '475.00', '0.0', 0, 2, 2, 3, 238, 31),
(1241, 'Dome Studded Scallop Miniskirt', 6514798, '320.00', '320.00', '0.0', 0, 2, 2, 3, 301, 1),
(1242, 'x Chito Clown Print 4G Logo Jacquard Denim Miniskirt', 6542435, '1320.00', '1320.00', '0.0', 0, 2, 2, 3, 284, 17),
(1243, 'Cotton Blend Pencil Skirt', 6544563, '990.00', '990.00', '0.0', 0, 2, 2, 3, 302, 1),
(1244, 'Chain Detail Ruched Miniskirt', 6548019, '1710.00', '1710.00', '0.0', 0, 2, 2, 3, 303, 1),
(1245, 'Brielle Patent Faux Leather Miniskirt', 6550761, '55.00', '55.00', '3.0', 1, 2, 2, 3, 58, 48),
(1246, 'Desdemona Ribbed Wool Skirt', 6551858, '1290.00', '1290.00', '0.0', 0, 2, 2, 3, 304, 23),
(1247, 'Dejan Rib Cashmere Skirt', 6551903, '1490.00', '1490.00', '0.0', 0, 2, 2, 3, 304, 67),
(1248, 'Nathalia Midi Skirt', 6554848, '495.00', '495.00', '0.0', 0, 2, 2, 3, 225, 6),
(1249, 'Chain Trim Metallic Barocco Jacquard Miniskirt', 6556145, '1675.00', '1675.00', '0.0', 0, 2, 2, 3, 189, 35),
(1250, 'Ina Ottoline Chine Matelassé Floral Print Midi Skirt', 6564149, '1195.00', '1195.00', '0.0', 0, 2, 2, 3, 253, 10),
(1251, 'Victorine Pembridge Etched Floral Print Stretch Cotton Midi Skirt', 6564166, '1050.00', '1050.00', '0.0', 0, 2, 2, 3, 253, 16),
(1252, 'Cotton Rib Sweater Trumpet Skirt', 6568464, '880.00', '880.00', '0.0', 0, 2, 2, 3, 305, 10),
(1253, 'Techno Crêpe Wrap Miniskirt', 6569096, '630.00', '630.00', '0.0', 0, 2, 2, 3, 272, 75),
(1254, 'Rope Tie Jersey Wrap Skirt', 6582295, '870.00', '870.00', '0.0', 0, 2, 2, 3, 185, 1),
(1255, 'Rebekka Tennis Skirt', 6583137, '79.00', '79.00', '0.0', 0, 2, 2, 3, 306, 257),
(1256, 'Animal Print Maxi Skirt', 6599047, '92.40', '92.40', '0.0', 0, 2, 2, 3, 307, 258),
(1257, 'Pleated Midi Skirt', 6620773, '475.00', '475.00', '0.0', 0, 2, 2, 3, 308, 259),
(1258, 'Zoe Midi Skirt', 6623893, '96.20', '148.00', '0.0', 0, 2, 2, 3, 2, 31),
(1259, 'Conna Knit Pencil Skirt', 6627910, '28.80', '48.00', '1.0', 1, 2, 2, 3, 58, 1),
(1260, 'Bow Back Skirt', 6631202, '69.00', '69.00', '0.0', 0, 2, 2, 3, 83, 260),
(1261, 'Sequin Embroidered Denim Skirt', 6638928, '1760.00', '1760.00', '0.0', 0, 2, 2, 3, 170, 52),
(1262, 'Buffalo Check Cupro Maxi Skirt', 6644377, '1340.00', '1340.00', '0.0', 0, 2, 2, 3, 244, 31),
(1263, 'Madras Plaid A-Line Skirt', 6659736, '1150.00', '1150.00', '0.0', 0, 2, 2, 3, 309, 83),
(1264, 'Saturn Smocked Cotton Skirt', 6664961, '1190.00', '1190.00', '0.0', 0, 2, 2, 3, 310, 1),
(1265, 'Rib Knit Midi Skirt', 6667619, '595.00', '595.00', '0.0', 0, 2, 2, 3, 273, 6),
(1266, 'Rainbow Two Toned Tweed Miniskirt', 6694903, '275.00', '275.00', '0.0', 0, 2, 2, 3, 267, 35),
(1267, 'Elnat Twist Front Midi Skirt', 6695171, '228.00', '228.00', '0.0', 0, 2, 2, 3, 65, 86),
(1268, 'Anggela Drop Waist Midi Skirt', 6701461, '260.00', '260.00', '0.0', 0, 2, 2, 3, 89, 1),
(1269, 'Sixtine Houndstooth Check Skirt', 6761689, '325.00', '325.00', '0.0', 0, 2, 2, 3, 171, 35),
(1270, 'Ribbed Wool & Cashmere Midi Skirt', 6766915, '1195.00', '1195.00', '0.0', 0, 2, 2, 3, 311, 67),
(1271, 'Vawela Pinstripe Wrap Waist Skirt', 6785635, '248.00', '248.00', '0.0', 0, 2, 2, 3, 65, 131),
(1272, 'Chase Bias Cut Floral Skirt', 6790082, '228.00', '228.00', '0.0', 0, 2, 2, 3, 275, 143),
(1273, 'Ultramarine Denim Miniskirt', 6802658, '545.00', '545.00', '0.0', 0, 2, 2, 3, 86, 138),
(1274, 'Denim \'Cassia\' Suede Skirt', 4243661, '425.00', '425.00', '0.0', 0, 2, 2, 3, 312, 1),
(1275, 'Studded Corduroy Skirt', 4729775, '70.40', '88.00', '5.0', 1, 2, 2, 3, 9, 1),
(1276, 'High Waist Wild Rose Print Skirt', 5326285, '275.00', '275.00', '5.0', 1, 2, 2, 3, 51, 261),
(1277, 'SPANX Ponte Pencil Skirt', 5532573, '118.00', '118.00', '2.0', 1, 2, 2, 3, 18, 1),
(1278, 'Josina Faux Wrap Miniskirt', 5549034, '265.00', '265.00', '5.0', 1, 2, 2, 3, 119, 1),
(1279, 'MA-1 Side Gusset Skirt', 5688749, '785.00', '785.00', '0.0', 0, 2, 2, 3, 244, 1),
(1280, 'Reese High Waist Ponte Knit Skirt', 5711589, '79.00', '79.00', '0.0', 0, 2, 2, 3, 41, 137),
(1281, 'Five Pocket Skirt', 5799412, '89.00', '89.00', '4.7', 3, 2, 2, 3, 105, 39),
(1282, 'Five Pocket Skirt', 5815394, '99.00', '99.00', '4.7', 3, 2, 2, 3, 105, 31),
(1283, 'Denim Midi Skirt', 5822282, '99.00', '99.00', '0.0', 0, 2, 2, 3, 105, 35),
(1284, 'Camara Polka Dot Skirt', 5831438, '200.00', '200.00', '0.0', 0, 2, 2, 3, 136, 21),
(1285, 'Gather Button Front Denim Skirt', 5845720, '70.40', '128.00', '0.0', 0, 2, 2, 3, 40, 86),
(1286, 'Lacing Double Slit Skirt', 5886292, '297.00', '495.00', '0.0', 0, 2, 2, 3, 161, 218),
(1287, 'Boracay Skirt', 5891692, '110.00', '110.00', '0.0', 0, 2, 2, 3, 175, 4),
(1288, 'Gathered Flare Miniskirt', 5909501, '138.00', '138.00', '0.0', 0, 2, 2, 3, 47, 54),
(1289, 'The Riley Asymmetric Raw Hem Denim Skirt', 5927074, '98.00', '98.00', '0.0', 0, 2, 2, 3, 313, 7),
(1290, 'Floral Print Miniskirt', 5951609, '145.00', '145.00', '0.0', 0, 2, 2, 3, 51, 262),
(1291, 'The Long Highland Maxi Skirt', 5961981, '178.75', '325.00', '5.0', 1, 2, 2, 3, 314, 23),
(1292, 'High Waist Denim Miniskirt', 6051483, '146.25', '225.00', '0.0', 0, 2, 2, 3, 68, 235),
(1293, 'Shirley Embroidered Cotton Skirt', 6089918, '225.00', '225.00', '0.0', 0, 2, 2, 3, 224, 1),
(1294, 'Seamed Mesh Midi Skirt', 6109612, '390.00', '390.00', '0.0', 0, 2, 2, 3, 315, 1),
(1295, 'Liverpool Gia Glider Denim Midi Skirt', 6125988, '89.00', '89.00', '3.5', 2, 2, 2, 3, 27, 32),
(1296, 'Denim Pencil Skirt', 6125996, '79.00', '79.00', '5.0', 1, 2, 2, 3, 27, 32),
(1297, 'Tiered Midi Skirt', 6136369, '106.00', '106.00', '0.0', 0, 2, 2, 3, 228, 52),
(1298, 'Ruched Sweater Skirt', 6149776, '147.50', '295.00', '0.0', 0, 2, 2, 3, 261, 56),
(1299, 'Lace Trim Bouclé Tweed Skirt', 6241426, '1290.00', '1290.00', '0.0', 0, 2, 2, 3, 297, 1),
(1300, 'Merino Wool Blend Column Skirt', 6409949, '157.97', '395.00', '0.0', 0, 2, 2, 3, 316, 16),
(1301, 'Peplum Knit Jacquard Pencil Skirt', 6424374, '1580.00', '1580.00', '0.0', 0, 2, 2, 3, 317, 6),
(1302, 'Cotton Blend Utility Skirt', 6438383, '68.00', '68.00', '0.0', 0, 2, 2, 3, 27, 173),
(1303, 'Eva Skirt', 6446889, '190.00', '190.00', '0.0', 0, 2, 2, 3, 112, 223),
(1304, 'Margo Satin Skirt', 6451455, '94.00', '94.00', '0.0', 0, 2, 2, 3, 249, 31),
(1305, 'Jo Pleated Leather Skirt', 6454917, '520.00', '520.00', '0.0', 0, 2, 2, 3, 171, 1),
(1306, 'Tartan Skirt', 6456319, '98.00', '98.00', '0.0', 0, 2, 2, 3, 14, 11),
(1307, 'Pleated Faux Leather Skirt', 6463145, '99.00', '99.00', '0.0', 0, 2, 2, 3, 104, 1),
(1308, 'Wrap Ruffle Miniskirt', 6467723, '65.00', '65.00', '0.0', 0, 2, 2, 3, 83, 35),
(1309, '4-Button Denim Faux Wrap Miniskirt', 6487570, '1250.00', '1250.00', '0.0', 0, 2, 2, 3, 263, 20),
(1310, 'Neil Pointelle Hem Faux Leather Skirt', 6501159, '310.00', '310.00', '0.0', 0, 2, 2, 3, 63, 1),
(1311, 'Lilly Embroidered Midi Skirt', 6503379, '2070.00', '2070.00', '0.0', 0, 2, 2, 3, 318, 16),
(1312, 'Micro Tweed Knit Miniskirt', 6508618, '795.00', '795.00', '0.0', 0, 2, 2, 3, 273, 172),
(1313, 'Life Patchwork Print Cotton Skirt', 6508931, '875.00', '875.00', '0.0', 0, 2, 2, 3, 209, 140),
(1314, 'Women\'s Emmet Floral Tapestry Miniskirt', 6519933, '425.00', '425.00', '0.0', 0, 2, 2, 3, 319, 35),
(1315, 'Ore Quilted Miniskirt', 6519975, '395.00', '395.00', '0.0', 0, 2, 2, 3, 319, 6),
(1316, 'Crepe & Egg Skirt', 6525204, '770.00', '770.00', '0.0', 0, 2, 2, 3, 320, 1),
(1317, 'Denim Trumpet Skirt', 6540728, '49.97', '118.00', '4.2', 17, 2, 2, 3, 40, 4),
(1318, 'Padlock Washed Denim Wrap Miniskirt', 6542405, '790.00', '790.00', '0.0', 0, 2, 2, 3, 284, 16),
(1319, 'Watercolor Floral Cascading Ruffle Midi Skirt', 6544582, '1290.00', '1290.00', '0.0', 0, 2, 2, 3, 302, 263),
(1320, 'Tisbury Paisley Print Midi Skirt', 6552162, '425.00', '425.00', '0.0', 0, 2, 2, 3, 118, 35),
(1321, 'Rope Lace-Up Side Wool Blend Miniskirt', 6557054, '790.00', '790.00', '0.0', 0, 2, 2, 3, 290, 264),
(1322, 'Elisea Miniskirt', 6560811, '89.00', '89.00', '0.0', 0, 2, 2, 3, 251, 23),
(1323, 'Floral Colorblock Silk Skirt', 6568771, '495.00', '495.00', '0.0', 0, 2, 2, 3, 243, 72),
(1324, 'The Lise Satin Skirt', 6576448, '680.00', '680.00', '0.0', 0, 2, 2, 3, 239, 35),
(1325, 'Button Front Skirt', 6577321, '29.50', '59.00', '0.0', 0, 2, 2, 3, 48, 6),
(1326, 'Ruffle Miniskirt', 6580338, '1490.00', '1490.00', '0.0', 0, 2, 2, 3, 317, 172),
(1327, 'Yod Flower Print Skirt', 6582630, '290.00', '290.00', '0.0', 0, 2, 2, 3, 321, 60),
(1328, 'Denim Skater Miniskirt', 6588773, '1190.00', '1190.00', '0.0', 0, 2, 2, 3, 285, 35),
(1329, 'Faux Leather Skirt', 6592821, '114.00', '114.00', '0.0', 0, 2, 2, 3, 228, 1),
(1330, 'Rowley Stretch Cotton Skirt', 6593438, '145.00', '145.00', '0.0', 0, 2, 2, 3, 112, 265),
(1331, 'Irri Plaid Miniskirt', 6605793, '350.00', '350.00', '0.0', 0, 2, 2, 3, 226, 11),
(1332, 'Popcorn Stitch Sweater Knit Skirt', 6614040, '1690.00', '1690.00', '0.0', 0, 2, 2, 3, 286, 266),
(1333, 'Side Slit Rumpled Satin Slip Skirt', 6633122, '295.00', '295.00', '0.0', 0, 2, 2, 3, 26, 52),
(1334, 'Calico Animals Skirt', 6635588, '695.00', '695.00', '0.0', 0, 2, 2, 3, 320, 35),
(1335, 'Lacquered Denim Pillar Maxi Skirt', 6638917, '820.00', '820.00', '0.0', 0, 2, 2, 3, 170, 1),
(1336, 'Bias Cut Skirt', 6638933, '690.00', '690.00', '0.0', 0, 2, 2, 3, 170, 1),
(1337, 'Avas Faux Suede Minishirt', 6663070, '78.00', '78.00', '0.0', 0, 2, 2, 3, 1, 1),
(1338, 'Women\'s Cloud Colorblock Knit Wool Blend Miniskirt', 6694953, '295.00', '295.00', '0.0', 0, 2, 2, 3, 267, 35),
(1339, 'Ravima Clay Denim Skirt', 6701627, '175.00', '175.00', '0.0', 0, 2, 2, 3, 89, 267),
(1340, 'Olivia Flared Skirt', 6739886, '595.00', '595.00', '0.0', 0, 2, 2, 3, 258, 138),
(1341, 'Dancer Rib Knit Skirt', 6748218, '395.00', '395.00', '0.0', 0, 2, 2, 3, 148, 67),
(1342, 'Colorblock Tiered Cotton Wrap Skirt', 6750363, '238.00', '238.00', '0.0', 0, 2, 2, 3, 141, 6),
(1343, 'Chase Bias Cut Abstract Print Skirt', 6790068, '228.00', '228.00', '0.0', 0, 2, 2, 3, 275, 268),
(1344, 'Tussah Silk Knit Midi Skirt', 6839892, '1298.00', '1298.00', '0.0', 0, 2, 2, 3, 162, 149),
(1345, 'Pleated Midi Skirt', 4517265, '185.00', '185.00', '5.0', 1, 2, 2, 3, 133, 1),
(1346, 'Rosie HW x PAIGE Frederica Leather Skirt', 4739988, '598.00', '598.00', '0.0', 0, 2, 2, 3, 312, 1),
(1347, 'Ruffle Miniskirt', 5561176, '280.00', '280.00', '0.0', 0, 2, 2, 3, 171, 67),
(1348, 'Drew Wrap Skirt', 5620821, '208.00', '208.00', '5.0', 1, 2, 2, 3, 322, 269),
(1349, 'Leandra Midi Skirt', 5624980, '128.00', '128.00', '0.0', 0, 2, 2, 3, 100, 23),
(1350, 'Ruffle Wrap Skirt', 5710794, '295.00', '295.00', '0.0', 0, 2, 2, 3, 171, 1),
(1351, 'Chain Miniskirt', 5792100, '265.00', '265.00', '0.0', 0, 2, 2, 3, 119, 67),
(1352, 'Belted Leather Miniskirt', 5802599, '395.50', '565.00', '0.0', 0, 2, 2, 3, 171, 1),
(1353, 'Ruched Tulle Skirt', 5831732, '325.00', '325.00', '0.0', 0, 2, 2, 3, 79, 1),
(1354, 'Beachy Stripe Smocked Skirt', 5869416, '148.00', '148.00', '0.0', 0, 2, 2, 3, 323, 35),
(1355, 'Asymmetrical Gathered Skirt', 5871057, '325.00', '325.00', '0.0', 0, 2, 2, 3, 324, 60),
(1356, 'Tweed Pencil Skirt', 5880618, '198.00', '198.00', '2.0', 2, 2, 2, 3, 176, 138),
(1357, 'Cymone Long Cashmere Skirt', 5883148, '1390.00', '1390.00', '5.0', 1, 2, 2, 3, 304, 23),
(1358, 'Essentials Pull-On Midi Pencil Skirt', 5896298, '695.00', '695.00', '0.0', 0, 2, 2, 3, 163, 1),
(1359, 'Kammie Check Jacquard Tube Skirt', 5936516, '820.00', '820.00', '3.0', 1, 2, 2, 3, 269, 23),
(1360, 'Caroline Cotton Poplin Skirt', 5936778, '188.00', '188.00', '0.0', 0, 2, 2, 3, 325, 212),
(1361, 'Carmela Leather A-Line Skirt', 5951496, '640.00', '640.00', '0.0', 0, 2, 2, 3, 207, 60),
(1362, 'Ruffle Hem Tweed Knit Pencil Skirt', 5961239, '795.00', '795.00', '0.0', 0, 2, 2, 3, 273, 23),
(1363, 'Noe Tiered Midi Skirt', 5962633, '378.00', '378.00', '0.0', 0, 2, 2, 3, 219, 3),
(1364, 'Graphic Print Skirt', 5977820, '150.00', '375.00', '0.0', 0, 2, 2, 3, 109, 270),
(1365, 'High Waist Wrap Front Crepe Maxi Skirt', 6087640, '168.00', '168.00', '0.0', 0, 2, 2, 3, 47, 1),
(1366, 'Sequin Jersey Pencil Skirt', 6125362, '1990.00', '1990.00', '0.0', 0, 2, 2, 3, 326, 271),
(1367, 'Bandana Detail Pleated Asymmetric Skirt', 6185992, '1630.00', '1630.00', '0.0', 0, 2, 2, 3, 284, 1),
(1368, 'Mayslie Utility Raw Hem Denim Skirt', 6294347, '189.00', '189.00', '0.0', 0, 2, 2, 3, 312, 1),
(1369, 'Bettie Ribbed Cotton & Cashmere Skirt', 6412354, '188.00', '188.00', '5.0', 1, 2, 2, 3, 31, 49),
(1370, 'Knit Pencil Skirt', 6413606, '150.00', '150.00', '0.0', 0, 2, 2, 3, 133, 1),
(1371, 'Judith Embroidered Quilted Skirt', 6427383, '2920.00', '2920.00', '0.0', 0, 2, 2, 3, 318, 1),
(1372, 'A-Line Faux Leather Skirt', 6450623, '260.00', '260.00', '0.0', 0, 2, 2, 3, 214, 210),
(1373, 'Wool Blend Miniskirt', 6453455, '1300.00', '1300.00', '0.0', 0, 2, 2, 3, 327, 1),
(1374, 'Rena Skirt', 6461614, '725.00', '725.00', '0.0', 0, 2, 2, 3, 328, 50),
(1375, 'Semira Pleated Skirt', 6462497, '225.00', '225.00', '0.0', 0, 2, 2, 3, 56, 11),
(1376, 'Lambada Sequin Stripe Skirt', 6479214, '495.00', '495.00', '0.0', 0, 2, 2, 3, 329, 14),
(1377, 'Mariiah Front Button Leather Skirt', 6479360, '395.00', '395.00', '0.0', 0, 2, 2, 3, 89, 238),
(1378, 'Metallic Sweater Skirt', 6490706, '790.00', '790.00', '0.0', 0, 2, 2, 3, 330, 41),
(1379, 'Regie Pleated Wrap Skirt', 6490724, '390.00', '650.00', '0.0', 0, 2, 2, 3, 331, 31),
(1380, 'Sirella Mesh Fringe Skirt', 6490786, '309.00', '309.00', '0.0', 0, 2, 2, 3, 199, 1),
(1381, 'Clarissa Pleated Maxi Skirt', 6505524, '625.00', '625.00', '0.0', 0, 2, 2, 3, 258, 1),
(1382, 'Galena Knit Midi Skirt', 6505584, '475.00', '475.00', '0.0', 0, 2, 2, 3, 258, 67),
(1383, 'Annie Pleated Skirt', 6509484, '295.00', '295.00', '0.0', 0, 2, 2, 3, 332, 1),
(1384, 'Campania Lace Detail Faux Leather Skirt', 6509774, '735.00', '735.00', '0.0', 0, 2, 2, 3, 258, 1),
(1385, 'Adalynn Metallic Print Handkerchief Hem Skirt', 6525541, '197.97', '495.00', '0.0', 0, 2, 2, 3, 281, 19),
(1386, 'Tartan Sequin Miniskirt', 6535194, '128.00', '128.00', '0.0', 0, 2, 2, 3, 323, 11),
(1387, 'Postcard Ombré Silk & Linen Skirt', 6539019, '1150.00', '1150.00', '0.0', 0, 2, 2, 3, 148, 50),
(1388, 'Padlock Wool & Mohair Wrap Skirt', 6542436, '1190.00', '1190.00', '0.0', 0, 2, 2, 3, 284, 193),
(1389, 'Slvina Harris Maxi Skirt', 6546055, '215.00', '215.00', '0.0', 0, 2, 2, 3, 52, 1),
(1390, 'Ms Brooks Fringe Skirt', 6556052, '395.00', '395.00', '0.0', 0, 2, 2, 3, 127, 1),
(1391, 'Stripe Fringe Asymmetric Wrap Skirt', 6560693, '1490.00', '1490.00', '0.0', 0, 2, 2, 3, 333, 1),
(1392, 'Lambskin Leather Skirt', 6560694, '1890.00', '1890.00', '0.0', 0, 2, 2, 3, 333, 1),
(1393, 'Print Cotton Cover-Up Wrap Skirt', 6562056, '735.00', '735.00', '0.0', 0, 2, 2, 3, 334, 32),
(1394, 'Arley Scarf Print Cotton & Silk Voile Skirt', 6582119, '398.00', '398.00', '0.0', 0, 2, 2, 3, 219, 272),
(1395, 'Wool Skater Miniskirt', 6588781, '1160.00', '1160.00', '0.0', 0, 2, 2, 3, 285, 35),
(1396, 'Women\'s Gingham Check Midi Skirt', 6593924, '505.00', '505.00', '0.0', 0, 2, 2, 3, 335, 31),
(1397, 'Quilted Skirt', 6596002, '375.00', '375.00', '0.0', 0, 2, 2, 3, 161, 1),
(1398, 'Superfine Double Face Ruffle Detail Skirt', 6614070, '1690.00', '1690.00', '0.0', 0, 2, 2, 3, 286, 1),
(1399, 'Pottery Skirt 2 Knit Skirt', 6616690, '495.00', '495.00', '0.0', 0, 2, 2, 3, 336, 1),
(1400, 'Pixel Cotton Blend Knit Midi Skirt', 6619086, '465.00', '465.00', '0.0', 0, 2, 2, 3, 337, 23),
(1401, 'Asymmetric Ruffle Tulle Tutu Skirt', 6620478, '735.00', '735.00', '0.0', 0, 2, 2, 3, 338, 1),
(1402, 'Bea Bobcat Skirt', 6623897, '128.00', '128.00', '0.0', 0, 2, 2, 3, 2, 67),
(1403, 'Firework Print Satin Wrap Skirt', 6634986, '890.00', '890.00', '0.0', 0, 2, 2, 3, 257, 1),
(1404, 'Bandana Print Cotton Skirt', 6644745, '1020.00', '1020.00', '0.0', 0, 2, 2, 3, 244, 16),
(1405, 'Darma Crossover Skirt', 6646230, '225.00', '225.00', '0.0', 0, 2, 2, 3, 56, 35),
(1406, '4-Bar Plaid Drop Back Pleated Cotton Oxford Miniskirt', 6659684, '1100.00', '1100.00', '0.0', 0, 2, 2, 3, 309, 86),
(1407, '4-Bar Drop Back Pleated Cotton Twill Skirt', 6659697, '1300.00', '1300.00', '0.0', 0, 2, 2, 3, 309, 35),
(1408, 'Crystal Trim Wool Wrap Miniskirt', 6673367, '450.00', '450.00', '0.0', 0, 2, 2, 3, 339, 60),
(1409, 'Wavy Ombré Crochet Miniskirt', 6685405, '420.00', '420.00', '0.0', 0, 2, 2, 3, 340, 6),
(1410, 'Maxi Monogram Jacquard Wool Blend Miniskirt', 6686757, '1250.00', '1250.00', '0.0', 0, 2, 2, 3, 263, 1),
(1411, 'Vinsky Pleated High Waist A-Line Skirt', 6690216, '2590.00', '2590.00', '0.0', 0, 2, 2, 3, 304, 86),
(1412, 'Zebra Jacquard Cotton & Silk Skirt', 6695224, '890.00', '890.00', '0.0', 0, 2, 2, 3, 333, 30),
(1413, 'Tiered Tulle Midi Skirt', 6776497, '985.00', '985.00', '0.0', 0, 2, 2, 3, 341, 67),
(1414, 'Eneta Drawstring Cotton Skirt', 6785638, '138.00', '138.00', '0.0', 0, 2, 2, 3, 65, 204),
(1415, 'Zebra Swirl Knit Skirt', 6789177, '198.00', '198.00', '0.0', 0, 2, 2, 3, 97, 21),
(1416, 'Crinkled Silk Skirt', 6803226, '570.00', '570.00', '0.0', 0, 2, 2, 3, 342, 1),
(1417, 'Pleated Skirt', 3790078, '395.00', '395.00', '4.3', 4, 2, 2, 3, 26, 1),
(1418, 'Fringe Hem Leather Skirt', 5053112, '595.00', '595.00', '0.0', 0, 2, 2, 3, 64, 21),
(1419, 'Leather Skirt', 5225810, '795.00', '795.00', '0.0', 0, 2, 2, 3, 51, 11),
(1420, 'Vesuvius Geo Print Pleated Midi Skirt', 5393263, '385.00', '385.00', '0.0', 0, 2, 2, 3, 343, 1),
(1421, 'Reyna Tartan & Metallic Pleated Skirt', 5403007, '495.00', '495.00', '0.0', 0, 2, 2, 3, 230, 35),
(1422, 'Miniskirt', 5568153, '275.00', '275.00', '0.0', 0, 2, 2, 3, 51, 6),
(1423, 'Asymmetrical Waist Skirt', 5696966, '505.00', '505.00', '0.0', 0, 2, 2, 3, 344, 1),
(1424, 'High Waist Grain de Poudre Wool Pencil Skirt', 5771608, '1350.00', '1350.00', '0.0', 0, 2, 2, 3, 263, 1),
(1425, 'Polka Dot Print Faille Skirt', 5776340, '990.00', '990.00', '0.0', 0, 2, 2, 3, 297, 35),
(1426, 'Conch Print Cotton Cover-Up Wrap Skirt', 5841902, '660.00', '660.00', '0.0', 0, 2, 2, 3, 334, 273),
(1427, 'Faux Leather Midi Skirt', 5908285, '595.00', '595.00', '0.0', 0, 2, 2, 3, 106, 1),
(1428, 'Kammie Check High Waist Pencil Skirt', 5936448, '820.00', '820.00', '0.0', 0, 2, 2, 3, 269, 15),
(1429, 'Leon Stripe Miniskirt', 5937048, '250.00', '250.00', '0.0', 0, 2, 2, 3, 267, 50),
(1430, '4G Logo Guipure Lace Miniskirt', 5938147, '1290.00', '1290.00', '0.0', 0, 2, 2, 3, 284, 6),
(1431, 'Albizia Print Organic Cotton Cover-Up Skirt', 5948030, '820.00', '820.00', '0.0', 0, 2, 2, 3, 334, 31),
(1432, 'Verdier Belted Stretch Virgin Wool Skirt', 5950391, '223.50', '745.00', '0.0', 0, 2, 2, 3, 86, 1),
(1433, 'Ashlee Embroidered Cotton & Silk Circle Skirt', 5962635, '358.00', '358.00', '0.0', 0, 2, 2, 3, 219, 1),
(1434, 'Tandy Dot Print Satin Skirt', 5963169, '268.50', '895.00', '0.0', 0, 2, 2, 3, 279, 274),
(1435, 'Limani Asymmetric Skirt', 5965181, '192.50', '350.00', '0.0', 0, 2, 2, 3, 71, 209),
(1436, 'Geometric 3D Knit Skirt', 5974747, '2090.00', '2090.00', '0.0', 0, 2, 2, 3, 285, 1),
(1437, 'Asymmetric Hem Metallic Jersey Skirt', 6125380, '995.00', '995.00', '0.0', 0, 2, 2, 3, 326, 35),
(1438, 'Lace-Up Coated Cotton Miniskirt', 6126175, '1075.00', '1075.00', '0.0', 0, 2, 2, 3, 252, 3),
(1439, 'Caluso Cashmere & Silk Knit Midi Skirt', 6137720, '1693.00', '1693.00', '0.0', 0, 2, 2, 3, 304, 67),
(1440, 'Damaris Rib Cotton & Cashmere Blend Skirt', 6153229, '1790.00', '1790.00', '0.0', 0, 2, 2, 3, 304, 168),
(1441, 'Jackie Print Skirt', 6241912, '348.00', '348.00', '0.0', 0, 2, 2, 3, 219, 35),
(1442, 'Zip Detail Wool Miniskirt', 6265405, '1145.00', '1145.00', '0.0', 0, 2, 2, 3, 252, 1),
(1443, 'Laminated Miniskirt', 6265406, '1075.00', '1075.00', '0.0', 0, 2, 2, 3, 252, 52),
(1444, 'Union Jack Asymmetric Skirt', 6295487, '1650.00', '1650.00', '0.0', 0, 2, 2, 3, 269, 1),
(1445, 'Margaux Silk Taffeta Skirt', 6298084, '275.00', '275.00', '0.0', 0, 2, 2, 3, 224, 1),
(1446, 'HYKE Pleated Skirt', 6429781, '800.00', '800.00', '0.0', 0, 2, 2, 3, 305, 135),
(1447, 'Chevron V Archive 1973 Silk Skirt', 6453476, '2900.00', '2900.00', '0.0', 0, 2, 2, 3, 327, 31),
(1448, 'Tweed Pois Miniskirt', 6453493, '1790.00', '1790.00', '0.0', 0, 2, 2, 3, 327, 10),
(1449, 'Peonies Blanket Cotton Blend Lace Skirt', 6453502, '2200.00', '2200.00', '0.0', 0, 2, 2, 3, 327, 10),
(1450, 'Ruffle Stretch Cotton Skirt', 6453785, '990.00', '990.00', '0.0', 0, 2, 2, 3, 250, 133),
(1451, 'Mosaic Monogram Jacquard Knit Miniskirt', 6487525, '1150.00', '1150.00', '0.0', 0, 2, 2, 3, 263, 21),
(1452, 'Laminated Monogram Rib Skirt', 6487527, '1995.00', '1995.00', '0.0', 0, 2, 2, 3, 263, 52),
(1453, 'Monogram Jacquard Knit Miniskirt', 6487534, '1250.00', '1250.00', '0.0', 0, 2, 2, 3, 263, 23),
(1454, 'Pointelle Rib Sweater Skirt', 6487565, '1695.00', '1695.00', '0.0', 0, 2, 2, 3, 263, 1),
(1455, 'Nimb Leather Midi Skirt', 6501180, '545.00', '545.00', '0.0', 0, 2, 2, 3, 63, 11),
(1456, 'Rosie Quilted Patchwork Midi Skirt', 6503502, '2070.00', '2070.00', '0.0', 0, 2, 2, 3, 318, 6),
(1457, 'Georgia Silk Skirt', 6506986, '318.00', '318.00', '0.0', 0, 2, 2, 3, 160, 275),
(1458, 'Diagonal FF Jacquard Sweater Skirt', 6507636, '1350.00', '1350.00', '0.0', 0, 2, 2, 3, 260, 23),
(1459, 'St. John Collection Sequin Knit Midi Skirt', 6508428, '995.00', '995.00', '0.0', 0, 2, 2, 3, 240, 86),
(1460, 'Texel Tiered Cotton Skirt', 6526625, '260.00', '260.00', '0.0', 0, 2, 2, 3, 345, 11),
(1461, 'Sequin Midi Skirt', 6544759, '980.00', '980.00', '0.0', 0, 2, 2, 3, 316, 60),
(1462, 'Tima Cotton Denim Skirt', 6551896, '650.00', '650.00', '0.0', 0, 2, 2, 3, 304, 16),
(1463, 'Selrita Leather Pencil Skirt', 6556394, '595.00', '595.00', '0.0', 0, 2, 2, 3, 65, 68),
(1464, 'Pleated Virgin Wool Skirt', 6560710, '1290.00', '1290.00', '0.0', 0, 2, 2, 3, 333, 1),
(1465, 'Asymmetric Stretch Silk Satin Skirt', 6561722, '435.00', '435.00', '0.0', 0, 2, 2, 3, 161, 1),
(1466, 'Faux Wrap Leather Midi Skirt', 6567094, '1250.00', '1250.00', '0.0', 0, 2, 2, 3, 210, 59),
(1467, 'Tiered Ruffle Cotton Blend Poplin Skirt', 6568775, '395.00', '395.00', '0.0', 0, 2, 2, 3, 243, 1),
(1468, 'Pleated Faille Skirt', 6580349, '1170.00', '1170.00', '0.0', 0, 2, 2, 3, 317, 1),
(1469, 'Rersby Swan Print Colorblock Pleated Skirt', 6581274, '1290.00', '1290.00', '0.0', 0, 2, 2, 3, 269, 5),
(1470, 'Pixelated Shell Print Pleated Midi Skirt', 6582676, '1850.00', '1850.00', '0.0', 0, 2, 2, 3, 346, 16),
(1471, 'Cutout Cotton Poplin Midi Skirt', 6588769, '2740.00', '2740.00', '0.0', 0, 2, 2, 3, 285, 16),
(1472, 'Trompe l\'Oeil Denim A-Line Miniskirt', 6604267, '1090.00', '1090.00', '0.0', 0, 2, 2, 3, 317, 276),
(1473, 'Metallic Bouclé Knit Pencil Skirt', 6613984, '595.00', '595.00', '0.0', 0, 2, 2, 3, 273, 60),
(1474, 'Metallic Sequin Pleated Midi Skirt', 6632755, '1670.00', '1670.00', '0.0', 0, 2, 2, 3, 187, 1),
(1475, 'x Fondation Vasarely Ferde Mini Skirt', 6635104, '920.00', '920.00', '0.0', 0, 2, 2, 3, 257, 31),
(1476, 'Rhodo Assembly Metal Disc Miniskirt', 6635117, '1360.00', '1360.00', '0.0', 0, 2, 2, 3, 257, 1),
(1477, 'Blue Moon Pansy Skirt', 6635194, '950.00', '950.00', '0.0', 0, 2, 2, 3, 257, 35),
(1478, 'Magnolia Floral Print Tiered Stretch Cotton Midi Skirt', 6644116, '2990.00', '2990.00', '0.0', 0, 2, 2, 3, 250, 252),
(1479, 'Cotton Jaquard Wrap Skirt', 6644631, '795.00', '795.00', '0.0', 0, 2, 2, 3, 244, 31),
(1480, 'Astro Pleat Miniskirt', 6657504, '425.00', '425.00', '0.0', 0, 2, 2, 3, 161, 277),
(1481, 'Micro 4-Bar Check Drop Back Pleated Wool Miniskirt', 6659690, '1490.00', '1490.00', '0.0', 0, 2, 2, 3, 309, 35),
(1482, 'Drop Back Pleated Cotton Blend Miniskirt', 6659728, '750.00', '750.00', '0.0', 0, 2, 2, 3, 309, 6),
(1483, 'Thicker 1 Pleated Skirt', 6673556, '385.00', '385.00', '0.0', 0, 2, 2, 3, 347, 1),
(1484, 'Pova Gathered Stretch Silk Skirt', 6690214, '3990.00', '3990.00', '0.0', 0, 2, 2, 3, 304, 1),
(1485, 'Belted Double Knit Pencil Skirt', 6724848, '1350.00', '1350.00', '0.0', 0, 2, 2, 3, 260, 10),
(1486, 'Highland Perforated Suede Midi Skirt', 6750426, '2798.00', '2798.00', '0.0', 0, 2, 2, 3, 162, 35),
(1487, 'Semita Belted Suede Skirt', 6785637, '595.00', '595.00', '0.0', 0, 2, 2, 3, 65, 131),
(1488, 'Eliz Ruffle Skirt', 6814929, '465.00', '465.00', '0.0', 0, 2, 2, 3, 205, 278),
(1489, 'Leopard Print Denim Miniskirt', 5274198, '205.00', '205.00', '0.0', 0, 2, 2, 3, 102, 23),
(1490, 'Stripe Panel Drop Back Miniskirt', 5520695, '750.00', '750.00', '0.0', 0, 2, 2, 3, 309, 279),
(1491, 'Asymmetrical Distressed Denim Miniskirt', 5538604, '365.00', '365.00', '0.0', 0, 2, 2, 3, 348, 264),
(1492, 'Ruched Skirt', 5605503, '165.00', '275.00', '0.0', 0, 2, 2, 3, 161, 51),
(1493, 'Tweedle Knit Miniskirt', 5817997, '250.00', '250.00', '0.0', 0, 2, 2, 3, 267, 23),
(1494, 'Rosie Button Front Lambswool Midi Skirt', 5818067, '425.00', '425.00', '0.0', 0, 2, 2, 3, 267, 1),
(1495, 'Tulle Print Cotton Skirt', 5868941, '2090.00', '2090.00', '0.0', 0, 2, 2, 3, 317, 280),
(1496, 'Engineered Sculpted Knit Pencil Skirt', 5869046, '1190.00', '1190.00', '0.0', 0, 2, 2, 3, 317, 1),
(1497, 'Washed Parachute Miniskirt', 5878690, '330.00', '1100.00', '0.0', 0, 2, 2, 3, 254, 67),
(1498, 'Kristen Logo Knit Skirt', 5882526, '720.00', '720.00', '5.0', 1, 2, 2, 3, 269, 67),
(1499, 'Crepe Couture Miniskirt', 5913360, '1400.00', '1400.00', '0.0', 0, 2, 2, 3, 327, 1),
(1500, 'Palomino Leather Midi Skirt', 5949245, '1150.00', '1150.00', '0.0', 0, 2, 2, 3, 210, 23),
(1501, 'Logo Buttons Skirt', 5949869, '1350.00', '1350.00', '0.0', 0, 2, 2, 3, 263, 1),
(1502, 'Step Hem Pleated Gabardine Miniskirt', 5960370, '401.62', '1190.00', '0.0', 0, 2, 2, 3, 290, 264),
(1503, 'Geometric Jacquard Knit Midi Skirt', 5974755, '2290.00', '2290.00', '0.0', 0, 2, 2, 3, 285, 6),
(1504, 'Side Zip Wool & Cashmere Pencil Minskirt', 5974761, '1990.00', '1990.00', '0.0', 0, 2, 2, 3, 285, 1),
(1505, 'Slash Hem Wool Blend Trumpet Skirt', 5974800, '2170.00', '2170.00', '0.0', 0, 2, 2, 3, 285, 10),
(1506, 'Origami Pleat Knit Midi Skirt', 5974817, '3180.00', '3180.00', '0.0', 0, 2, 2, 3, 285, 10),
(1507, 'Cheetah Print Cupro A-Line Miniskirt', 5974819, '2460.00', '2460.00', '0.0', 0, 2, 2, 3, 285, 67),
(1508, 'Stan High Waist Skirt', 5975176, '462.50', '925.00', '0.0', 0, 2, 2, 3, 310, 67),
(1509, 'Scilla Sequin Pencil Skirt', 5975230, '599.00', '1198.00', '0.0', 0, 2, 2, 3, 310, 11),
(1510, 'Sonia Floral Print Pleat Button Front Cotton Skirt', 5977104, '452.25', '1340.00', '0.0', 0, 2, 2, 3, 349, 10),
(1511, 'Tweed Miniskirt', 6092632, '495.00', '495.00', '4.0', 1, 2, 2, 3, 106, 35),
(1512, 'Knot Front Velvet Wrap Skirt', 6124896, '895.00', '895.00', '0.0', 0, 2, 2, 3, 350, 183),
(1513, 'Open Front Boiled Wool Blend Pencil Skirt', 6124904, '695.00', '695.00', '0.0', 0, 2, 2, 3, 350, 67),
(1514, 'Denim Mini Skirt', 6148038, '210.00', '210.00', '0.0', 0, 2, 2, 3, 226, 1),
(1515, 'Mohair Blend Knit Midi Skirt', 6148283, '1450.00', '1450.00', '0.0', 0, 2, 2, 3, 260, 67),
(1516, 'Haya Ruffle Midi Skirt', 6152978, '335.62', '895.00', '0.0', 0, 2, 2, 3, 217, 60),
(1517, 'Kaddu Virgin Wool Blend Skirt', 6153178, '1650.00', '1650.00', '0.0', 0, 2, 2, 3, 304, 23),
(1518, 'Tinna Virgin Wool Flannel Skirt', 6153214, '990.00', '990.00', '0.0', 0, 2, 2, 3, 304, 95),
(1519, '4G Logo Denim Miniskirt', 6185384, '995.00', '995.00', '0.0', 0, 2, 2, 3, 284, 1),
(1520, 'Faux Fur Trim Metallic Tweed Miniskirt', 6241429, '1390.00', '1390.00', '0.0', 0, 2, 2, 3, 297, 35),
(1521, 'Lace-Up Stretch Satin Skirt', 6265420, '1225.00', '1225.00', '0.0', 0, 2, 2, 3, 252, 1),
(1522, 'Pleated Merino Wool Skirt', 6265883, '990.00', '990.00', '0.0', 0, 2, 2, 3, 309, 1),
(1523, 'Silas Satin Skirt', 6266138, '272.50', '545.00', '0.0', 0, 2, 2, 3, 310, 31),
(1524, 'Zip Front Square Knit Sweater Miniskirt', 6416091, '1350.00', '1350.00', '0.0', 0, 2, 2, 3, 263, 21),
(1525, 'Logo Graphic French Terry Skirt', 6429256, '445.00', '445.00', '0.0', 0, 2, 2, 3, 186, 1),
(1526, 'Roman Stud Pleated Wool Blend Tweed Miniskirt', 6453516, '1490.00', '1490.00', '0.0', 0, 2, 2, 3, 327, 66),
(1527, 'Asymmetric Button Cotton Denim Midi Skirt', 6475082, '895.00', '895.00', '0.0', 0, 2, 2, 3, 326, 7),
(1528, 'Mirror Trapezoid Cotton Midi Skirt', 6475087, '1990.00', '1990.00', '0.0', 0, 2, 2, 3, 326, 107),
(1529, 'Cotton Blend Tweed Asymmetric Miniskirt', 6487560, '1695.00', '1695.00', '0.0', 0, 2, 2, 3, 263, 35),
(1530, 'Metallic Tweed Miniskirt', 6487578, '1550.00', '1550.00', '0.0', 0, 2, 2, 3, 263, 281),
(1531, 'Quilted Logo Monogram Faux Wrap Leather Miniskirt', 6487627, '2550.00', '2550.00', '0.0', 0, 2, 2, 3, 263, 1),
(1532, 'Bouclé Slub Knit Fringe Hem Skirt', 6493449, '750.00', '750.00', '0.0', 0, 2, 2, 3, 273, 10),
(1533, 'Ruffle Hem Tweed Knit Pencil Skirt', 6493477, '795.00', '795.00', '0.0', 0, 2, 2, 3, 273, 1),
(1534, 'Bouclé Slub Knit Skirt', 6508597, '595.00', '595.00', '0.0', 0, 2, 2, 3, 273, 1),
(1535, 'Wafers Midi Skirt', 6510951, '535.00', '535.00', '0.0', 0, 2, 2, 3, 347, 32),
(1536, 'Giant Crystal Buckle Stretch Virgin Wool Miniskirt', 6514824, '780.00', '780.00', '0.0', 0, 2, 2, 3, 301, 1),
(1537, 'Fever Dream Print Slip Skirt', 6527345, '177.75', '395.00', '0.0', 0, 2, 2, 3, 193, 11),
(1538, 'Postcard Floral Appliqué Linen & Silk Skirt', 6539063, '1950.00', '1950.00', '0.0', 0, 2, 2, 3, 148, 10),
(1539, 'Gathered Techno Jersey Miniskirt', 6547976, '1280.00', '1280.00', '0.0', 0, 2, 2, 3, 303, 1),
(1540, 'Illusion Mesh Bonded Miniskirt', 6548036, '1130.00', '1130.00', '0.0', 0, 2, 2, 3, 303, 1),
(1541, 'Parma Stretch Virgin Wool Midi Skirt', 6551904, '1650.00', '1650.00', '0.0', 0, 2, 2, 3, 304, 23),
(1542, 'Chain Cotton Tweed Miniskirt', 6556199, '1550.00', '1550.00', '0.0', 0, 2, 2, 3, 189, 1),
(1543, 'Cubmia Sobre El Mar Silk Maxi Skirt', 6567097, '1250.00', '1250.00', '0.0', 0, 2, 2, 3, 210, 35),
(1544, 'Casia Quilted Nylon Blend Twill Miniskirt', 6581285, '680.00', '680.00', '0.0', 0, 2, 2, 3, 269, 34),
(1545, 'Alisa Deer Print Stretch Silk A-Line Skirt', 6581320, '1550.00', '1550.00', '0.0', 0, 2, 2, 3, 269, 67),
(1546, 'Leopard Print Genuine Calf Hair Miniskirt', 6588770, '2870.00', '2870.00', '0.0', 0, 2, 2, 3, 285, 23),
(1547, 'Chain Trim Wool Knit Miniskirt', 6591242, '1700.00', '1700.00', '0.0', 0, 2, 2, 3, 254, 31),
(1548, 'Monili Beaded Silk Chiffon Maxi Skirt', 6617018, '2095.00', '2095.00', '0.0', 0, 2, 2, 3, 351, 23),
(1549, 'Soutach Trim Tulle Tutu Miniskirt', 6620508, '1335.00', '1335.00', '0.0', 0, 2, 2, 3, 338, 67),
(1550, 'Ribbed Wool Blend Sacriskirt', 6638936, '650.00', '650.00', '0.0', 0, 2, 2, 3, 170, 183),
(1551, 'Side Pleated Nylon Twill Skirt', 6644630, '895.00', '895.00', '0.0', 0, 2, 2, 3, 244, 67),
(1552, 'Malia Cotton Blend Midi Skirt', 6646659, '695.00', '695.00', '0.0', 0, 2, 2, 3, 279, 192),
(1553, 'Step Hem Pleated Wool Blend Miniskirt', 6659723, '1110.00', '1110.00', '0.0', 0, 2, 2, 3, 309, 35),
(1554, 'Djembe Hand Crochet Cotton Skirt', 6662093, '940.00', '940.00', '0.0', 0, 2, 2, 3, 274, 23),
(1555, 'Women\'s Sunrise Wrap Skirt', 6662098, '795.00', '795.00', '0.0', 0, 2, 2, 3, 274, 63),
(1556, 'Stretch Wool Miniskirt', 6662944, '695.00', '695.00', '0.0', 0, 2, 2, 3, 86, 195),
(1557, 'Saturn Smocked Cotton Skirt', 6664922, '1095.00', '1095.00', '0.0', 0, 2, 2, 3, 310, 16),
(1558, 'Cycling Recycled Polyester Miniskirt', 6714406, '655.00', '655.00', '0.0', 0, 2, 2, 3, 352, 1),
(1559, 'Bleach Out Colorblock Rib Cotton Midi Skirt', 6757552, '925.00', '925.00', '0.0', 0, 2, 2, 3, 353, 11),
(1560, 'Gathered Ruffle Faille Skirt', 6774820, '2990.00', '2990.00', '0.0', 0, 2, 2, 3, 317, 1),
(1561, '\'Venice\' Lambskin Leather Miniskirt', 3578816, '450.00', '450.00', '5.0', 1, 2, 2, 3, 354, 1),
(1562, 'Colored Wash Denim Skirt', 5216394, '270.00', '270.00', '0.0', 0, 2, 2, 3, 102, 105),
(1563, 'Barco Print Pleated Silk Miniskirt', 5327249, '1250.00', '1250.00', '3.0', 1, 2, 2, 3, 189, 6),
(1564, 'Magdalena Reconstructed Denim Midi Skirt', 5341845, '480.00', '480.00', '0.0', 0, 2, 2, 3, 239, 282),
(1565, 'Logo Button Leather Miniskirt', 5412545, '1895.00', '1895.00', '0.0', 0, 2, 2, 3, 284, 1),
(1566, 'Scarf Hem Crepe Miniskirt', 5429507, '825.00', '825.00', '0.0', 0, 2, 2, 3, 189, 1),
(1567, 'Zip Detail Pleated Skirt', 5683512, '730.00', '730.00', '0.0', 0, 2, 2, 3, 244, 1),
(1568, 'Miniskirt', 5763877, '401.62', '1530.00', '0.0', 0, 2, 2, 3, 284, 1),
(1569, 'License Logo Denim Skirt', 5806268, '695.00', '695.00', '0.0', 0, 2, 2, 3, 202, 30),
(1570, 'Cashmere Knit Pencil Skirt', 5838333, '477.00', '1590.00', '0.0', 0, 2, 2, 3, 326, 86),
(1571, 'Tied Up High Waist Poplin Skirt', 5860162, '1550.00', '1550.00', '0.0', 0, 2, 2, 3, 202, 283),
(1572, 'Faille Skirt', 5868942, '980.00', '980.00', '0.0', 0, 2, 2, 3, 317, 1),
(1573, 'Brocade & Jacquard Patchwork Skirt', 5896392, '1225.00', '1225.00', '0.0', 0, 2, 2, 3, 252, 16),
(1574, 'Floral Cover-Up Skirt', 5923594, '640.00', '640.00', '0.0', 0, 2, 2, 3, 187, 1),
(1575, 'Space Dye Stripe Cover-Up Skirt', 5923618, '770.00', '770.00', '0.0', 0, 2, 2, 3, 187, 60),
(1576, 'Archive Letters Logo Fringe Poplin Wrap Maxi Skirt', 5940594, '1090.00', '1090.00', '0.0', 0, 2, 2, 3, 202, 21),
(1577, 'Belted Lambskin Leather Faux Wrap Miniskirt', 5949884, '1995.00', '1995.00', '0.0', 0, 2, 2, 3, 263, 1),
(1578, 'x Sarah Coleman FF Vertigo Stretch Cotton Cargo Skirt', 5951241, '980.00', '980.00', '0.0', 0, 2, 2, 3, 260, 31),
(1579, 'Patchwork Denim Maxi Skirt', 5957851, '990.00', '990.00', '0.0', 0, 2, 2, 3, 355, 35),
(1580, 'Wool Blend Bouclé Miniskirt', 5958013, '1500.00', '1500.00', '0.0', 0, 2, 2, 3, 327, 284),
(1581, 'St. John Collection Sequin Pleated Knit Skirt', 5961648, '2195.00', '2195.00', '0.0', 0, 2, 2, 3, 240, 1),
(1582, 'Bouclé Knit Pencil Skirt', 5961820, '695.00', '695.00', '0.0', 0, 2, 2, 3, 273, 1),
(1583, 'Drop Back Pleated Cotton Miniskirt', 5962947, '750.00', '750.00', '0.0', 0, 2, 2, 3, 309, 264),
(1584, 'Isobel Butterfly Asymmetrical Pleat Georgette Skirt', 5963625, '538.50', '1795.00', '0.0', 0, 2, 2, 3, 279, 88),
(1585, 'Fringe Virgin Wool Blend Skirt', 5978787, '2145.00', '2145.00', '0.0', 0, 2, 2, 3, 351, 12),
(1586, 'Sam Button Detail A-Line Miniskirt', 6018041, '680.00', '680.00', '0.0', 0, 2, 2, 3, 239, 16),
(1587, 'Velour Midi Skirt', 6109623, '325.00', '325.00', '0.0', 0, 2, 2, 3, 315, 1),
(1588, 'PVC Pencil Skirt', 6124911, '630.00', '630.00', '0.0', 0, 2, 2, 3, 350, 32),
(1589, 'Pleated Tulle & Jersey A-Line Skirt', 6125338, '2990.00', '2990.00', '0.0', 0, 2, 2, 3, 326, 52),
(1590, 'Liquid Light Print Cotton Denim Skirt', 6125370, '1490.00', '1490.00', '0.0', 0, 2, 2, 3, 326, 50),
(1591, 'Leopard Print Jersey Miniskirt', 6126196, '795.00', '795.00', '0.0', 0, 2, 2, 3, 252, 23),
(1592, 'Luun Virgin Wool & Alpaca Midi Skirt', 6153206, '1690.00', '1690.00', '0.0', 0, 2, 2, 3, 304, 285),
(1593, 'Drop Back Pleated Merino Wool Skirt', 6265691, '750.00', '750.00', '0.0', 0, 2, 2, 3, 309, 1),
(1594, 'Spany Sequin Feather Trim Skirt', 6266096, '617.50', '1235.00', '0.0', 0, 2, 2, 3, 310, 6),
(1595, 'La Greca Monogram Print Pleated Miniskirt', 6291281, '1495.00', '1495.00', '0.0', 0, 2, 2, 3, 189, 1),
(1596, 'Zip Front Metallic Tweed Miniskirt', 6416098, '1795.00', '1795.00', '0.0', 0, 2, 2, 3, 263, 11),
(1597, 'Metallic Cable Knit Virgin Wool Blend Midi Skirt', 6416165, '1995.00', '1995.00', '0.0', 0, 2, 2, 3, 263, 16),
(1598, 'Draped Chain Cotton Fleece Skirt', 6423766, '460.00', '460.00', '0.0', 0, 2, 2, 3, 320, 1),
(1599, 'Merino Wool Blend Knit Skirt', 6445831, '300.37', '890.00', '0.0', 0, 2, 2, 3, 333, 44),
(1600, 'Timeless Virgin Wool & Silk Blend Tweed Miniskirt', 6453495, '1980.00', '1980.00', '0.0', 0, 2, 2, 3, 327, 66),
(1601, 'V Optical Heavy Lace Skirt', 6453504, '3500.00', '3500.00', '0.0', 0, 2, 2, 3, 327, 63),
(1602, 'x Dingyun Zhang Crystal Embellished Quilted Down Puffer Miniskirt', 6465074, '1250.00', '1250.00', '0.0', 0, 2, 2, 3, 301, 16),
(1603, 'Plaid Cotton Flannel Maxi Skirt', 6478336, '425.00', '425.00', '0.0', 0, 2, 2, 3, 348, 11),
(1604, 'St. John Collection Milano Knit Pencil Skirt', 6508427, '795.00', '795.00', '0.0', 0, 2, 2, 3, 240, 10),
(1605, 'Crystal Trim Fringe Tweed Miniskirt', 6514805, '780.00', '780.00', '0.0', 0, 2, 2, 3, 301, 6),
(1606, 'Stretch Cotton Denim Miniskirt', 6544548, '590.00', '590.00', '0.0', 0, 2, 2, 3, 302, 286),
(1607, 'Tassenka Rib Midi Skirt', 6547340, '895.00', '895.00', '0.0', 0, 2, 2, 3, 279, 1),
(1608, 'Dione Sequin Knit Maxi Skirt', 6547352, '995.00', '995.00', '0.0', 0, 2, 2, 3, 279, 247),
(1609, 'Floral Print Cotton Poplin Miniskirt', 6550044, '945.00', '945.00', '0.0', 0, 2, 2, 3, 252, 1),
(1610, 'Ima Soft Suede Midi Skirt', 6551895, '3450.00', '3450.00', '0.0', 0, 2, 2, 3, 304, 1),
(1611, 'Climbing High Print Silk Cascade Skirt', 6557033, '1290.00', '1290.00', '0.0', 0, 2, 2, 3, 290, 143),
(1612, 'Layered Asymmetric Midi Skirt', 6575973, '835.00', '835.00', '0.0', 0, 2, 2, 3, 356, 1),
(1613, 'Winifred Check Pleated Long Wool Kilt', 6581258, '1550.00', '1550.00', '0.0', 0, 2, 2, 3, 269, 23),
(1614, 'Pleated Quilted Hem A-Line Skirt', 6584771, '1205.00', '1205.00', '0.0', 0, 2, 2, 3, 357, 23);
INSERT INTO `skirts` (`skirts_id`, `product_name`, `sku`, `price_current_usd`, `price_retail_usd`, `review_rating`, `review_count`, `department_id`, `category_id`, `sub_category_id`, `skirts_brand_id`, `skirts_color_id`) VALUES
(1615, '3D Python Pattern Skirt', 6588774, '1790.00', '1790.00', '0.0', 0, 2, 2, 3, 285, 1),
(1616, 'Cotton Poplin Skater Miniskirt', 6588798, '1990.00', '1990.00', '0.0', 0, 2, 2, 3, 285, 16),
(1617, 'Textured Tweed Knit Miniskirt', 6592866, '795.00', '795.00', '0.0', 0, 2, 2, 3, 273, 287),
(1618, 'Belted Cotton & Linen A-Line Skirt', 6619889, '1795.00', '1795.00', '0.0', 0, 2, 2, 3, 351, 67),
(1619, 'Satin Ribbon Cotton Midi Skirt', 6620469, '1185.00', '1185.00', '0.0', 0, 2, 2, 3, 338, 16),
(1620, 'Stripe Plissé Cover-Up Maxi Skirt', 6632750, '860.00', '860.00', '0.0', 0, 2, 2, 3, 187, 16),
(1621, 'x Fondation Vasarely Ruched Sunny Pansy Chain Detail Jersey Skirt', 6635075, '990.00', '990.00', '0.0', 0, 2, 2, 3, 257, 60),
(1622, '3D Python Pattern Midi Skirt', 6642759, '3160.00', '3160.00', '0.0', 0, 2, 2, 3, 285, 1),
(1623, 'Magnolia Guipure Lace Pencil Skirt', 6644057, '1090.00', '1090.00', '0.0', 0, 2, 2, 3, 250, 11),
(1624, '4-Bar Half Pleated Cotton Twill Miniskirt', 6659680, '1150.00', '1150.00', '0.0', 0, 2, 2, 3, 309, 35),
(1625, 'Thom Brown 4-Bar Split Hem Pleat Wool Miniskirt', 6659737, '1290.00', '1290.00', '0.0', 0, 2, 2, 3, 309, 86),
(1626, 'Step Hem Pleated Drop Back Miniskirt', 6659739, '1350.00', '1350.00', '0.0', 0, 2, 2, 3, 309, 35),
(1627, 'Bouclé Slub Knit Pencil Skirt', 6667603, '895.00', '895.00', '0.0', 0, 2, 2, 3, 273, 10),
(1628, 'Embellished Brocade Miniskirt', 6688432, '4995.00', '4995.00', '0.0', 0, 2, 2, 3, 252, 23),
(1629, 'Sunday Silk & Linen Maxi Skirt', 6690253, '2950.00', '2950.00', '0.0', 0, 2, 2, 3, 304, 1),
(1630, 'Estafer Silk Knit Maxi Skirt', 6690254, '2590.00', '2590.00', '0.0', 0, 2, 2, 3, 304, 1),
(1631, 'Scilla Sequin Pencil Skirt', 6739827, '599.00', '1198.00', '0.0', 0, 2, 2, 3, 310, 67),
(1632, 'Monogram Pointelle Skirt', 6803227, '550.00', '550.00', '0.0', 0, 2, 2, 3, 342, 67),
(1633, 'Madrid Crepe Skirt', 5698743, '89.00', '89.00', '0.0', 0, 2, 2, 3, 154, 1),
(1634, 'Wool & Cashmere Fit & Flare Skirt', 5974763, '3180.00', '3180.00', '0.0', 0, 2, 2, 3, 285, 86),
(1635, 'Silk Taffeta Ballgown Skirt', 6089636, '2390.00', '2390.00', '0.0', 0, 2, 2, 3, 302, 123),
(1636, 'Watch Me Wow Satin Midi Skirt', 6528963, '20.90', '38.00', '0.0', 0, 2, 2, 3, 23, 1),
(1637, 'Watch Me Wow Satin Midi Skirt', 6528963, '24.99', '38.00', '0.0', 0, 2, 2, 3, 23, 1),
(1638, 'Over Under Cinch Hem Maternity Skirt', 5591701, '85.00', '85.00', '4.2', 12, 2, 2, 3, 248, 23),
(1639, 'Over Under Cinch Hem Maternity Skirt', 5591701, '82.00', '82.00', '4.2', 12, 2, 2, 3, 248, 23),
(1640, 'Sparkle Ribbed Sweater Skirt', 6090944, '34.30', '49.00', '5.0', 1, 2, 2, 3, 8, 49),
(1641, 'BP. Be Proud by BP. Pride Gender Inclusive Pleated Cotton Twill Skirt', 6624850, '21.97', '45.00', '3.4', 10, 2, 2, 3, 77, 66),
(1642, 'BP. Be Proud by BP. Pride Gender Inclusive Pleated Cotton Twill Skirt', 6624850, '19.97', '45.00', '3.4', 10, 2, 2, 3, 77, 66),
(1643, 'Benson Silk Miniskirt', 5767250, '128.00', '128.00', '3.0', 3, 2, 2, 3, 2, 67),
(1644, 'Benson Silk Miniskirt', 5767250, '98.00', '98.00', '3.0', 3, 2, 2, 3, 2, 67),
(1645, 'Leather Too Late Faux Leather Skirt', 6437291, '49.99', '79.00', '0.0', 0, 2, 2, 3, 10, 114),
(1646, 'Leather Too Late Faux Leather Skirt', 6437291, '63.20', '79.00', '0.0', 0, 2, 2, 3, 10, 114),
(1647, 'Five Pocket Skirt', 5440948, '99.00', '99.00', '4.7', 3, 2, 2, 3, 105, 31),
(1648, 'Five Pocket Skirt', 5440948, '89.00', '89.00', '4.7', 3, 2, 2, 3, 105, 31),
(1649, 'Textured Miniskirt', 6523768, '28.80', '48.00', '5.0', 1, 2, 2, 3, 24, 288),
(1650, 'Textured Miniskirt', 6523768, '48.00', '48.00', '5.0', 1, 2, 2, 3, 24, 288),
(1651, 'Corduroy Notched Hem Skirt', 5953878, '27.30', '39.00', '1.0', 1, 2, 2, 3, 19, 114),
(1652, 'Suede A-Line Skirt', 6443300, '38.97', '98.00', '3.0', 1, 2, 2, 3, 9, 1),
(1653, 'Suede A-Line Skirt', 6443300, '49.00', '98.00', '3.0', 1, 2, 2, 3, 9, 1),
(1654, 'Summer Fling Linen Blend Skirt', 4428238, '118.00', '118.00', '4.4', 39, 2, 2, 3, 43, 289),
(1655, 'Summer Fling Linen Blend Skirt', 4428238, '135.00', '135.00', '4.4', 39, 2, 2, 3, 43, 289),
(1656, 'Summer Fling Linen Blend Skirt', 4247348, '118.00', '118.00', '4.4', 39, 2, 2, 3, 43, 289),
(1657, 'Summer Fling Linen Blend Skirt', 4247348, '135.00', '135.00', '4.4', 39, 2, 2, 3, 43, 289),
(1658, 'Satin Wrap Midi Skirt', 6553763, '58.00', '58.00', '2.7', 3, 2, 2, 3, 24, 1),
(1659, 'Satin Wrap Midi Skirt', 6553763, '46.40', '58.00', '2.7', 3, 2, 2, 3, 24, 1),
(1660, 'Noha Print Ruched Mesh Skirt', 6555606, '47.60', '68.00', '0.0', 0, 2, 2, 3, 20, 51),
(1661, 'Noha Print Ruched Mesh Skirt', 6555606, '44.20', '68.00', '0.0', 0, 2, 2, 3, 20, 51),
(1662, 'Mesh Sarong Skirt', 6108936, '49.00', '49.00', '0.0', 0, 2, 2, 3, 34, 67),
(1663, 'Mesh Sarong Skirt', 6108936, '33.00', '55.00', '0.0', 0, 2, 2, 3, 34, 67),
(1664, 'Dri-FIT Golf Skirt', 6505815, '75.00', '75.00', '0.0', 0, 2, 2, 3, 6, 290),
(1665, 'Dri-FIT Golf Skirt', 6505815, '50.25', '75.00', '0.0', 0, 2, 2, 3, 6, 290),
(1666, 'Sequin Side Slit Skirt', 6089565, '63.20', '79.00', '3.1', 7, 2, 2, 3, 13, 1),
(1667, 'Sequin Side Slit Skirt', 6089565, '32.97', '79.00', '3.1', 7, 2, 2, 3, 13, 1),
(1668, 'Sequin Side Slit Skirt', 6089565, '47.40', '79.00', '3.1', 7, 2, 2, 3, 13, 1),
(1669, 'Noha Print Ruched Mesh Skirt', 6568738, '45.56', '68.00', '5.0', 1, 2, 2, 3, 20, 291),
(1670, 'Rib Wool Blend Tube Skirt', 6460691, '71.80', '179.50', '0.0', 0, 2, 2, 3, 92, 86),
(1671, 'Rib Wool Blend Tube Skirt', 6460691, '179.50', '179.50', '0.0', 0, 2, 2, 3, 92, 86),
(1672, 'Patent Faux Leather Utility Skirt', 5926654, '30.97', '49.00', '0.0', 0, 2, 2, 3, 358, 1),
(1673, 'Patent Faux Leather Utility Skirt', 5926654, '34.30', '49.00', '0.0', 0, 2, 2, 3, 358, 1),
(1674, 'x Emma Rose Samantha Midi Skirt', 6536290, '26.97', '55.00', '0.0', 0, 2, 2, 3, 32, 1),
(1675, 'x Emma Rose Samantha Midi Skirt', 6536290, '27.50', '55.00', '0.0', 0, 2, 2, 3, 32, 1),
(1676, 'We Quilt This City Faux Leather Miniskirt', 6420409, '79.00', '79.00', '1.8', 5, 2, 2, 3, 10, 1),
(1677, 'Bauhaus Zip Cotton Miniskirt', 6638916, '895.00', '895.00', '0.0', 0, 2, 2, 3, 170, 1),
(1678, 'Bauhaus Zip Cotton Miniskirt', 6638916, '1890.00', '1890.00', '0.0', 0, 2, 2, 3, 170, 1);

-- --------------------------------------------------------

--
-- Table structure for table `skirts_brand`
--

CREATE TABLE `skirts_brand` (
  `skirts_brand_id` int(11) NOT NULL,
  `name` varchar(50) DEFAULT NULL
) ENGINE=InnoDB DEFAULT CHARSET=utf8mb4 COLLATE=utf8mb4_0900_ai_ci;

--
-- Dumping data for table `skirts_brand`
--

INSERT INTO `skirts_brand` (`skirts_brand_id`, `name`) VALUES
(1, 'Free People'),
(2, 'Reformation'),
(3, 'Loveappella'),
(4, 'STAUD'),
(5, 'JEN7 by 7 For All Mankind'),
(6, 'Nike'),
(7, 'Bardot'),
(8, 'Open Edit'),
(9, 'BLANKNYC'),
(10, 'BB Dakota by Steve Madden'),
(11, 'Amy Lynn'),
(12, 'Madewell'),
(13, 'Halogen®'),
(14, 'Karen Kane'),
(15, 'Nordstrom'),
(16, 'Samsøe Samsøe'),
(17, 'JLUXLABEL'),
(18, 'SPANX®'),
(19, 'BP.'),
(20, 'AFRM'),
(21, 'Angel Maternity'),
(22, 'Naked Wardrobe'),
(23, 'Lulus'),
(24, 'VICI Collection'),
(25, 'VERO MODA'),
(26, 'Vince'),
(27, 'Liverpool Los Angeles'),
(28, 'Becca'),
(29, 'FARM Rio'),
(30, 'O\'Neill'),
(31, 'Rails'),
(32, 'WAYF'),
(33, 'Alo'),
(34, 'Good American'),
(35, 'Polo Ralph Lauren'),
(36, 'Ulla Johnson'),
(37, 'Eileen Fisher'),
(38, 'Topshop'),
(39, 'Endless Rose'),
(40, 'Wash Lab Denim'),
(41, 'Liverpool'),
(42, 'Melissa Odabash'),
(43, 'NIC+ZOE'),
(44, 'Alex Evenings'),
(45, 'Nike Golf'),
(46, 'Nordstrom Signature'),
(47, 'Susana Monaco'),
(48, 'Treasure & Bond'),
(49, 'iets frans'),
(50, 'Proenza Schouler White Label'),
(51, 'Rebecca Taylor'),
(52, 'AllSaints'),
(53, 'BDG Urban Outfitters'),
(54, 'Chaus'),
(55, 'S/W/F'),
(56, 'Alice + Olivia'),
(57, 'ASTR the Label'),
(58, '4th & Reckless'),
(59, 'Maaji'),
(60, 'DIARRABLU'),
(61, 'Sea'),
(62, 'Rip Curl'),
(63, 'MUNTHE'),
(64, 'FRAME'),
(65, 'BOSS'),
(66, 'CAMI NYC'),
(67, 'adidas Originals'),
(68, 'rag & bone'),
(69, 'Theory'),
(70, 'ASOS DESIGN'),
(71, 'Veronica Beard'),
(72, 'Roxy'),
(73, 'VERO MODA CURVE'),
(74, 'River Island'),
(75, 'Poetic Justice'),
(76, 'Frank & Eileen'),
(77, 'BP BE PROUD'),
(78, 'Donna Karan New York'),
(79, 'Fuzzi'),
(80, 'ATM Anthony Thomas Melillo'),
(81, 'City Chic'),
(82, 'Eleven Six'),
(83, 'GIBSONLOOK'),
(84, 'A.L.C.'),
(85, 'Jag Jeans'),
(86, 'Max Mara'),
(87, 'English Factory'),
(88, 'Lisa Marie Fernandez'),
(89, 'Ted Baker London'),
(90, 'Cleobella'),
(91, '11 Honoré'),
(92, 'Club Monaco'),
(93, 'Jonathan Simkhai'),
(94, 'Jones New York'),
(95, 'French Connection'),
(96, 'Sea Level'),
(97, 'Misook'),
(98, 'Mountain Hardwear'),
(99, 'Standards & Practices'),
(100, 'Lyssé'),
(101, 'Never Fully Dressed'),
(102, 'Ganni'),
(103, 'KIN by Kristine'),
(104, 'DKNY SPORTSWEAR'),
(105, 'NYDJ'),
(106, 'Akris punto'),
(107, 'Melody Ehsani'),
(108, 'BY.DYLN'),
(109, 'Mara Hoffman'),
(110, 'Caslon®'),
(111, '& Other Stories'),
(112, 'M.M.LaFleur'),
(113, 'adidas'),
(114, 'Nia'),
(115, 'Ramy Brook'),
(116, 'Courrèges'),
(117, '4SI3NNA'),
(118, 'Cara Cara'),
(119, 'maje'),
(120, 'Estelle'),
(121, 'Jenni Kayne'),
(122, 'Lost + Wander'),
(123, 'Bobeau'),
(124, 'ALIX NYC'),
(125, 'Reebok'),
(126, '1.STATE'),
(127, 'Le Superbe'),
(128, 'Max Mara Leisure'),
(129, 'Isabel Marant Étoile'),
(130, 'MISA Los Angeles'),
(131, 'Hudson Jeans'),
(132, 'Ronny Kobo'),
(133, 'Ming Wang'),
(134, 'SLINK Jeans'),
(135, 'EleVen by Venus Williams'),
(136, 'ROTATE'),
(137, 'Commando'),
(138, 'DVF'),
(139, 'LoveShackFancy'),
(140, 'ba&sh'),
(141, 'Scotch & Soda'),
(142, 'MILLE'),
(143, 'AYNI'),
(144, 'Zelie for She'),
(145, 'Boden'),
(146, 'Birgitte Herskind'),
(147, 'ANINE BING'),
(148, 'Zimmermann'),
(149, 'MOTHER'),
(150, 'Joe\'s'),
(151, 'Anne Klein'),
(152, 'Girlfriend Collective'),
(153, 'Lee'),
(154, 'Vince Camuto'),
(155, 'Elan'),
(156, 'O\'Dolly Dearest'),
(157, 'Michael Stars'),
(158, 'Jonathan Simkhai Standard'),
(159, 'Reiss'),
(160, 'Careste'),
(161, 'Helmut Lang'),
(162, 'Lafayette 148 New York'),
(163, 'CO'),
(164, 'Free the Roses'),
(165, 'Retrofête'),
(166, 'LITA by Ciara'),
(167, 'Alex Mill'),
(168, 'Camilla'),
(169, 'Isabel Marant'),
(170, 'Rick Owens'),
(171, 'sandro'),
(172, 'AWARE by VERO MODA'),
(173, 'CeCe'),
(174, 'Ingrid & Isabel®'),
(175, 'Tommy Bahama'),
(176, 'Favorite Daughter'),
(177, 'RtA'),
(178, 'elevenparis'),
(179, 'En Saison'),
(180, 'Simon Miller'),
(181, 'Marine Layer'),
(182, 'Isabella Rose'),
(183, 'Frankies Bikinis'),
(184, 'Norma Kamali'),
(185, 'Dion Lee'),
(186, 'Off-White'),
(187, 'Missoni'),
(188, 'Stine Goya'),
(189, 'Versace'),
(190, 'byTiMo'),
(191, 'P.E Nation'),
(192, 'XÍRENA'),
(193, 'Dauphinette'),
(194, 'Loulou Studio'),
(195, 'Rebecca Vallance'),
(196, 'Nanushka'),
(197, 'Coquette'),
(198, 'Emilia George'),
(199, 'Baum und Pferdgarten'),
(200, 'Dai Moda'),
(201, 'ALEMAIS'),
(202, 'Balenciaga'),
(203, 'One Teaspoon'),
(204, 'Marée Pour Toi'),
(205, 'Aknvas'),
(206, 'Le Jean'),
(207, 'REMAIN Birger Christensen'),
(208, 'Sabina Musayev'),
(209, 'Etro'),
(210, 'Johanna Ortiz'),
(211, 'FRNCH'),
(212, 'Tail'),
(213, 'Banjanan'),
(214, 'Essentiel Antwerp'),
(215, 'ELOQUII'),
(216, 'kate spade new york'),
(217, 'Stella McCartney'),
(218, 'Maria McManus'),
(219, 'KOBI HALPERIN'),
(220, 'Emporio Armani'),
(221, 'GAUGE81'),
(222, 'DONNA KARAN WOMAN'),
(223, 'Isla & White'),
(224, 'Batsheva'),
(225, 'ALEXIS'),
(226, 'Acne Studios'),
(227, 'Area Stars'),
(228, 'Molly Bracken'),
(229, 'Onzie'),
(230, 'Tanya Taylor'),
(231, 'L\'AGENCE'),
(232, 'Nicole Miller'),
(233, 'Loyal Hana'),
(234, 'AG'),
(235, 'Ever New'),
(236, 'The Range'),
(237, 'RIXO'),
(238, 'Aje'),
(239, 'Khaite'),
(240, 'St. John Evening'),
(241, 'Zadig & Voltaire'),
(242, 'Grey Lab'),
(243, 'Jason Wu Collection'),
(244, 'Sacai'),
(245, 'Band of Gypsies'),
(246, 'Closed'),
(247, 'DKNY SPORT'),
(248, 'Stowaway Collection'),
(249, 'Charlie Holiday'),
(250, 'Oscar de la Renta'),
(251, 'GUESS'),
(252, 'Dolce&Gabbana'),
(253, 'Erdem'),
(254, 'Bottega Veneta'),
(255, 'Oséree'),
(256, 'Fabiana Filippi'),
(257, 'paco rabanne'),
(258, 'Marina Rinaldi'),
(259, 'Apiece Apart'),
(260, 'Fendi'),
(261, 'Milly'),
(262, 'Lucky Brand'),
(263, 'Balmain'),
(264, 'Cinq à Sept'),
(265, 'Sanctuary'),
(266, 'RHODE'),
(267, 'YanYan'),
(268, 'Dessy Collection'),
(269, 'Burberry'),
(270, 'Dickies'),
(271, 'Moncler'),
(272, 'The Attico'),
(273, 'St. John Collection'),
(274, 'Wales Bonner'),
(275, 'Pari Passu'),
(276, 'Patagonia'),
(277, 'Maternal America'),
(278, 'Faherty'),
(279, 'Altuzarra'),
(280, 'Absence of Colour'),
(281, 'Derek Lam 10 Crosby'),
(282, 'AS by DF'),
(283, 'HIDDEN JEANS'),
(284, 'Givenchy'),
(285, 'Alaïa'),
(286, 'Jil Sander'),
(287, 'renaissance renaissance'),
(288, 'Robert Graham'),
(289, 'Shushu/Tong'),
(290, 'MONSE'),
(291, 'Commission'),
(292, 'SALONI'),
(293, 'Court & Rowe'),
(294, 'The North Face'),
(295, 'Smartwool'),
(296, 'KUT from the Kloth'),
(297, 'Saint Laurent'),
(298, 'See by Chloé'),
(299, 'Trina Turk'),
(300, 'arch4'),
(301, 'Area'),
(302, 'Carolina Herrera'),
(303, 'MUGLER'),
(304, 'The Row'),
(305, 'Moncler Genius'),
(306, 'GUESS ORIGINALS'),
(307, 'Saltwater Luxe'),
(308, 'Toccin'),
(309, 'Thom Browne'),
(310, 'Dries Van Noten'),
(311, 'Chloé'),
(312, 'PAIGE'),
(313, 'Sam Edelman'),
(314, 'THE GREAT.'),
(315, 'Kathryn Bowen'),
(316, 'Victoria Beckham'),
(317, 'Alexander McQueen'),
(318, 'Cecilie Bahnsen'),
(319, 'Sandy Liang'),
(320, 'Moschino'),
(321, 'Collina Strada'),
(322, 'Parker'),
(323, 'vineyard vines'),
(324, 'Smythe'),
(325, 'Citizens of Humanity'),
(326, 'Akris'),
(327, 'Valentino'),
(328, 'Autumn Adeigbo'),
(329, 'Rachel Comey'),
(330, 'Adam Lippes'),
(331, 'Kika Vargas'),
(332, 'Haute Hippie'),
(333, 'Proenza Schouler'),
(334, 'Emilio Pucci'),
(335, 'Sunnei'),
(336, 'CFCL'),
(337, 'Eckhaus Latta'),
(338, 'Simone Rocha'),
(339, 'Mach & Mach'),
(340, 'Casablanca'),
(341, 'Noir Kei Ninomiya'),
(342, 'Totême'),
(343, 'Judith & Charles'),
(344, 'MM6 Maison Margiela'),
(345, 'Merlette'),
(346, 'Agnona'),
(347, 'Pleats Please Issey Miyake'),
(348, 'R13'),
(349, 'Brock Collection'),
(350, 'LaQuan Smith'),
(351, 'Brunello Cucinelli'),
(352, 'Marine Serre'),
(353, 'Puppets and Puppets'),
(354, 'Rachel Zoe'),
(355, 'Maison Margiela'),
(356, 'JW Anderson'),
(357, 'Lemaire'),
(358, 'BP. + Wildfang');

-- --------------------------------------------------------

--
-- Table structure for table `skirts_color`
--

CREATE TABLE `skirts_color` (
  `skirts_color_id` int(11) NOT NULL,
  `name` varchar(10) DEFAULT NULL
) ENGINE=InnoDB DEFAULT CHARSET=utf8mb4 COLLATE=utf8mb4_0900_ai_ci;

--
-- Dumping data for table `skirts_color`
--

INSERT INTO `skirts_color` (`skirts_color_id`, `name`) VALUES
(1, '001'),
(2, '302'),
(3, '010'),
(4, '420'),
(5, '930'),
(6, '650'),
(7, '101'),
(8, '070'),
(9, '540'),
(10, '900'),
(11, '600'),
(12, '050'),
(13, '610'),
(14, '040'),
(15, '301'),
(16, '100'),
(17, '004'),
(18, '680'),
(19, '019'),
(20, '450'),
(21, '002'),
(22, '603'),
(23, '200'),
(24, '535'),
(25, '510'),
(26, '475'),
(27, '322'),
(28, '030'),
(29, '438'),
(30, '404'),
(31, '300'),
(32, '410'),
(33, '402'),
(34, '651'),
(35, '400'),
(36, '423'),
(37, '346'),
(38, '416'),
(39, '103'),
(40, '021'),
(41, '305'),
(42, '210'),
(43, '903'),
(44, '304'),
(45, '486'),
(46, '431'),
(47, '688'),
(48, '008'),
(49, '201'),
(50, '700'),
(51, '003'),
(52, '710'),
(53, '225'),
(54, '401'),
(55, '321'),
(56, '118'),
(57, '842'),
(58, '220'),
(59, '251'),
(60, '500'),
(61, '357'),
(62, '334'),
(63, '800'),
(64, '110'),
(65, '532'),
(66, '660'),
(67, '250'),
(68, '205'),
(69, '235'),
(70, '520'),
(71, '311'),
(72, '006'),
(73, '802'),
(74, '281'),
(75, '440'),
(76, '830'),
(77, '034'),
(78, '721'),
(79, '022'),
(80, '016'),
(81, '543'),
(82, '501'),
(83, '105'),
(84, '388'),
(85, '120'),
(86, '020'),
(87, '063'),
(88, '451'),
(89, '011'),
(90, '654'),
(91, '206'),
(92, '240'),
(93, '241'),
(94, '421'),
(95, '023'),
(96, '372'),
(97, '213'),
(98, '051'),
(99, '698'),
(100, '418'),
(101, '750'),
(102, '275'),
(103, '448'),
(104, '425'),
(105, '960'),
(106, '640'),
(107, '009'),
(108, '429'),
(109, '277'),
(110, '306'),
(111, '061'),
(112, '283'),
(113, '386'),
(114, '230'),
(115, '647'),
(116, '460'),
(117, '203'),
(118, '088'),
(119, '457'),
(120, '430'),
(121, '419'),
(122, '618'),
(123, '467'),
(124, '550'),
(125, '329'),
(126, '850'),
(127, '537'),
(128, '512'),
(129, '676'),
(130, '477'),
(131, '260'),
(132, '374'),
(133, '320'),
(134, '352'),
(135, '253'),
(136, '681'),
(137, '025'),
(138, '411'),
(139, '242'),
(140, '801'),
(141, '502'),
(142, '581'),
(143, '017'),
(144, '670'),
(145, '844'),
(146, '278'),
(147, '112'),
(148, '032'),
(149, '720'),
(150, '631'),
(151, '530'),
(152, '273'),
(153, '060'),
(154, '901'),
(155, '117'),
(156, '212'),
(157, '270'),
(158, '202'),
(159, '341'),
(160, '722'),
(161, '115'),
(162, '135'),
(163, '847'),
(164, '333'),
(165, '428'),
(166, '691'),
(167, '932'),
(168, '052'),
(169, '145'),
(170, '314'),
(171, '664'),
(172, '950'),
(173, '211'),
(174, '453'),
(175, '541'),
(176, '812'),
(177, '111'),
(178, '684'),
(179, '150'),
(180, '422'),
(181, '426'),
(182, '434'),
(183, '601'),
(184, '403'),
(185, '455'),
(186, '255'),
(187, '751'),
(188, '902'),
(189, '342'),
(190, '294'),
(191, '340'),
(192, '533'),
(193, '005'),
(194, '515'),
(195, '274'),
(196, '667'),
(197, '821'),
(198, '147'),
(199, '085'),
(200, '269'),
(201, '233'),
(202, '288'),
(203, '035'),
(204, '663'),
(205, '810'),
(206, '335'),
(207, '264'),
(208, '018'),
(209, '315'),
(210, '493'),
(211, '652'),
(212, '263'),
(213, '214'),
(214, '693'),
(215, '690'),
(216, '521'),
(217, '324'),
(218, '330'),
(219, '232'),
(220, '249'),
(221, '397'),
(222, '413'),
(223, '102'),
(224, '620'),
(225, '012'),
(226, '313'),
(227, '424'),
(228, '464'),
(229, '350'),
(230, '244'),
(231, '348'),
(232, '106'),
(233, '644'),
(234, '609'),
(235, '031'),
(236, '041'),
(237, '377'),
(238, '312'),
(239, '204'),
(240, '696'),
(241, '682'),
(242, '382'),
(243, '514'),
(244, '344'),
(245, '231'),
(246, '109'),
(247, '406'),
(248, '308'),
(249, '495'),
(250, '096'),
(251, '815'),
(252, '752'),
(253, '474'),
(254, '657'),
(255, '107'),
(256, '398'),
(257, '161'),
(258, '243'),
(259, '332'),
(260, '672'),
(261, '014'),
(262, '732'),
(263, '590'),
(264, '415'),
(265, '432'),
(266, '104'),
(267, '271'),
(268, '630'),
(269, '472'),
(270, '627'),
(271, '058'),
(272, '437'),
(273, '954'),
(274, '931'),
(275, '310'),
(276, '456'),
(277, '262'),
(278, '692'),
(279, '461'),
(280, '656'),
(281, '007'),
(282, '054'),
(283, '414'),
(284, '907'),
(285, '303'),
(286, '494'),
(287, '405'),
(288, '064'),
(289, '123'),
(290, '604'),
(291, '611');

-- --------------------------------------------------------

--
-- Table structure for table `sub_category`
--

CREATE TABLE `sub_category` (
  `sub_category_id` int(11) NOT NULL,
  `name` varchar(20) DEFAULT NULL
) ENGINE=InnoDB DEFAULT CHARSET=utf8mb4 COLLATE=utf8mb4_0900_ai_ci;

--
-- Dumping data for table `sub_category`
--

INSERT INTO `sub_category` (`sub_category_id`, `name`) VALUES
(1, 'Boots'),
(2, 'Flats'),
(3, 'Skirts'),
(4, 'Sweaters');

-- --------------------------------------------------------

--
-- Table structure for table `sweaters`
--

CREATE TABLE `sweaters` (
  `sweaters_id` int(11) NOT NULL,
  `product_name` varchar(255) DEFAULT NULL,
  `sku` int(11) DEFAULT NULL,
  `price_current_usd` decimal(18,2) DEFAULT NULL,
  `price_retail_usd` decimal(18,2) DEFAULT NULL,
  `review_rating` decimal(18,1) DEFAULT NULL,
  `review_count` int(11) DEFAULT NULL,
  `department_id` int(11) DEFAULT NULL,
  `category_id` int(11) DEFAULT NULL,
  `sub_category_id` int(11) DEFAULT NULL,
  `sweaters_brand_id` int(11) DEFAULT NULL,
  `sweaters_color_id` int(11) DEFAULT NULL
) ENGINE=InnoDB DEFAULT CHARSET=utf8mb4 COLLATE=utf8mb4_0900_ai_ci;

--
-- Dumping data for table `sweaters`
--

INSERT INTO `sweaters` (`sweaters_id`, `product_name`, `sku`, `price_current_usd`, `price_retail_usd`, `review_rating`, `review_count`, `department_id`, `category_id`, `sub_category_id`, `sweaters_brand_id`, `sweaters_color_id`) VALUES
(1, 'Mode Slim Fit Wool Cardigan', 4984937, '149.00', '149.00', '4.0', 4, 1, 2, 4, 1, 1),
(2, 'Barefoot Dreams Shawl Collar Cardigan', 5122774, '130.00', '130.00', '5.0', 10, 1, 2, 4, 2, 2),
(3, 'Washable Merino V-Neck Sweater', 5555971, '39.97', '79.50', '3.0', 4, 1, 2, 4, 3, 3),
(4, 'Washable Merino Quarter Zip Sweater', 5868346, '42.97', '85.00', '4.5', 21, 1, 2, 4, 3, 4),
(5, 'Crown Crewneck Sweater', 5868815, '100.80', '168.00', '4.8', 42, 1, 2, 4, 4, 5),
(6, 'Stripe Cardigan', 5928760, '34.97', '69.00', '0.0', 0, 1, 2, 4, 5, 6),
(7, 'Men\'s Space Dye Sweater', 5929635, '29.97', '59.50', '0.0', 0, 1, 2, 4, 6, 7),
(8, 'Space Dye Cotton Sweater', 5975096, '49.50', '49.50', '5.0', 1, 1, 2, 4, 6, 8),
(9, 'Rib Cotton Blend Cardigan', 6090671, '99.50', '99.50', '0.0', 0, 1, 2, 4, 3, 9),
(10, 'Tipped Merino Wool Blend Cardigan', 6090673, '69.65', '99.50', '5.0', 1, 1, 2, 4, 3, 9),
(11, 'Second Skin Cotton Blend Crewneck Sweater', 6092712, '70.80', '118.00', '0.0', 0, 1, 2, 4, 7, 10),
(12, 'Cristina Martinez Merino Blend Shawl Collar Cardigan', 6116032, '62.65', '89.50', '0.0', 0, 1, 2, 4, 3, 9),
(13, 'Mode Slim Fit Wool Cardigan', 6149414, '88.97', '149.00', '4.0', 4, 1, 2, 4, 1, 9),
(14, 'Cristina Martinez Gender Inclusive Varsity Cardigan', 6432936, '119.50', '119.50', '0.0', 0, 1, 2, 4, 3, 11),
(15, 'Riverbend Half-Zip Pullover', 6456942, '87.50', '125.00', '0.0', 0, 1, 2, 4, 8, 12),
(16, 'Bean\'s Classic Ragg Wool Sweater', 6457819, '49.99', '79.00', '4.0', 1, 1, 2, 4, 9, 7),
(17, 'Men\'s Classic Ragg Wool Crewneck Sweater', 6457833, '49.99', '69.95', '0.0', 0, 1, 2, 4, 9, 13),
(18, 'Men\'s Classic Ragg Wool Shawl Collar Cardigan', 6460490, '99.00', '99.00', '0.0', 0, 1, 2, 4, 9, 6),
(19, 'HUGO BOSS Nappi Tipped Crewneck Wool Sweater', 6464880, '124.60', '178.00', '0.0', 0, 1, 2, 4, 10, 14),
(20, 'Leno Wool Crewneck Sweater', 6464894, '118.50', '158.00', '0.0', 0, 1, 2, 4, 10, 10),
(21, 'Men\'s Graphic V-Neck Cotton Blend Cardigan', 6473812, '75.00', '75.00', '0.0', 0, 1, 2, 4, 5, 9),
(22, 'Gradient Crewneck Sweater', 6480850, '128.00', '128.00', '0.0', 0, 1, 2, 4, 11, 15),
(23, 'Mélange Recycled Cotton Blend Sweater', 6480851, '128.00', '128.00', '0.0', 0, 1, 2, 4, 11, 7),
(24, 'Merino Wool Crewneck Sweater', 6500387, '94.80', '158.00', '0.0', 0, 1, 2, 4, 12, 9),
(25, 'Novaro Cotton & Virgin Wool Cardigan', 6506341, '278.60', '398.00', '0.0', 0, 1, 2, 4, 10, 9),
(26, 'Feeder Stripe Crewneck Sweater', 6514909, '79.20', '99.00', '0.0', 0, 1, 2, 4, 13, 16),
(27, 'Hester Stripe Crewneck Sweater', 6545966, '88.80', '148.00', '0.0', 0, 1, 2, 4, 14, 17),
(28, 'Textured Flame Sweater', 6552449, '43.00', '43.00', '0.0', 0, 1, 2, 4, 15, 18),
(29, 'Donegal Cable Knit Fisherman Sweater', 6553301, '68.97', '138.00', '0.0', 0, 1, 2, 4, 16, 19),
(30, 'Ombré Stripe Sweater', 6588299, '49.99', '65.00', '3.0', 2, 1, 2, 4, 17, 9),
(31, 'Leno-P Wool Crewneck Sweater', 6588705, '94.80', '158.00', '0.0', 0, 1, 2, 4, 18, 20),
(32, 'Welloe Varsity Sweatshirt', 6593187, '64.97', '165.00', '0.0', 0, 1, 2, 4, 19, 7),
(33, 'Gary Thermal Cotton & Cashmere Zip-Up Sweater', 6595185, '265.00', '265.00', '0.0', 0, 1, 2, 4, 20, 21),
(34, 'Relaxed Crewneck Sweater', 6620916, '76.80', '128.00', '0.0', 0, 1, 2, 4, 11, 6),
(35, 'Parks Wool Crewneck Sweater', 6631945, '160.00', '160.00', '0.0', 0, 1, 2, 4, 21, 22),
(36, 'Men\'s Cotton Blend Cardigan', 6650224, '129.00', '129.00', '0.0', 0, 1, 2, 4, 13, 19),
(37, 'Loki Mock Neck Cotton Cardigan', 6678399, '175.00', '175.00', '0.0', 0, 1, 2, 4, 8, 23),
(38, 'P6 Knit Plush Quarter Zip Pullover', 6701748, '55.00', '55.00', '0.0', 0, 1, 2, 4, 15, 24),
(39, 'Oversize Knit Sweater', 6701751, '45.00', '45.00', '0.0', 0, 1, 2, 4, 15, 25),
(40, 'Gender Inclusive \'Butter\' Cardigan', 6705284, '70.00', '70.00', '3.3', 7, 1, 2, 4, 22, 9),
(41, 'V-Neck Cashmere Sweater', 6713197, '57.97', '145.00', '3.1', 7, 1, 2, 4, 3, 26),
(42, 'Cashmere Crewneck Sweater', 6713242, '57.97', '145.00', '4.4', 66, 1, 2, 4, 3, 27),
(43, 'Cashmere Turtleneck Sweater', 6713929, '57.97', '145.00', '3.2', 5, 1, 2, 4, 3, 13),
(44, 'Cashmere Turtleneck Sweater', 6713931, '57.97', '145.00', '3.2', 5, 1, 2, 4, 3, 28),
(45, 'Washable Merino Wool Mock Neck', 6713941, '37.97', '75.00', '4.3', 7, 1, 2, 4, 3, 28),
(46, 'Men\'s Shop Regular Fit Cashmere Quarter Zip Pullover', 6713955, '57.97', '145.00', '4.3', 86, 1, 2, 4, 3, 29),
(47, 'Half Zip Cotton & Cashmere Pullover', 6714010, '29.97', '59.50', '4.5', 153, 1, 2, 4, 3, 13),
(48, 'Mode Slim Fit Wool Sweater', 6714268, '65.97', '132.00', '4.6', 16, 1, 2, 4, 1, 30),
(49, 'Cotton & Cashmere Crew Sweater', 6736635, '24.97', '75.00', '4.3', 13, 1, 2, 4, 6, 9),
(50, 'Scenic Oversize Sweater', 6769518, '71.00', '71.00', '0.0', 0, 1, 2, 4, 17, 9),
(51, 'Smart Rib Zip Cardigan', 6769524, '74.00', '74.00', '0.0', 0, 1, 2, 4, 17, 9),
(52, 'Oversize Jacquard Cardigan', 6790698, '74.00', '74.00', '0.0', 0, 1, 2, 4, 17, 23),
(53, 'Colorblock Cardigan', 6790703, '65.00', '65.00', '0.0', 0, 1, 2, 4, 17, 16),
(54, 'Buddy Slub Crewneck Sweater', 6802808, '37.97', '75.00', '0.0', 0, 1, 2, 4, 23, 6),
(55, 'Eastbank Wool & Cotton Sweater', 6802859, '78.97', '158.00', '5.0', 1, 1, 2, 4, 24, 19),
(56, 'Atlas High Neck Waffle Knit Sweater', 6828924, '69.00', '115.00', '0.0', 0, 1, 2, 4, 23, 15),
(57, 'Shawl Collar Pullover', 4605773, '98.97', '198.00', '4.7', 11, 1, 2, 4, 25, 9),
(58, 'Crewneck Sweater', 4840784, '260.00', '260.00', '0.0', 0, 1, 2, 4, 26, 9),
(59, 'Cashmere Crewneck Sweater', 5490708, '345.00', '345.00', '0.0', 0, 1, 2, 4, 27, 31),
(60, 'Sutterburn V-Neck Sweater', 5544028, '125.00', '125.00', '0.0', 0, 1, 2, 4, 8, 12),
(61, 'Lakemont V-Neck Sweater', 5610426, '100.00', '100.00', '4.5', 13, 1, 2, 4, 28, 9),
(62, 'Sweater Fleece Pullover', 5716359, '79.00', '79.00', '0.0', 0, 1, 2, 4, 9, 16),
(63, 'Men\'s Cotton Crewneck Pullover', 5747389, '325.00', '325.00', '0.0', 0, 1, 2, 4, 29, 7),
(64, 'MVP Merino Wool Zip Hoodie', 5778562, '198.00', '198.00', '5.0', 1, 1, 2, 4, 12, 9),
(65, 'Houndstooth Wool & Recycled Cashmere Sweater', 5928753, '69.30', '99.00', '0.0', 0, 1, 2, 4, 5, 9),
(66, 'Men\'s Cashmere Sweater', 5957507, '1175.00', '1175.00', '0.0', 0, 1, 2, 4, 30, 9),
(67, 'Turtleneck Sweater', 5962052, '34.97', '69.50', '5.0', 1, 1, 2, 4, 3, 21),
(68, 'Woven Collar Polo Sweater', 6023020, '33.00', '55.00', '0.0', 0, 1, 2, 4, 31, 9),
(69, 'Wool & Cashmere Cable Quarter Zip Sweater', 6122917, '416.50', '595.00', '0.0', 0, 1, 2, 4, 27, 19),
(70, 'BP. Be Proud by BP. Pride Stripe Gender Inclusive Oversize Cardigan', 6137926, '32.97', '56.00', '5.0', 1, 1, 2, 4, 32, 32),
(71, 'Solid Cotton Turtleneck Sweater', 6296036, '55.00', '55.00', '0.0', 0, 1, 2, 4, 17, 9),
(72, 'BP. Be Proud by BP. Gender Inclusive Print Mesh Turtleneck Top', 6421526, '22.97', '39.00', '3.2', 6, 1, 2, 4, 32, 33),
(73, 'Nostalgic Organic Cotton Blend Sweatshirt', 6430513, '78.97', '158.00', '0.0', 0, 1, 2, 4, 24, 19),
(74, 'Merino Wool Cardigan', 6438083, '120.25', '185.00', '3.0', 2, 1, 2, 4, 33, 34),
(75, 'Blackhall Wool Quarter Zip Sweater', 6452491, '112.50', '150.00', '0.0', 0, 1, 2, 4, 21, 35),
(76, 'Heritage Organic Cotton Fisherman Sweater', 6457837, '53.40', '89.00', '5.0', 1, 1, 2, 4, 9, 36),
(77, 'Cotton Crewneck Sweater', 6461750, '89.70', '149.50', '0.0', 0, 1, 2, 4, 34, 16),
(78, 'Marled Cotton Crewneck Sweater', 6461770, '97.17', '149.50', '0.0', 0, 1, 2, 4, 34, 19),
(79, 'HUGO BOSS Leno-P Crewneck Wool Sweater', 6464931, '99.99', '158.00', '0.0', 0, 1, 2, 4, 10, 37),
(80, 'Cotton Blend Quarter Zip Sweater', 6465674, '149.00', '149.00', '0.0', 0, 1, 2, 4, 35, 15),
(81, 'Men\'s Alpaca & Wool Blend Roll Neck Sweater', 6470234, '131.25', '175.00', '0.0', 0, 1, 2, 4, 33, 38),
(82, 'Riber Roll Neck Wool Blend Sweater', 6479659, '99.97', '260.00', '0.0', 0, 1, 2, 4, 19, 39),
(83, 'Men\'s Adams Crewneck Sweatshirt', 6484899, '172.00', '215.00', '0.0', 0, 1, 2, 4, 1, 9),
(84, 'Tilson Wool Cardigan', 6490163, '332.50', '475.00', '0.0', 0, 1, 2, 4, 36, 6),
(85, 'Men\'s Net Pattern Cotton Blend Sweater', 6509641, '54.97', '110.00', '0.0', 0, 1, 2, 4, 37, 39),
(86, 'Men\'s Feeder Cotton & Cashmere Crewneck Sweater', 6514879, '79.20', '99.00', '0.0', 0, 1, 2, 4, 13, 16),
(87, 'Men\'s Geo Pattern Wool Crewneck Sweater', 6519481, '325.00', '325.00', '0.0', 0, 1, 2, 4, 38, 9),
(88, 'Havelock Rib Mock Neck Wool Sweater', 6520039, '98.97', '198.00', '4.2', 5, 1, 2, 4, 39, 40),
(89, 'Buddy Crewneck Sweater', 6534172, '49.99', '75.00', '0.0', 0, 1, 2, 4, 23, 41),
(90, 'Zima Bird\'s Eye V-Neck Sweater', 6535086, '57.00', '95.00', '0.0', 0, 1, 2, 4, 8, 42),
(91, 'Men\'s Shawl-Collar Cardigan Sweater', 6544982, '78.97', '158.00', '0.0', 0, 1, 2, 4, 16, 19),
(92, 'Ash Cotton & Linen Henley Sweater', 6547174, '73.97', '148.00', '0.0', 0, 1, 2, 4, 14, 43),
(93, 'Udo Waffle Knit Crewneck Sweater', 6548566, '124.60', '178.00', '0.0', 0, 1, 2, 4, 10, 44),
(94, 'Udo Waffle Knit Sweater', 6548579, '142.40', '178.00', '0.0', 0, 1, 2, 4, 10, 45),
(95, 'Brokhol Mixed Stitch Crewneck Sweater', 6553731, '89.97', '225.00', '0.0', 0, 1, 2, 4, 19, 46),
(96, 'Kamren Colorblock Merino Wool Crewneck Sweater', 6554139, '225.00', '225.00', '0.0', 0, 1, 2, 4, 20, 47),
(97, 'Short Sleeve Sweater', 6568781, '149.00', '149.00', '0.0', 0, 1, 2, 4, 35, 35),
(98, 'Clayton Crewneck Sweater', 6659521, '250.00', '250.00', '0.0', 0, 1, 2, 4, 40, 48),
(99, 'Men\'s Organic Cotton Quarter Zip Sweater', 6668749, '79.00', '79.00', '0.0', 0, 1, 2, 4, 9, 7),
(100, 'Ribbed Cable Knit Cotton Sweater', 6681131, '475.00', '475.00', '0.0', 0, 1, 2, 4, 41, 16),
(101, 'Second Skin Cotton Blend Crewneck Sweater', 6682383, '82.60', '118.00', '0.0', 0, 1, 2, 4, 7, 49),
(102, 'Washable Merino V-Neck Sweater', 6713852, '39.97', '79.50', '3.0', 4, 1, 2, 4, 3, 50),
(103, 'Washable Merino Crewneck Sweater', 6713873, '39.97', '79.50', '4.9', 11, 1, 2, 4, 3, 21),
(104, 'Washable Merino Wool Cardigan', 6713928, '42.97', '85.00', '4.3', 4, 1, 2, 4, 3, 51),
(105, 'Stripe Panel Cardigan', 6715339, '39.00', '65.00', '0.0', 0, 1, 2, 4, 17, 6),
(106, 'Buddy Slub Crewneck Sweater', 6715409, '34.97', '75.00', '0.0', 0, 1, 2, 4, 23, 52),
(107, 'Merino Wool Zip Cardigan', 6758125, '285.00', '285.00', '0.0', 0, 1, 2, 4, 20, 53),
(108, 'Andrews Wool Cardigan', 6759326, '190.00', '190.00', '0.0', 0, 1, 2, 4, 21, 7),
(109, 'Andrews Wool Cardigan', 6759339, '190.00', '190.00', '0.0', 0, 1, 2, 4, 21, 19),
(110, 'Cormac Stripe V-Neck Sweater', 6763900, '239.00', '239.00', '0.0', 0, 1, 2, 4, 42, 8),
(111, 'Men\'s Blown Up Paisley Sweater', 6774510, '65.00', '65.00', '0.0', 0, 1, 2, 4, 17, 6),
(112, 'Burton Montano Wool & Cashmere Crewneck Sweater', 6802768, '276.00', '345.00', '0.0', 0, 1, 2, 4, 20, 54),
(113, 'Regal Crewneck Sweater', 6815773, '117.00', '195.00', '0.0', 0, 1, 2, 4, 20, 4),
(114, 'Blackhall Wool Half Zip Pullover', 6828606, '90.00', '150.00', '3.5', 2, 1, 2, 4, 21, 9),
(115, 'Knares Textured Crewneck Sweater', 6828627, '99.00', '165.00', '5.0', 1, 1, 2, 4, 19, 15),
(116, 'Eastbank Wool & Cotton Sweater', 6828713, '78.97', '158.00', '5.0', 1, 1, 2, 4, 24, 6),
(117, 'Summit Quarter Snap Pullover', 6828833, '89.60', '128.00', '0.0', 0, 1, 2, 4, 43, 21),
(118, 'Men\'s New Haven Herringbone Sweater', 6828840, '83.20', '128.00', '0.0', 0, 1, 2, 4, 43, 9),
(119, 'Shawl Collar Pullover', 6828936, '138.60', '198.00', '4.7', 11, 1, 2, 4, 25, 55),
(120, 'Lined Wool Zip Sweater', 4450812, '180.00', '180.00', '4.3', 3, 1, 2, 4, 44, 9),
(121, 'CozyChic™ Lite Raglan Sweater', 5371785, '114.00', '114.00', '4.0', 3, 1, 2, 4, 2, 2),
(122, 'MVP Slim Fit Notch Neck Wool Sweater', 5633984, '83.97', '168.00', '0.0', 0, 1, 2, 4, 12, 56),
(123, 'Rune Wool Blend Crewneck Sweater', 5748673, '118.40', '148.00', '0.0', 0, 1, 2, 4, 45, 31),
(124, 'Kilburn Wool Blend Half-Zip Pullover', 5751025, '124.00', '155.00', '0.0', 0, 1, 2, 4, 1, 9),
(125, 'Naylor Check Jacquard Merino Wool Sweater', 5782849, '840.00', '840.00', '0.0', 0, 1, 2, 4, 46, 18),
(126, 'Nostalgic Men\'s Sweater', 5840904, '78.97', '158.00', '5.0', 1, 1, 2, 4, 24, 16),
(127, 'Solid Cotton Jersey Crewneck Sweater', 5875919, '98.00', '98.00', '0.0', 0, 1, 2, 4, 47, 7),
(128, 'Cable Knit Henley Sweater', 5881639, '140.00', '140.00', '0.0', 0, 1, 2, 4, 44, 7),
(129, 'Bird\'s Eye Double Knit Pullover', 5902897, '157.50', '225.00', '0.0', 0, 1, 2, 4, 27, 57),
(130, 'Men\'s Wool Blend Text Cardigan', 5928767, '95.20', '119.00', '0.0', 0, 1, 2, 4, 5, 9),
(131, 'Half Zip Mock Neck Sweater', 5928863, '29.97', '59.00', '0.0', 0, 1, 2, 4, 5, 9),
(132, 'Quilted Cardigan', 5929738, '79.50', '79.50', '0.0', 0, 1, 2, 4, 6, 58),
(133, 'Komibo Men\'s Cotton Sweater', 5964777, '76.80', '128.00', '0.0', 0, 1, 2, 4, 10, 59),
(134, 'Sandkas Slim Fit Crewneck Sweater', 5974365, '39.97', '149.00', '0.0', 0, 1, 2, 4, 19, 17),
(135, 'Long Sleeve Floral Graphic Sweater', 6090075, '34.97', '69.00', '0.0', 0, 1, 2, 4, 5, 9),
(136, 'Stripe Wool Blend Sweater', 6110008, '121.50', '405.00', '0.0', 0, 1, 2, 4, 48, 9),
(137, 'Temple Logo Oversize Waffle Knit Sweater', 6116522, '102.00', '340.00', '0.0', 0, 1, 2, 4, 49, 6),
(138, 'Bird\'s Eye Cardigan', 6403285, '58.80', '98.00', '5.0', 1, 1, 2, 4, 50, 17),
(139, 'Sonderfell Cotton Henley', 6409316, '62.97', '125.00', '0.0', 0, 1, 2, 4, 8, 19),
(140, 'Nappi P Wool Sweater', 6423840, '124.60', '178.00', '0.0', 0, 1, 2, 4, 10, 60),
(141, 'Men\'s Devin Oversize Cotton Cardigan', 6424324, '54.95', '54.95', '0.0', 0, 1, 2, 4, 51, 9),
(142, 'Wes Crewneck Organic Cotton Blend Sweater', 6436823, '44.97', '90.00', '0.0', 0, 1, 2, 4, 23, 61),
(143, 'Chase Stripe Organic Cotton Blend Sweater', 6436828, '63.00', '90.00', '0.0', 0, 1, 2, 4, 23, 62),
(144, 'Men\'s Crewneck Sweater', 6446187, '83.30', '119.00', '0.0', 0, 1, 2, 4, 52, 25),
(145, 'Jacquard Textured Sweater', 6447024, '228.00', '228.00', '0.0', 0, 1, 2, 4, 53, 9),
(146, 'Wessex Crewneck Wool Sweater', 6452485, '116.00', '145.00', '4.0', 1, 1, 2, 4, 21, 18),
(147, 'Danny 6429 Rib Sweater', 6455579, '95.97', '175.00', '0.0', 0, 1, 2, 4, 54, 63),
(148, 'Racked Rib Crewneck Sweater', 6460817, '127.60', '159.50', '0.0', 0, 1, 2, 4, 34, 9),
(149, 'Whitewater Cotton Blend Hoodie Sweater', 6461905, '188.00', '188.00', '5.0', 1, 1, 2, 4, 55, 22),
(150, 'Armidale Classic Fit Full Zip Sweater', 6471781, '136.80', '228.00', '0.0', 0, 1, 2, 4, 56, 9),
(151, 'Rocer Chunky Roll Neck Wool Blend Sweater', 6479653, '99.97', '260.00', '0.0', 0, 1, 2, 4, 19, 64),
(152, 'x Nast Stacks Cotton Quarter Zip Sweater', 6493117, '97.50', '150.00', '5.0', 1, 1, 2, 4, 57, 9),
(153, 'Knit Piqué Terry Crewneck Sweater', 6512595, '64.03', '98.50', '0.0', 0, 1, 2, 4, 58, 19),
(154, 'Cotton & Cashmere Crewneck Sweater', 6514897, '79.20', '99.00', '0.0', 0, 1, 2, 4, 13, 35),
(155, 'Stay Loose Cable Knit Wool Blend Sweater', 6518378, '55.65', '79.50', '0.0', 0, 1, 2, 4, 59, 6),
(156, 'Wool & Cashmere Zip-Up Sweater', 6533678, '195.00', '325.00', '4.0', 1, 1, 2, 4, 35, 65),
(157, 'Uklam Stripe Cotton Sweater', 6548604, '142.40', '178.00', '0.0', 0, 1, 2, 4, 10, 44),
(158, 'Stein Crewneck Fair Isle Wool Blend Sweater', 6557282, '124.97', '250.00', '0.0', 0, 1, 2, 4, 54, 56),
(159, 'Crewneck Cable Sweater', 6566125, '50.00', '50.00', '0.0', 0, 1, 2, 4, 60, 36),
(160, 'Men\'s Essential V-Neck Sweater', 6573685, '65.00', '65.00', '0.0', 0, 1, 2, 4, 61, 18),
(161, 'Palmer Ribbed Cotton Crewneck Sweater', 6573819, '65.00', '65.00', '0.0', 0, 1, 2, 4, 61, 9),
(162, 'Cotton Cable Crewneck Sweater', 6584942, '35.00', '50.00', '0.0', 0, 1, 2, 4, 60, 11),
(163, 'Striped Fisherman Crew Neck Sweater', 6585046, '33.00', '60.00', '0.0', 0, 1, 2, 4, 60, 66),
(164, 'Fisherman Cardigan', 6592850, '98.00', '98.00', '0.0', 0, 1, 2, 4, 50, 9),
(165, 'Stripe Thermal Cotton Crewneck', 6600999, '59.50', '59.50', '0.0', 0, 1, 2, 4, 62, 22),
(166, 'Douglas V-Neck Sweater', 6607512, '68.98', '115.00', '4.4', 8, 1, 2, 4, 28, 67),
(167, 'Kitts Textured Cotton & Wool Quarter Zip Sweater', 6614573, '248.00', '248.00', '0.0', 0, 1, 2, 4, 4, 18),
(168, 'Armidale Classic Fit Full Zip Sweater', 6639597, '136.80', '228.00', '0.0', 0, 1, 2, 4, 56, 7),
(169, 'Mathias Neppy Crewneck Sweater', 6664666, '245.00', '245.00', '0.0', 0, 1, 2, 4, 63, 68),
(170, 'Oversize V-Neck Cashmere Sweater', 6667104, '1250.00', '1250.00', '0.0', 0, 1, 2, 4, 64, 23),
(171, 'Quarter Zip Birdseye Sweater', 6680911, '44.97', '89.50', '0.0', 0, 1, 2, 4, 3, 13),
(172, 'Shima Stripe Distressed Crewneck Sweater', 6689503, '229.00', '229.00', '0.0', 0, 1, 2, 4, 1, 32),
(173, 'Merino Wool Crewneck Sweater', 6726854, '54.97', '110.00', '3.5', 2, 1, 2, 4, 33, 69),
(174, 'Skyline Graphic Jacquard Cardigan', 6769516, '74.00', '74.00', '0.0', 0, 1, 2, 4, 17, 6),
(175, 'Fisherman Rib Crewneck Sweater', 6802746, '148.97', '298.00', '5.0', 1, 1, 2, 4, 25, 27),
(176, 'Rick Lambswool Blend Crewneck Sweater', 6802889, '93.97', '188.00', '0.0', 0, 1, 2, 4, 65, 70),
(177, 'Woven Collar Polo Sweater', 6803062, '27.97', '55.00', '0.0', 0, 1, 2, 4, 31, 71),
(178, 'Men\'s Restore Pima Cotton Blend Cardigan', 6811410, '228.00', '228.00', '0.0', 0, 1, 2, 4, 66, 13),
(179, 'Merino Wool Cardigan', 6828707, '108.00', '135.00', '0.0', 0, 1, 2, 4, 33, 72),
(180, 'Cable Knit Sweater', 6828915, '57.97', '115.00', '0.0', 0, 1, 2, 4, 23, 73),
(181, 'Lauriston Crewneck Sweater', 6829286, '106.80', '178.00', '4.3', 4, 1, 2, 4, 39, 18),
(182, 'Men\'s Sheldon Ombré Hooded Sweater', 6829362, '112.80', '188.00', '0.0', 0, 1, 2, 4, 67, 7),
(183, 'Boiled Cashmere Cardigan', 6844457, '325.50', '465.00', '0.0', 0, 1, 2, 4, 27, 31),
(184, '\'Koster\' Quarter Zip Sweater', 3637173, '96.60', '161.00', '5.0', 2, 1, 2, 4, 68, 74),
(185, 'Military Henley Sweater', 4451881, '145.00', '145.00', '4.5', 15, 1, 2, 4, 44, 9),
(186, 'Lakemont Half Zip Sweater', 4629861, '110.00', '110.00', '4.7', 26, 1, 2, 4, 28, 9),
(187, 'Waffle Knit Thermal Wool Blend Pullover', 4751716, '80.00', '80.00', '2.5', 2, 1, 2, 4, 44, 9),
(188, 'Regular Fit Waffle Crewneck Pullover', 5061608, '198.00', '198.00', '0.0', 0, 1, 2, 4, 25, 75),
(189, 'Merrick Bay Sweater', 5068182, '76.80', '128.00', '4.7', 24, 1, 2, 4, 39, 76),
(190, 'Wool Blend Military Sweater', 5159653, '130.00', '130.00', '3.7', 3, 1, 2, 4, 44, 7),
(191, 'Blackhall Wool Half Zip Pullover', 5415598, '90.00', '150.00', '3.5', 2, 1, 2, 4, 21, 9),
(192, 'Wool Blend Cardigan Sweater', 5793623, '170.00', '170.00', '4.3', 3, 1, 2, 4, 44, 7),
(193, 'Regular Fit Double Layer Stripe Crew Pullover', 5848891, '150.00', '295.00', '5.0', 1, 1, 2, 4, 27, 7),
(194, 'Mainsail Half Zip Pullover', 5849787, '140.00', '140.00', '0.0', 0, 1, 2, 4, 28, 19),
(195, 'Greca Jacquard Tape Wool, Silk & Cashmere Cardigan', 5915087, '538.50', '1795.00', '0.0', 0, 1, 2, 4, 69, 11),
(196, 'Textured Shawl Collar Cardigan', 6089137, '89.50', '89.50', '0.0', 0, 1, 2, 4, 6, 77),
(197, 'Longline Cardigan', 6090072, '59.00', '59.00', '0.0', 0, 1, 2, 4, 5, 13),
(198, 'BP. Be Proud by BP. Gender Inclusive Oversize Graphic Cardigan', 6137961, '32.97', '56.00', '0.0', 0, 1, 2, 4, 32, 9),
(199, 'Men\'s Romain Rib Merino Wool Sweater', 6142884, '365.00', '365.00', '0.0', 0, 1, 2, 4, 63, 78),
(200, 'Fluffy Face Crewneck Sweater', 6155386, '110.00', '110.00', '0.0', 0, 1, 2, 4, 70, 9),
(201, 'Gender Inclusive Appliqué Cardigan', 6298639, '78.00', '156.00', '0.0', 0, 1, 2, 4, 71, 16),
(202, 'Milligan Long Sleeve Half Zip Sweater', 6409311, '81.00', '135.00', '0.0', 0, 1, 2, 4, 8, 19),
(203, 'Nasato Stripe Crewneck Sweater', 6423838, '138.60', '198.00', '5.0', 1, 1, 2, 4, 10, 14),
(204, 'Dawson Mock Neck Organic Cotton Sweater', 6436821, '49.99', '75.00', '4.0', 3, 1, 2, 4, 23, 79),
(205, 'x Todd Snyder Men\'s Heritage Merino Wool Sweater', 6441051, '139.30', '199.00', '0.0', 0, 1, 2, 4, 9, 7),
(206, 'Distressed Cotton Blend Sweater', 6456202, '385.00', '385.00', '0.0', 0, 1, 2, 4, 72, 16),
(207, 'Cromwell Jacquard Wool Blend Crewneck Sweater', 6456808, '82.50', '165.00', '4.5', 2, 1, 2, 4, 8, 80),
(208, 'Merino Wool Cardigan', 6457416, '135.00', '135.00', '0.0', 0, 1, 2, 4, 33, 81),
(209, 'Cash Donegal Cashmere Crewneck Sweater', 6460803, '124.97', '249.00', '0.0', 0, 1, 2, 4, 34, 19),
(210, 'Cotton Crewneck Sweater', 6462763, '112.00', '140.00', '0.0', 0, 1, 2, 4, 47, 73),
(211, 'HUGO BOSS Musso-P Wool Turtleneck Sweater', 6464873, '178.00', '178.00', '0.0', 0, 1, 2, 4, 10, 82),
(212, 'HUGO BOSS Mardon-E Wool Cardigan Sweater', 6464881, '145.60', '208.00', '0.0', 0, 1, 2, 4, 10, 82),
(213, 'Nasato Stripe Crewneck Sweater', 6464909, '128.70', '198.00', '0.0', 0, 1, 2, 4, 10, 45),
(214, 'Long Sleeve Fleece Henley', 6466876, '41.70', '69.50', '0.0', 0, 1, 2, 4, 73, 7),
(215, 'Men\'s Icelandic Wool Blend Crewneck Sweater', 6467731, '125.00', '125.00', '0.0', 0, 1, 2, 4, 44, 9),
(216, 'Rick Feel Good Sportive Stripe Wool Blend Crewneck Sweater', 6489298, '98.97', '198.00', '0.0', 0, 1, 2, 4, 65, 7),
(217, 'Stripe Merino Wool Crewneck Sweater', 6500388, '118.50', '158.00', '0.0', 0, 1, 2, 4, 12, 83),
(218, 'Theon Organic Cotton Sweater', 6502003, '57.97', '115.00', '0.0', 0, 1, 2, 4, 23, 9),
(219, 'Kent Stripe Cotton Blend Sweater', 6514291, '73.97', '148.00', '0.0', 0, 1, 2, 4, 45, 7),
(220, 'Men\'s James Virgin Wool Blend Shawl Collar Cardigan', 6527090, '173.60', '248.00', '0.0', 0, 1, 2, 4, 65, 66),
(221, 'Cable Beach Zip-Up Sweater', 6530086, '147.97', '295.00', '4.5', 2, 1, 2, 4, 43, 84),
(222, 'Intarsia Logo Cotton Blend Sweater', 6532060, '355.00', '355.00', '0.0', 0, 1, 2, 4, 74, 9),
(223, 'Men\'s Pluto Sweater', 6535083, '115.50', '165.00', '0.0', 0, 1, 2, 4, 8, 16),
(224, 'Maldeny Geo Pattern Oversize Sweater', 6535549, '580.00', '580.00', '0.0', 0, 1, 2, 4, 75, 7),
(225, 'Trafford Wool Polo Sweater', 6536369, '185.00', '185.00', '0.0', 0, 1, 2, 4, 21, 51),
(226, 'Jasper Cardigan', 6546647, '159.60', '228.00', '0.0', 0, 1, 2, 4, 45, 7),
(227, 'Dexter Organic Cotton Sweater', 6548278, '295.00', '295.00', '0.0', 0, 1, 2, 4, 40, 8),
(228, 'Men\'s Mix Stitch Crewneck Fisherman Sweater', 6551026, '89.70', '138.00', '0.0', 0, 1, 2, 4, 76, 16),
(229, 'Oversize Stripe Fisherman Crewneck Sweater', 6552266, '21.97', '43.00', '0.0', 0, 1, 2, 4, 15, 85),
(230, 'Trafford Stretch Cotton Polo Sweater', 6554675, '130.00', '170.00', '0.0', 0, 1, 2, 4, 21, 86),
(231, 'Nara Textured Cotton Cardigan', 6573838, '89.00', '89.00', '0.0', 0, 1, 2, 4, 61, 9),
(232, 'Fluent Organic Cotton & Cashmere Crewneck Sweater', 6603975, '110.00', '110.00', '5.0', 1, 1, 2, 4, 77, 13),
(233, 'Men\'s Stripe Embroidered Logo Sweater', 6607755, '1180.00', '1180.00', '0.0', 0, 1, 2, 4, 78, 87),
(234, 'Merino Wool Blend Crewneck Sweater', 6628675, '95.00', '95.00', '0.0', 0, 1, 2, 4, 23, 6),
(235, 'Jordan Crewneck Cashmere Sweater', 6650775, '255.00', '255.00', '0.0', 0, 1, 2, 4, 33, 88),
(236, 'Oakum Cotton Thermal Sweater', 6656226, '150.00', '150.00', '0.0', 0, 1, 2, 4, 79, 25),
(237, 'Pacey Crewneck Sweater', 6694932, '249.00', '249.00', '0.0', 0, 1, 2, 4, 42, 6),
(238, 'P6 Oversize Sweater', 6701762, '45.00', '45.00', '0.0', 0, 1, 2, 4, 15, 89),
(239, 'Men\'s Bandana Stripe Wool & Cashmere Cardigan', 6704835, '1323.00', '1323.00', '0.0', 0, 1, 2, 4, 80, 35),
(240, 'Cashmere Sweater Hoodie', 6802921, '255.00', '425.00', '0.0', 0, 1, 2, 4, 27, 23),
(241, 'Tweed Half-Button Sweater', 6803066, '173.60', '248.00', '0.0', 0, 1, 2, 4, 25, 90),
(242, 'Men\'s James Virgin Wool Blend Shawl Collar Cardigan', 6803153, '173.60', '248.00', '0.0', 0, 1, 2, 4, 65, 7),
(243, 'Dexter Organic Cotton Sweater', 6828455, '147.97', '295.00', '0.0', 0, 1, 2, 4, 40, 11),
(244, 'Charlestown Quarter Zip Sweater', 6828477, '118.80', '198.00', '4.9', 8, 1, 2, 4, 39, 91),
(245, 'Bryce Marled Half Zip Sweater', 6828642, '62.97', '125.00', '3.0', 1, 1, 2, 4, 81, 92),
(246, 'Gradient Crewneck Sweater', 6830529, '128.00', '128.00', '0.0', 0, 1, 2, 4, 11, 7),
(247, 'Douglas V-Neck Sweater', 4063696, '140.00', '140.00', '5.0', 3, 1, 2, 4, 28, 67),
(248, 'Classic Fit Solid Cotton Crewneck Sweater', 5500622, '147.00', '245.00', '0.0', 0, 1, 2, 4, 41, 23),
(249, 'Island Zone Coolside Half Zip Pullover', 5729418, '148.00', '148.00', '5.0', 1, 1, 2, 4, 43, 90),
(250, 'Traverse Stretch Print Half-Zip Pullover', 5783367, '110.00', '110.00', '0.0', 0, 1, 2, 4, 28, 93),
(251, 'Military Henley Sweater', 5841142, '145.00', '145.00', '4.5', 15, 1, 2, 4, 44, 64),
(252, 'Men\'s Wool Blend Half Zip Sweater', 5878326, '327.00', '327.00', '0.0', 0, 1, 2, 4, 82, 18),
(253, 'Crafted by Vince Donegal Button Mock Neck Sweater', 5902904, '575.00', '575.00', '0.0', 0, 1, 2, 4, 27, 10),
(254, 'Textor Quarter Zip Rib Pullover', 5921145, '63.97', '128.00', '0.0', 0, 1, 2, 4, 10, 19),
(255, 'Ombré Turtleneck Sweater', 5928750, '29.97', '59.00', '0.0', 0, 1, 2, 4, 5, 9),
(256, 'Stripe Mock Neck Cotton Blend Sweater', 5928766, '29.97', '59.00', '0.0', 0, 1, 2, 4, 5, 94),
(257, 'Star Intarsia Wool & Recycled Cashmere Sweater', 5928861, '74.25', '99.00', '0.0', 0, 1, 2, 4, 5, 95),
(258, 'BP. Be Proud by BP. Gender Inclusive Pride Argyle Sweater', 5951513, '19.60', '49.00', '0.0', 0, 1, 2, 4, 32, 44),
(259, 'Men\'s Crewneck Wool Sweater', 5960434, '141.00', '470.00', '0.0', 0, 1, 2, 4, 83, 35),
(260, 'High Performance Wool Sweater', 5961599, '775.00', '775.00', '0.0', 0, 1, 2, 4, 84, 96),
(261, 'Cotton & Cashmere Hoodie', 5961609, '1190.00', '1190.00', '0.0', 0, 1, 2, 4, 84, 97),
(262, 'Fashion Cardigan Sweater', 6023019, '47.20', '59.00', '0.0', 0, 1, 2, 4, 31, 98),
(263, 'Boiled Cashmere Stripe Crewneck Sweater', 6122876, '425.00', '425.00', '0.0', 0, 1, 2, 4, 27, 99),
(264, 'Relaxed Crochet Cotton Cardigan', 6298627, '58.00', '145.00', '0.0', 0, 1, 2, 4, 71, 25),
(265, 'Men\'s Milano Wool Cardigan', 6445207, '295.00', '295.00', '0.0', 0, 1, 2, 4, 85, 100),
(266, 'Stripe Full Zip Sweater', 6447909, '260.00', '260.00', '0.0', 0, 1, 2, 4, 19, 7),
(267, 'Kurt 3457 Cotton & Modal Blend Pullover Sweater', 6455577, '79.97', '145.00', '0.0', 0, 1, 2, 4, 54, 15),
(268, 'Men\'s Sweater Fleece Top', 6458216, '59.95', '59.95', '0.0', 0, 1, 2, 4, 9, 58),
(269, 'Men\'s Wool Blend Half Zip Sweater', 6459834, '285.00', '475.00', '0.0', 0, 1, 2, 4, 41, 16),
(270, 'Men\'s Gunan Crewneck Sweatshirt', 6463759, '140.00', '140.00', '0.0', 0, 1, 2, 4, 86, 58),
(271, 'Fisherman Cable Knit Turtleneck Sweater', 6470221, '111.00', '185.00', '0.0', 0, 1, 2, 4, 33, 7),
(272, 'Hilles Cashmere Turtleneck Sweater', 6470780, '177.00', '295.00', '5.0', 1, 1, 2, 4, 20, 9),
(273, 'Bird\'s Eye Wool & Cashmere Colorblock Crewneck Sweater', 6472486, '345.00', '345.00', '0.0', 0, 1, 2, 4, 27, 101),
(274, 'Rib Short Sleeve Sweater', 6473855, '45.00', '45.00', '0.0', 0, 1, 2, 4, 5, 51),
(275, 'Herringbone Full Zip Sweater Jacket', 6474527, '83.40', '139.00', '0.0', 0, 1, 2, 4, 13, 23),
(276, 'Geometric Sweater', 6474534, '83.85', '129.00', '0.0', 0, 1, 2, 4, 13, 19),
(277, 'Thermal Crewneck Pullover', 6480608, '69.75', '155.00', '0.0', 0, 1, 2, 4, 27, 12),
(278, 'Camo Ink Crewneck Sweater', 6481621, '59.97', '120.00', '0.0', 0, 1, 2, 4, 37, 102),
(279, 'Organic Cotton Turtleneck Sweater', 6502004, '57.00', '95.00', '0.0', 0, 1, 2, 4, 23, 73),
(280, 'Men\'s Geo Pattern Wool Crewneck Sweater', 6519498, '325.00', '325.00', '0.0', 0, 1, 2, 4, 38, 7),
(281, 'Blenheim Jumper Ferne Wool Sweater', 6519797, '199.99', '315.00', '0.0', 0, 1, 2, 4, 36, 35),
(282, 'Noah 3-Stripes Turtleneck', 6523600, '180.00', '180.00', '0.0', 0, 1, 2, 4, 87, 19),
(283, 'Men\'s Button-Up Mock Neck Merino Wool Blend Sweater', 6544996, '73.97', '148.00', '0.0', 0, 1, 2, 4, 16, 36),
(284, 'Buckley Pullover', 6546633, '158.40', '198.00', '0.0', 0, 1, 2, 4, 45, 100),
(285, 'Harlow Stripe Cashmere Sweater', 6548259, '177.97', '395.00', '0.0', 0, 1, 2, 4, 40, 103),
(286, 'Bryce Marled Half Zip Sweater', 6554101, '125.00', '125.00', '3.0', 1, 1, 2, 4, 81, 104),
(287, 'Smooth Knit Sweater', 6557473, '635.00', '635.00', '0.0', 0, 1, 2, 4, 88, 7),
(288, 'La Greca Medium Jacquard Wool Blend Sweater', 6564553, '1025.00', '1025.00', '0.0', 0, 1, 2, 4, 69, 105),
(289, 'Old Dollar Cardigan', 6565249, '300.00', '300.00', '0.0', 0, 1, 2, 4, 89, 6),
(290, 'Blenheim Rookley Crewneck Wool Sweater', 6568307, '221.65', '403.00', '0.0', 0, 1, 2, 4, 36, 19),
(291, 'Men\'s Orkney Ribbed Wool Cardigan', 6568329, '243.97', '487.00', '0.0', 0, 1, 2, 4, 36, 18),
(292, 'Jacobo 6470 Cotton Sweater', 6572388, '175.00', '175.00', '0.0', 0, 1, 2, 4, 54, 25),
(293, 'Jacquard Sweater', 6579345, '44.97', '89.50', '0.0', 0, 1, 2, 4, 90, 23),
(294, 'Bay Shawl Cardigan', 6579727, '120.00', '200.00', '0.0', 0, 1, 2, 4, 79, 7),
(295, 'Knit Crewneck Sweater', 6600105, '145.00', '145.00', '4.0', 1, 1, 2, 4, 91, 11),
(296, 'Stripe Fuzzy Sweater', 6604650, '470.00', '470.00', '0.0', 0, 1, 2, 4, 92, 18),
(297, 'Xmas Icons Embroidered Sweatshirt', 6620257, '59.99', '59.99', '0.0', 0, 1, 2, 4, 93, 35),
(298, 'Quilted Quarter Zip Sweater', 6631629, '189.00', '189.00', '0.0', 0, 1, 2, 4, 35, 106),
(299, 'Ottoman Crewneck Cotton Sweater', 6631650, '199.00', '199.00', '0.0', 0, 1, 2, 4, 35, 7),
(300, 'Parks Wool Crewneck Sweater', 6631960, '160.00', '160.00', '0.0', 0, 1, 2, 4, 21, 86),
(301, 'Reverse Seam Cotton Blend Sweater', 6650799, '135.00', '135.00', '0.0', 0, 1, 2, 4, 33, 107),
(302, 'Alton Cotton Blend Cardigan', 6663480, '268.00', '268.00', '0.0', 0, 1, 2, 4, 53, 39),
(303, 'Men\'s Christian Solid Crewneck Sweater', 6664664, '230.00', '230.00', '0.0', 0, 1, 2, 4, 63, 22),
(304, 'Men\'s Newbury Half Zip Merino Wool Sweater', 6678419, '175.00', '175.00', '0.0', 0, 1, 2, 4, 8, 108),
(305, 'Elm Textured Sweater', 6713483, '228.00', '228.00', '0.0', 0, 1, 2, 4, 94, 25),
(306, 'Ribbed Mélange V-Neck Sweater Vest', 6762519, '65.00', '65.00', '0.0', 0, 1, 2, 4, 60, 109),
(307, 'Cotton Blend Cardigan', 6762543, '65.00', '65.00', '0.0', 0, 1, 2, 4, 60, 9),
(308, 'x Muhammad Ali™ Intarsia Sweater', 6764081, '375.00', '375.00', '5.0', 1, 1, 2, 4, 95, 17),
(309, 'Men\'s Extreme Oversize Zip Cardigan', 6774481, '84.00', '84.00', '0.0', 0, 1, 2, 4, 17, 36),
(310, 'Fisherman Knit Cotton Sweater Vest', 6789958, '55.00', '55.00', '0.0', 0, 1, 2, 4, 60, 13),
(311, 'Bird\'s Eye Wool & Cashmere Pullover', 6802908, '137.97', '275.00', '0.0', 0, 1, 2, 4, 27, 110),
(312, 'Donegal Cable Knit Fisherman Sweater', 6803287, '68.97', '138.00', '0.0', 0, 1, 2, 4, 16, 18),
(313, 'Agarr Textured Crewneck Sweater', 6821359, '69.97', '175.00', '0.0', 0, 1, 2, 4, 19, 97),
(314, 'Denver Broncos - Lakemont Regular Fit Quarter Zip Sweater', 4969934, '145.00', '145.00', '0.0', 0, 1, 2, 4, 28, 67),
(315, 'Heart Patch Cotton Sweater', 5503393, '330.00', '330.00', '0.0', 0, 1, 2, 4, 96, 19),
(316, 'Geo Pattern Merino Wool Turtleneck', 5720910, '340.00', '340.00', '0.0', 0, 1, 2, 4, 26, 23),
(317, 'Mock Neck Sweater', 5742409, '41.65', '59.50', '0.0', 0, 1, 2, 4, 3, 21),
(318, 'V-Neck Cotton Sweater', 5755959, '98.00', '98.00', '0.0', 0, 1, 2, 4, 47, 7),
(319, 'Destroyed Stripe Linen Blend Sweater', 5778686, '990.00', '990.00', '0.0', 0, 1, 2, 4, 97, 111),
(320, 'Barefoot Dreams Plaid Hooded Zip Cardigan', 5779248, '178.00', '178.00', '0.0', 0, 1, 2, 4, 2, 16),
(321, 'Zip Front Merino Wool & Silk Sweater', 5848447, '645.00', '645.00', '0.0', 0, 1, 2, 4, 98, 76),
(322, 'Mock Neck Sweater', 5930287, '41.40', '69.00', '5.0', 1, 1, 2, 4, 6, 9),
(323, 'Men\'s Wool Turtleneck Sweater', 5960444, '490.00', '490.00', '0.0', 0, 1, 2, 4, 83, 9),
(324, 'Wool & Cashmere Sweater', 5961602, '1497.00', '2495.00', '0.0', 0, 1, 2, 4, 84, 76),
(325, 'Cashseta Light Cashmere & Silk Turtleneck Sweater', 5961622, '975.00', '975.00', '0.0', 0, 1, 2, 4, 84, 18),
(326, 'Kael Wool & Cashmere Blend Sweater', 6093011, '540.00', '540.00', '0.0', 0, 1, 2, 4, 92, 9),
(327, 'Fin Circle Logo Embroidered Sweatshirt', 6093026, '420.00', '420.00', '0.0', 0, 1, 2, 4, 92, 9),
(328, 'Boiled Cashmere Cardigan', 6122893, '465.00', '465.00', '0.0', 0, 1, 2, 4, 27, 112),
(329, 'Mohair Blend Sweater', 6185036, '648.00', '648.00', '0.0', 0, 1, 2, 4, 99, 113),
(330, 'Turtleneck Sweater', 6437675, '345.00', '345.00', '0.0', 0, 1, 2, 4, 82, 6),
(331, 'Full Zip Wool Jacket', 6459916, '262.50', '375.00', '0.0', 0, 1, 2, 4, 41, 29),
(332, 'Variegated Waffle Crewneck Sweater', 6460804, '55.65', '79.50', '0.0', 0, 1, 2, 4, 34, 18),
(333, 'Variegated Waffle Crewneck Sweater', 6460843, '79.50', '79.50', '0.0', 0, 1, 2, 4, 34, 6),
(334, 'Bouclé V-Neck Cardigan', 6460859, '127.12', '169.50', '0.0', 0, 1, 2, 4, 34, 9),
(335, 'HUGO BOSS Leno-P Wool Crewneck Sweater', 6464903, '158.00', '158.00', '0.0', 0, 1, 2, 4, 10, 82),
(336, 'Denali Pullover', 6468394, '125.00', '125.00', '0.0', 0, 1, 2, 4, 81, 114),
(337, 'Popcorn Sweater', 6473043, '89.00', '89.00', '0.0', 0, 1, 2, 4, 100, 100),
(338, 'Distressed Cotton Blend Cardigan', 6478005, '545.00', '545.00', '0.0', 0, 1, 2, 4, 72, 16),
(339, 'Knox Fair Isle Crewneck Sweater', 6481275, '94.50', '135.00', '0.0', 0, 1, 2, 4, 101, 64),
(340, 'Mock Neck Quarter Zip Sweater', 6482747, '124.97', '250.00', '0.0', 0, 1, 2, 4, 35, 18),
(341, 'Joshua Wool Zip-Up Sweater', 6489308, '113.97', '228.00', '0.0', 0, 1, 2, 4, 65, 7),
(342, 'Beness Organic Cotton Sweater', 6501998, '76.00', '95.00', '0.0', 0, 1, 2, 4, 23, 115),
(343, 'Cable Knit Sweater', 6502008, '115.00', '115.00', '0.0', 0, 1, 2, 4, 23, 116),
(344, 'RRL Wool Blend Turtleneck Sweater', 6506280, '345.00', '345.00', '1.0', 1, 1, 2, 4, 102, 7),
(345, 'Feeder Stripe Cotton & Cashmere Sweater', 6514932, '59.40', '99.00', '0.0', 0, 1, 2, 4, 13, 23),
(346, 'Textured Stripe Wool Crewneck Sweater', 6519487, '375.00', '375.00', '0.0', 0, 1, 2, 4, 38, 7),
(347, 'Morven Ferry Quarter Zip Wool Blend Sweater', 6520030, '148.97', '298.00', '4.3', 4, 1, 2, 4, 39, 13),
(348, 'Harding Wool Blend Sweater', 6530546, '158.40', '198.00', '0.0', 0, 1, 2, 4, 45, 51),
(349, 'Tiger Reversible Wool Sweater', 6532064, '565.00', '565.00', '0.0', 0, 1, 2, 4, 74, 6),
(350, 'Nate Sweatshirt', 6533347, '280.00', '280.00', '0.0', 0, 1, 2, 4, 103, 102),
(351, 'Carlisle Sweater', 6546641, '83.97', '168.00', '0.0', 0, 1, 2, 4, 45, 51),
(352, 'Udo Waffle Knit Crewneck Sweater', 6548590, '106.80', '178.00', '5.0', 1, 1, 2, 4, 10, 9),
(353, 'Men\'s Year of the Tiger Climbing Tiger Intarsia Cotton Sweater', 6549745, '495.00', '495.00', '0.0', 0, 1, 2, 4, 74, 117),
(354, 'Windmer Crewneck Sweater', 6553721, '89.97', '225.00', '0.0', 0, 1, 2, 4, 19, 50),
(355, 'Jasper Thermal Hoodie Sweater', 6554163, '89.00', '89.00', '5.0', 1, 1, 2, 4, 81, 5),
(356, 'Elk Fleece Lined Wool Blend Sweater', 6556278, '200.00', '200.00', '0.0', 0, 1, 2, 4, 44, 118),
(357, 'Nannos Cable Knit Wool Turtleneck Sweater', 6556519, '198.97', '398.00', '0.0', 0, 1, 2, 4, 10, 45),
(358, 'Men\'s Crown Stripe Crewneck Sweater', 6568305, '198.00', '198.00', '0.0', 0, 1, 2, 4, 4, 119),
(359, 'Nick 6367 Merino Wool Blend Sweater', 6572364, '137.50', '250.00', '0.0', 0, 1, 2, 4, 54, 82),
(360, 'Embroidered Oversize Cotton Intarsia Cardigan', 6580091, '570.00', '570.00', '0.0', 0, 1, 2, 4, 104, 9),
(361, 'Kalon Face Patch Wool Sweater', 6586102, '310.00', '310.00', '0.0', 0, 1, 2, 4, 92, 16),
(362, 'Slim Fit Turtleneck Sweater', 6592537, '1000.00', '1000.00', '0.0', 0, 1, 2, 4, 105, 120),
(363, 'Stripe Cotton Blend Rib Sweater', 6592878, '295.00', '295.00', '0.0', 0, 1, 2, 4, 106, 121),
(364, 'Wool & Cashmere Mock Neck Sweater', 6595188, '325.00', '325.00', '0.0', 0, 1, 2, 4, 20, 45),
(365, 'Men\'s Embroidered Sweater Vest', 6602110, '1590.00', '1590.00', '0.0', 0, 1, 2, 4, 83, 6),
(366, 'Stripe Quarter Zip Merino Wool Sweater', 6602524, '690.00', '690.00', '0.0', 0, 1, 2, 4, 107, 9),
(367, 'Oversize Stripe Pocket Crewneck Sweater', 6602527, '750.00', '750.00', '0.0', 0, 1, 2, 4, 107, 42),
(368, 'Maison Funnel Neck Sweater', 6610214, '48.75', '75.00', '0.0', 0, 1, 2, 4, 60, 7),
(369, 'Miles Cardigan', 6610252, '450.00', '450.00', '0.0', 0, 1, 2, 4, 103, 19),
(370, 'Organic Cotton Zip Cardigan', 6618905, '345.00', '345.00', '0.0', 0, 1, 2, 4, 82, 16),
(371, 'Classic Stripe Sweater', 6642930, '128.00', '128.00', '0.0', 0, 1, 2, 4, 11, 25),
(372, 'Oskar Alpaca & Wool Blend Crewneck Sweater', 6689502, '249.00', '249.00', '0.0', 0, 1, 2, 4, 1, 122),
(373, 'Baby Island Cotton & Cashmere Crewneck Sweater', 6692876, '1095.00', '1095.00', '0.0', 0, 1, 2, 4, 84, 90),
(374, 'Baby Island Cotton & Cashmere Crewneck Sweater', 6692944, '1095.00', '1095.00', '0.0', 0, 1, 2, 4, 84, 123),
(375, 'Stein Crewneck Fair Isle Wool Blend Sweater', 6757375, '124.97', '250.00', '0.0', 0, 1, 2, 4, 54, 124),
(376, 'Men\'s Eromeo Stripe Cotton Blend Crewneck Sweater', 6763757, '208.00', '208.00', '0.0', 0, 1, 2, 4, 10, 125),
(377, 'Men\'s Blur Cable Zip Sweater', 6801585, '470.00', '470.00', '0.0', 0, 1, 2, 4, 26, 126),
(378, 'Men\'s Carlton Stripe Crewneck Sweater', 6801586, '430.00', '430.00', '0.0', 0, 1, 2, 4, 26, 9),
(379, 'Rib Cotton Crewneck Sweater', 6821681, '220.00', '275.00', '0.0', 0, 1, 2, 4, 27, 25),
(380, 'Lakemont V-Neck Sweater', 4629865, '100.00', '100.00', '4.5', 13, 1, 2, 4, 28, 19),
(381, 'CozyChic™ Aran Crewneck Sweater', 5689750, '158.00', '158.00', '4.8', 4, 1, 2, 4, 2, 127),
(382, 'Mainsail Half Zip Pullover', 5726836, '140.00', '140.00', '0.0', 0, 1, 2, 4, 28, 128),
(383, 'Men\'s Hoodie Sweater', 5754094, '58.97', '118.00', '0.0', 0, 1, 2, 4, 13, 19),
(384, 'Merino Wool Men\'s Sweater', 5766264, '790.00', '790.00', '0.0', 0, 1, 2, 4, 105, 23),
(385, 'Men\'s Marcus Merino Wool Sweater', 5773177, '147.97', '295.00', '0.0', 0, 1, 2, 4, 63, 21),
(386, 'Bomber Cardigan', 5793627, '150.00', '150.00', '0.0', 0, 1, 2, 4, 44, 7),
(387, 'Bird\'s Eye Crewneck Sweater', 5868826, '34.97', '89.50', '1.7', 11, 1, 2, 4, 3, 129),
(388, 'Wool Blend Sweater', 5878328, '285.00', '285.00', '0.0', 0, 1, 2, 4, 82, 130),
(389, 'Masten Eco Brea Tie Dye Crewneck Sweater', 5891138, '225.00', '225.00', '0.0', 0, 1, 2, 4, 20, 131),
(390, 'Men\'s 4-Bar Merino Wool Sweater', 5956706, '900.00', '900.00', '0.0', 0, 1, 2, 4, 108, 52),
(391, 'Oversize Crewneck Wool Sweater', 5960454, '850.00', '850.00', '0.0', 0, 1, 2, 4, 83, 9),
(392, 'Cashmere Sweater', 5961612, '990.00', '990.00', '0.0', 0, 1, 2, 4, 84, 96),
(393, 'Cashmere Sweater', 5961614, '995.00', '995.00', '0.0', 0, 1, 2, 4, 84, 106),
(394, 'Cashmere Zip Front Hooded Cardigan', 5961662, '1797.00', '2995.00', '0.0', 0, 1, 2, 4, 84, 18),
(395, 'Wool Blend Polo Sweater', 5965158, '1100.00', '1100.00', '0.0', 0, 1, 2, 4, 105, 9),
(396, 'Rib Wool & Cashmere Sweater', 5965167, '1100.00', '1100.00', '0.0', 0, 1, 2, 4, 105, 42),
(397, 'Cashmere Sweater', 5974489, '428.00', '428.00', '0.0', 0, 1, 2, 4, 109, 76),
(398, 'Mixed Rib Sweater T-Shirt', 6090070, '35.00', '35.00', '0.0', 0, 1, 2, 4, 5, 24),
(399, 'Embroidered TB Monogram Cashmere Sweater', 6265932, '840.00', '840.00', '0.0', 0, 1, 2, 4, 46, 17),
(400, 'BB Pheart Crewneck Sweatshirt', 6427403, '130.00', '130.00', '0.0', 0, 1, 2, 4, 110, 132),
(401, 'Feel Good Rib Crewneck Cotton Blend Sweater', 6438875, '111.65', '159.50', '0.0', 0, 1, 2, 4, 34, 16),
(402, 'Stripe Cotton Piqué Crewneck Sweater', 6454098, '115.70', '178.00', '0.0', 0, 1, 2, 4, 25, 133),
(403, 'Milan Cashmere Crewneck Sweater', 6457026, '177.00', '295.00', '0.0', 0, 1, 2, 4, 20, 54),
(404, 'Men\'s Mixed Stripe Merino Wool Sweater', 6470212, '99.00', '165.00', '0.0', 0, 1, 2, 4, 33, 134),
(405, 'Pitchh Ombré Wool Blend Cable Cardigan', 6479683, '260.00', '260.00', '0.0', 0, 1, 2, 4, 19, 135),
(406, 'Men\'s Crewneck Merino Wool Sweater', 6485769, '138.00', '230.00', '0.0', 0, 1, 2, 4, 111, 100),
(407, 'Fairway Shawl Collar Pullover', 6488394, '88.00', '88.00', '0.0', 0, 1, 2, 4, 112, 8),
(408, 'Gunan Quarter Zip Pullover', 6501592, '160.00', '160.00', '0.0', 0, 1, 2, 4, 86, 9),
(409, 'Long Sleeve Cotton Crewneck Sweater', 6502006, '45.00', '75.00', '0.0', 0, 1, 2, 4, 23, 9),
(410, 'Dean Turtleneck Sweater', 6504654, '108.00', '135.00', '0.0', 0, 1, 2, 4, 23, 15),
(411, 'Marled Ribbed Turtleneck Sweater', 6516595, '129.03', '198.50', '0.0', 0, 1, 2, 4, 34, 9),
(412, 'Zion Cotton Blend Crewneck Sweater', 6519348, '99.00', '99.00', '0.0', 0, 1, 2, 4, 81, 16),
(413, 'Talbot Roll Neck Wool Sweater', 6519790, '227.50', '325.00', '0.0', 0, 1, 2, 4, 36, 6),
(414, 'x Room 502 Biarritz Stripe Merino Wool Sweater', 6521384, '345.00', '345.00', '0.0', 0, 1, 2, 4, 113, 7),
(415, 'x Room 502 Cap Ferret Puff Sleeve Merino Wool Sweater', 6521400, '345.00', '345.00', '0.0', 0, 1, 2, 4, 113, 7),
(416, 'Brian Virgin Wool Blend Turtleneck Sweater', 6533205, '159.60', '228.00', '0.0', 0, 1, 2, 4, 65, 52),
(417, 'Men\'s Rick Virgin Wool Blend Crewneck Sweater', 6533206, '113.97', '228.00', '0.0', 0, 1, 2, 4, 65, 55),
(418, 'Marco Colorblock Alpaca Blend Sweater', 6533352, '465.00', '465.00', '0.0', 0, 1, 2, 4, 103, 136),
(419, 'Men\'s Drussellh Stripe Mohair Blend Sweater', 6535555, '580.00', '580.00', '0.0', 0, 1, 2, 4, 75, 25),
(420, 'Varsity Wool Blend Sweater', 6538783, '2250.00', '2250.00', '0.0', 0, 1, 2, 4, 78, 35),
(421, 'Oversize Intarsia Flower Wool & Mohair Crewneck Sweater', 6538787, '1990.00', '1990.00', '0.0', 0, 1, 2, 4, 78, 36),
(422, 'Stripe Crewneck Sweater', 6540547, '187.97', '375.00', '0.0', 0, 1, 2, 4, 106, 137),
(423, 'Jimmy Wool & Cashmere Sweater', 6554147, '365.00', '365.00', '0.0', 0, 1, 2, 4, 20, 16),
(424, 'Icelandic Wool Blend Crewneck Sweater', 6556327, '135.00', '135.00', '0.0', 0, 1, 2, 4, 44, 7),
(425, 'Studio Slouchy Crewneck Sweater', 6566157, '90.00', '90.00', '0.0', 0, 1, 2, 4, 60, 9),
(426, 'Bear Intarsia Wool Sweater', 6569175, '1275.00', '1275.00', '0.0', 0, 1, 2, 4, 114, 9),
(427, 'Pull Maceo Stripe Crewneck Cashmere & Cotton Blend Sweater', 6569395, '335.00', '335.00', '0.0', 0, 1, 2, 4, 63, 7),
(428, 'James Merino Wool Crewneck Sweater', 6569416, '255.00', '255.00', '0.0', 0, 1, 2, 4, 63, 138),
(429, 'Watkins Stripe Wool Blend Sweater', 6574081, '93.97', '188.00', '0.0', 0, 1, 2, 4, 45, 90),
(430, 'Men\'s I\'m Fine Wool Blend Sweater', 6577294, '280.00', '280.00', '0.0', 0, 1, 2, 4, 89, 9),
(431, 'Anagram Stripe Logo Jacquard Sweater', 6587359, '990.00', '990.00', '0.0', 0, 1, 2, 4, 115, 9),
(432, 'City Novo Merino Wool Quarter-Zip Sweater', 6595195, '142.97', '285.00', '0.0', 0, 1, 2, 4, 20, 9),
(433, 'William Blake Dante Print Silk Crewneck Sweater', 6607740, '1100.00', '1100.00', '0.0', 0, 1, 2, 4, 78, 139),
(434, 'Logo Mixed Stitch Knit Hoodie', 6609484, '1225.00', '1225.00', '0.0', 0, 1, 2, 4, 116, 102),
(435, 'Quarter Zip Cashmere Pullover', 6618540, '1295.00', '1295.00', '0.0', 0, 1, 2, 4, 84, 140),
(436, 'High Performance™ Packaway Merino Wool Crewneck Sweater', 6618542, '995.00', '995.00', '0.0', 0, 1, 2, 4, 84, 106),
(437, 'Jolly Crewneck Christmas Sweatshirt', 6620231, '39.99', '39.99', '0.0', 0, 1, 2, 4, 93, 35),
(438, 'Men\'s Wool & Cashmere Turtleneck Sweater', 6625079, '300.00', '300.00', '0.0', 0, 1, 2, 4, 117, 9),
(439, 'Oversize Cashmere Zip Hoodie', 6644555, '2640.00', '2640.00', '0.0', 0, 1, 2, 4, 118, 19),
(440, 'Tonal Textured Wool Blend Sweater', 6654092, '695.00', '695.00', '0.0', 0, 1, 2, 4, 119, 141),
(441, 'Wool Crewneck Sweater', 6654104, '825.00', '825.00', '0.0', 0, 1, 2, 4, 119, 16),
(442, 'Baja Stripe Pullover Hoodie Sweater', 6674859, '98.00', '98.00', '0.0', 0, 1, 2, 4, 62, 6),
(443, 'High Performance™ Merino Wool Crewneck Sweater', 6692854, '895.00', '895.00', '0.0', 0, 1, 2, 4, 84, 142),
(444, 'Cotton & Silk Cardigan', 6692859, '1995.00', '1995.00', '0.0', 0, 1, 2, 4, 84, 143),
(445, 'High Performance™ Wool Crewneck Sweater', 6692869, '1095.00', '1095.00', '0.0', 0, 1, 2, 4, 84, 144),
(446, 'Feel Good Rib Crewneck Cotton Blend Sweater', 6802593, '111.65', '159.50', '0.0', 0, 1, 2, 4, 34, 64),
(447, 'Trim Fit Jacquard Animal Pattern Merino Wool Sweater', 6802848, '136.80', '228.00', '0.0', 0, 1, 2, 4, 12, 145),
(448, 'Men\'s Rick Merino Wool Blend Crewneck Sweater', 6803168, '98.97', '198.00', '0.0', 0, 1, 2, 4, 65, 18),
(449, 'Toggle Shawl Collar Sweater', 4751708, '105.00', '105.00', '0.0', 0, 1, 2, 4, 44, 7),
(450, 'Fine Gauge Merino Wool & Silk Crewneck Sweater', 5461632, '345.00', '345.00', '0.0', 0, 1, 2, 4, 98, 90),
(451, 'Whendon Cable Knit Cardigan', 5741732, '89.00', '89.00', '0.0', 0, 1, 2, 4, 61, 100),
(452, 'Men\'s Crewneck Cashmere Sweater', 5774632, '375.00', '375.00', '0.0', 0, 1, 2, 4, 27, 146),
(453, 'Övik Fleece Zip Sweater', 5784981, '140.00', '140.00', '0.0', 0, 1, 2, 4, 68, 39),
(454, 'Fine Gauge Wool & Cashmere Sweater', 5798849, '1195.00', '1195.00', '0.0', 0, 1, 2, 4, 30, 84),
(455, 'Nocal Stripe Mock Neck Sweater', 5806452, '175.00', '175.00', '0.0', 0, 1, 2, 4, 19, 147),
(456, 'Rolled Collar Sweater', 5881640, '100.00', '100.00', '0.0', 0, 1, 2, 4, 44, 7),
(457, 'Core Half Zip Wool Pullover', 5892391, '67.97', '175.00', '1.0', 2, 1, 2, 4, 19, 7),
(458, 'Space Dye Wool & Cashmere Sweater', 5902894, '495.00', '495.00', '0.0', 0, 1, 2, 4, 27, 126),
(459, 'Sportswear Tech Pack City Grid Crewneck Sweater', 5928906, '140.00', '140.00', '0.0', 0, 1, 2, 4, 120, 66),
(460, 'Piped Sleeve Waffle Knit Sweater', 5935833, '800.00', '800.00', '0.0', 0, 1, 2, 4, 121, 148),
(461, 'Ribbed Wool Half Zip Sweater', 5935876, '920.00', '920.00', '5.0', 1, 1, 2, 4, 121, 16),
(462, '4-Bar Merino Wool Cardigan', 5956708, '950.00', '950.00', '0.0', 0, 1, 2, 4, 108, 16),
(463, 'Zip Cashmere & Silk Sweater', 5957500, '1650.00', '1650.00', '0.0', 0, 1, 2, 4, 30, 13),
(464, 'Tael Cashmere Sweater', 5962425, '465.00', '930.00', '0.0', 0, 1, 2, 4, 122, 16),
(465, 'Sequin Chevron Oversize Cardigan', 5968122, '1550.00', '1550.00', '0.0', 0, 1, 2, 4, 97, 149),
(466, 'Men\'s Tech-Smart Stripe Merino Wool Blend Sweater', 6090714, '48.65', '69.50', '0.0', 0, 1, 2, 4, 3, 7),
(467, 'Kapi Ombré Distressed Cotton Sweater', 6093022, '470.00', '470.00', '0.0', 0, 1, 2, 4, 92, 16),
(468, 'Boiled Cashmere Crewneck Sweater', 6122890, '395.00', '395.00', '0.0', 0, 1, 2, 4, 27, 112),
(469, 'Plush Cashmere Convertible Turtleneck', 6122898, '395.00', '395.00', '0.0', 0, 1, 2, 4, 27, 10),
(470, 'Powder Knit Wool Blend Cardigan Sweater', 6185025, '548.00', '548.00', '0.0', 0, 1, 2, 4, 99, 19),
(471, 'Colorblock Cotton Sweater', 6421233, '98.00', '98.00', '0.0', 0, 1, 2, 4, 123, 19),
(472, 'Men\'s Wool Half Zip Sweater', 6437673, '330.00', '330.00', '0.0', 0, 1, 2, 4, 82, 25),
(473, 'Stripe Wool Cardigan', 6438869, '160.65', '229.50', '0.0', 0, 1, 2, 4, 34, 7),
(474, 'Rib Wool Blend Sweater', 6447203, '1200.00', '1200.00', '0.0', 0, 1, 2, 4, 105, 16),
(475, 'Masei Organic Cotton Sweater', 6460435, '49.99', '75.00', '0.0', 0, 1, 2, 4, 23, 9),
(476, 'Bouclé Cardigan', 6460805, '110.17', '169.50', '0.0', 0, 1, 2, 4, 34, 6),
(477, 'Variegated Waffle Crewneck Sweater', 6460844, '63.60', '79.50', '0.0', 0, 1, 2, 4, 34, 19),
(478, 'Summit Quarter Snap Pullover', 6464647, '128.00', '128.00', '0.0', 0, 1, 2, 4, 43, 80),
(479, 'Musso Virgin Wool Turtleneck Sweater', 6464913, '106.80', '178.00', '0.0', 0, 1, 2, 4, 10, 150),
(480, 'Wool Blend Military Henley Sweater', 6467735, '100.00', '100.00', '0.0', 0, 1, 2, 4, 44, 7),
(481, 'Abisko Cardigan', 6468439, '125.00', '125.00', '2.0', 1, 1, 2, 4, 81, 19),
(482, 'Midnight Crewneck Sweater', 6472646, '160.00', '229.00', '0.0', 0, 1, 2, 4, 1, 9),
(483, 'Lada Wool Blend Sweater', 6482654, '90.00', '150.00', '0.0', 0, 1, 2, 4, 68, 66),
(484, 'Crown Soft Wool Blend Sweater', 6484635, '248.00', '248.00', '0.0', 0, 1, 2, 4, 4, 19),
(485, 'Rick Marled Crewneck Sweater', 6489312, '113.97', '228.00', '0.0', 0, 1, 2, 4, 65, 151),
(486, 'Viktor Wool Turtleneck Sweater', 6501584, '190.00', '190.00', '0.0', 0, 1, 2, 4, 86, 58),
(487, 'Pique Knit Terry Crewneck Sweater', 6512602, '64.03', '98.50', '0.0', 0, 1, 2, 4, 58, 15),
(488, 'Unisex Patchwork One of a Kind Quarter Zip Sweater', 6530593, '105.00', '350.00', '0.0', 0, 1, 2, 4, 124, 35),
(489, 'Chester Pointelle Stripe Wool Blend Cardigan', 6537025, '360.00', '360.00', '0.0', 0, 1, 2, 4, 125, 23),
(490, 'Carlisle Cotton Blend Crewneck Sweater', 6546625, '83.97', '168.00', '0.0', 0, 1, 2, 4, 45, 29),
(491, 'Leno Long Sleeve Top', 6548584, '158.00', '158.00', '0.0', 0, 1, 2, 4, 10, 152),
(492, 'Stripe Waffle Stitch Cotton Sweater', 6549438, '695.00', '695.00', '0.0', 0, 1, 2, 4, 121, 9),
(493, 'Case Fair Isle Wool Crewneck Sweater', 6551736, '62.97', '125.00', '5.0', 1, 1, 2, 4, 79, 153),
(494, 'Stripe Cardigan', 6557752, '980.00', '980.00', '0.0', 0, 1, 2, 4, 126, 19),
(495, 'Men\'s Capri Wool & Cashmere Crewneck Sweater', 6561500, '798.00', '798.00', '0.0', 0, 1, 2, 4, 99, 154),
(496, 'Whendon Cable Cardigan', 6573668, '89.00', '89.00', '0.0', 0, 1, 2, 4, 61, 9),
(497, 'Men\'s Edvard Munch Separation Wool Blend Sweater', 6586106, '470.00', '470.00', '0.0', 0, 1, 2, 4, 92, 18),
(498, 'Zigzag Cotton Cardigan', 6592271, '1440.00', '1440.00', '0.0', 0, 1, 2, 4, 127, 16),
(499, 'Mock Neck Sweater', 6592867, '79.00', '79.00', '0.0', 0, 1, 2, 4, 50, 155),
(500, 'Cotton Blend Rib Sweater', 6592877, '295.00', '295.00', '0.0', 0, 1, 2, 4, 106, 156),
(501, 'Maden Merino Wool Crewneck Sweater', 6595186, '225.00', '225.00', '0.0', 0, 1, 2, 4, 20, 16),
(502, 'Kubrick Cashmere Turtleneck Sweater', 6599098, '375.00', '375.00', '0.0', 0, 1, 2, 4, 19, 115),
(503, 'Thermal Crewneck Sweater', 6600998, '79.50', '79.50', '0.0', 0, 1, 2, 4, 62, 100),
(504, 'Zip Detail Wool Blend Cardigan', 6607730, '1890.00', '1890.00', '0.0', 0, 1, 2, 4, 78, 9),
(505, 'Burnout Organic Cotton Blend Hoodie', 6614870, '68.00', '68.00', '0.0', 0, 1, 2, 4, 128, 8),
(506, 'Wool & Organic Cotton Cardigan', 6618902, '398.00', '398.00', '0.0', 0, 1, 2, 4, 82, 157),
(507, 'Xmas Icons Embroidered Sweatshirt', 6620289, '59.99', '59.99', '0.0', 0, 1, 2, 4, 93, 7),
(508, 'x The Rolling Stones Start Me Up Wool Sweater', 6633613, '1425.00', '1425.00', '0.0', 0, 1, 2, 4, 129, 9),
(509, 'Men\'s English Rib Knit Crewneck Sweater', 6654880, '995.00', '995.00', '0.0', 0, 1, 2, 4, 30, 19),
(510, 'Fisherman\'s Sweater', 6657968, '645.00', '645.00', '0.0', 0, 1, 2, 4, 102, 9),
(511, 'Otis Crewneck Sweater', 6664656, '230.00', '230.00', '0.0', 0, 1, 2, 4, 63, 158),
(512, 'Black Edition Wool Blend Cardigan', 6681123, '1195.00', '1195.00', '0.0', 0, 1, 2, 4, 41, 9),
(513, 'AbbeyRd Milano Stitch Cardigan', 6749500, '225.00', '225.00', '0.0', 0, 1, 2, 4, 19, 7),
(514, 'Robins Stand Collar Cotton & Wool Blend Quarter Zip Pullover', 6759322, '225.00', '225.00', '0.0', 0, 1, 2, 4, 21, 7),
(515, 'Crewneck Wool Blend Sweater', 6803284, '79.60', '99.50', '0.0', 0, 1, 2, 4, 90, 17),
(516, 'Men\'s Crewneck Sweater', 6828446, '99.99', '148.00', '0.0', 0, 1, 2, 4, 11, 66),
(517, 'Men\'s Crown Cable Wool & Cashmere Quarter Zip Sweater', 6831222, '178.80', '298.00', '2.0', 1, 1, 2, 4, 4, 16),
(518, 'Men\'s Shop Cotton & Cashmere V-Neck Sweater', 3721841, '24.97', '49.50', '4.5', 225, 1, 2, 4, 3, 7);
INSERT INTO `sweaters` (`sweaters_id`, `product_name`, `sku`, `price_current_usd`, `price_retail_usd`, `review_rating`, `review_count`, `department_id`, `category_id`, `sub_category_id`, `sweaters_brand_id`, `sweaters_color_id`) VALUES
(519, 'Lakemont Classic Fit Quarter Zip Sweater', 4905480, '110.00', '110.00', '3.9', 7, 1, 2, 4, 28, 159),
(520, 'Kansas City Lakemont Regular Fit Quarter Zip Sweater', 4969094, '145.00', '145.00', '5.0', 1, 1, 2, 4, 28, 145),
(521, 'Delta Slim Fit Wool Blend Sweater', 5080387, '228.00', '228.00', '0.0', 0, 1, 2, 4, 130, 9),
(522, 'Aries Fisherman Sweater', 5365617, '73.97', '148.00', '3.5', 2, 1, 2, 4, 123, 160),
(523, 'Regal Crewneck Sweater', 5569402, '195.00', '195.00', '4.1', 14, 1, 2, 4, 20, 9),
(524, 'Lakemont Half Zip Sweater', 5693880, '110.00', '110.00', '4.7', 26, 1, 2, 4, 28, 161),
(525, 'Diamond Fair Isle Sweater', 5740826, '82.97', '165.00', '0.0', 0, 1, 2, 4, 33, 19),
(526, 'Waffle Knit Sweater', 5741114, '145.00', '145.00', '0.0', 0, 1, 2, 4, 131, 29),
(527, 'Elbow Patch Wool Sweater', 5958075, '985.00', '985.00', '0.0', 0, 1, 2, 4, 132, 127),
(528, 'Men\'s Virgin Wool & Cashmere Turtleneck Sweater', 5960436, '387.00', '1290.00', '0.0', 0, 1, 2, 4, 83, 19),
(529, 'High Performance Quarter Zip Wool Sweater', 5961608, '895.00', '895.00', '0.0', 0, 1, 2, 4, 84, 96),
(530, 'Lined Sweater', 6017364, '118.00', '118.00', '0.0', 0, 1, 2, 4, 133, 87),
(531, 'Cable Knit Wool Blend Sweater', 6093032, '510.00', '510.00', '0.0', 0, 1, 2, 4, 92, 16),
(532, 'Mock Neck Pullover', 6117581, '285.00', '285.00', '0.0', 0, 1, 2, 4, 88, 80),
(533, 'Jaquard Check Cardigan', 6417271, '370.00', '370.00', '0.0', 0, 1, 2, 4, 134, 19),
(534, 'Zip Cotton Sweater', 6419183, '110.00', '110.00', '0.0', 0, 1, 2, 4, 37, 9),
(535, 'Men\'s Nicolas Classic Crewneck Sweater', 6424321, '54.95', '54.95', '0.0', 0, 1, 2, 4, 51, 6),
(536, 'Stripe Cashmere Robe Coat', 6459174, '1905.00', '1905.00', '0.0', 0, 1, 2, 4, 135, 16),
(537, 'Beckton Wool Turtleneck Sweater', 6467253, '62.97', '159.00', '0.0', 0, 1, 2, 4, 19, 136),
(538, 'Bohemian Sweater', 6468395, '59.40', '99.00', '2.0', 1, 1, 2, 4, 81, 77),
(539, 'Camouflage Cotton Crewneck Sweater', 6483710, '79.50', '79.50', '0.0', 0, 1, 2, 4, 62, 153),
(540, 'x Grateful Dead Aoxomoxoa Fair Isle Jacquard Cotton Sweater', 6488374, '105.00', '105.00', '5.0', 1, 1, 2, 4, 44, 7),
(541, 'Men\'s Cable Knit Crewneck Sweater', 6499567, '50.00', '50.00', '2.0', 1, 1, 2, 4, 60, 19),
(542, 'Lakeside View Sweater', 6499615, '44.00', '44.00', '0.0', 0, 1, 2, 4, 136, 162),
(543, 'SLHIRVEN LS KNIT CRE', 6501997, '44.97', '90.00', '0.0', 0, 1, 2, 4, 23, 9),
(544, 'Noah Shawl Collar Organic Cotton Blend Sweater', 6501999, '57.00', '95.00', '0.0', 0, 1, 2, 4, 23, 15),
(545, 'Men\'s BB Warpspeed Crewneck Sweater', 6506108, '141.00', '235.00', '0.0', 0, 1, 2, 4, 110, 9),
(546, 'HUGO BOSS Natoli Reversible Crewneck Sweater', 6506187, '178.00', '178.00', '0.0', 0, 1, 2, 4, 10, 9),
(547, 'AX Armani Exchange Knit Pattern Sweater', 6509642, '98.00', '140.00', '0.0', 0, 1, 2, 4, 37, 9),
(548, 'Kasper N Intarsia Lambswool Cardigan', 6518756, '275.00', '275.00', '0.0', 0, 1, 2, 4, 137, 9),
(549, 'Jack Turtleneck', 6523711, '99.99', '129.00', '0.0', 0, 1, 2, 4, 42, 9),
(550, 'Wayne Wool Blend Turtleneck Sweater', 6523713, '139.30', '199.00', '0.0', 0, 1, 2, 4, 42, 6),
(551, 'Langston V-Neck Sweater', 6523721, '223.20', '279.00', '0.0', 0, 1, 2, 4, 42, 6),
(552, 'Men\'s Newcastle Ombré Stripe Shawl Collar Sweater', 6530089, '98.97', '198.00', '0.0', 0, 1, 2, 4, 43, 18),
(553, 'Unisex Patchwork One of a Kind V-Neck Sweater', 6530588, '90.00', '300.00', '0.0', 0, 1, 2, 4, 124, 42),
(554, 'Caine Turtleneck Wool Sweater', 6536373, '145.00', '145.00', '0.0', 0, 1, 2, 4, 21, 7),
(555, 'Becket Brushed Crewneck Merino Wool Sweater', 6537024, '215.00', '215.00', '0.0', 0, 1, 2, 4, 125, 102),
(556, 'Skull Jacquard Wool Sweater', 6538792, '950.00', '950.00', '0.0', 0, 1, 2, 4, 78, 16),
(557, 'Kalle Jacquard Cardigan', 6546213, '390.00', '390.00', '0.0', 0, 1, 2, 4, 125, 17),
(558, 'Udo Waffle Knit Crewneck Sweater', 6548614, '178.00', '178.00', '0.0', 0, 1, 2, 4, 10, 163),
(559, 'Knares Textured Crewneck Sweater', 6553789, '165.00', '165.00', '5.0', 1, 1, 2, 4, 19, 164),
(560, 'HUGO BOSS Leno Wool Crewneck Sweater', 6556522, '78.97', '158.00', '0.0', 0, 1, 2, 4, 10, 165),
(561, 'Mélange Crewneck Sweater', 6558952, '98.00', '98.00', '4.0', 1, 1, 2, 4, 11, 166),
(562, 'Andres Merino Wool & Alpaca Blend Front Zip Cardigan', 6561505, '698.00', '698.00', '0.0', 0, 1, 2, 4, 99, 19),
(563, 'Men\'s Passion Hooded Cotton Sweater', 6561780, '120.00', '120.00', '0.0', 0, 1, 2, 4, 138, 9),
(564, 'La Greca Monogram Jacquard Wool & Cotton Sweater', 6564575, '775.00', '775.00', '0.0', 0, 1, 2, 4, 69, 16),
(565, 'Blenheim Birling Wool Sweater', 6568318, '159.97', '319.00', '0.0', 0, 1, 2, 4, 36, 19),
(566, 'Crewneck Cotton Blend Sweater', 6568657, '149.00', '149.00', '0.0', 0, 1, 2, 4, 35, 167),
(567, 'Artillery Print Cotton & Linen Crewneck Sweater', 6569766, '123.20', '178.00', '0.0', 0, 1, 2, 4, 56, 19),
(568, 'Roman Half-Zip Sweater', 6572358, '207.00', '345.00', '0.0', 0, 1, 2, 4, 54, 7),
(569, 'Toby Thermal Cashmere Crewneck Sweater', 6595183, '345.00', '345.00', '5.0', 1, 1, 2, 4, 20, 82),
(570, 'Milton Textured Crewneck Wool & Cashmere Sweater', 6595191, '275.00', '275.00', '0.0', 0, 1, 2, 4, 20, 36),
(571, 'Wool Sweater', 6600205, '720.00', '720.00', '0.0', 0, 1, 2, 4, 132, 39),
(572, 'Print Thermal Knit Cotton Top', 6601009, '69.50', '69.50', '0.0', 0, 1, 2, 4, 62, 22),
(573, 'Thermal Crewneck Sweater', 6601066, '79.50', '79.50', '0.0', 0, 1, 2, 4, 62, 8),
(574, 'Holiday Print Sweatshirt', 6620192, '39.99', '39.99', '0.0', 0, 1, 2, 4, 93, 58),
(575, 'Xmas Icons Embroidered Sweatshirt', 6620199, '59.99', '59.99', '0.0', 0, 1, 2, 4, 93, 9),
(576, 'Patchwork Shawl Cardigan', 6674830, '139.00', '139.00', '0.0', 0, 1, 2, 4, 62, 16),
(577, 'Cotton Blend Quarter Zip Sweater', 6675319, '149.00', '149.00', '0.0', 0, 1, 2, 4, 35, 168),
(578, 'Wool & Cotton Blend Cardigan', 6677551, '370.00', '370.00', '0.0', 0, 1, 2, 4, 134, 73),
(579, 'Cotton & Silk Crewneck Sweater', 6692867, '1595.00', '1595.00', '0.0', 0, 1, 2, 4, 84, 140),
(580, 'Stripe Merino Wool Crewneck Sweater', 6712937, '78.97', '158.00', '0.0', 0, 1, 2, 4, 12, 16),
(581, 'Eamont Cotton Blend Crewneck Sweater', 6726403, '73.97', '147.00', '4.8', 4, 1, 2, 4, 1, 30),
(582, 'Check Wool & Silk Jacquard Crewneck Sweater', 6753784, '910.00', '910.00', '0.0', 0, 1, 2, 4, 46, 19),
(583, 'Rick Feel Good Sportive Stripe Wool Blend Crewneck Sweater', 6802878, '98.97', '198.00', '0.0', 0, 1, 2, 4, 65, 70),
(584, 'Fashion Cardigan Sweater', 6803059, '29.97', '59.00', '0.0', 0, 1, 2, 4, 31, 51),
(585, 'Mock Neck Sweater', 6830795, '34.97', '69.00', '0.0', 0, 1, 2, 4, 5, 51),
(586, 'Men\'s Blaze Water Resistant Hybrid Cardigan', 6831114, '178.80', '298.00', '0.0', 0, 1, 2, 4, 4, 35),
(587, 'Philadelphia Eagles - Lakemont Regular Fit Quarter Zip Sweater', 4969144, '145.00', '145.00', '0.0', 0, 1, 2, 4, 28, 169),
(588, 'Pocket Stripe Sweater', 5506964, '125.00', '125.00', '0.0', 0, 1, 2, 4, 139, 12),
(589, 'Crewneck Sweatshirt', 5736365, '175.00', '175.00', '5.0', 1, 1, 2, 4, 27, 17),
(590, 'Men\'s Ludo Fisherman Sweater', 5773189, '154.97', '310.00', '0.0', 0, 1, 2, 4, 63, 170),
(591, 'Sten Fleece Zip Sweater', 5784947, '125.00', '125.00', '0.0', 0, 1, 2, 4, 68, 171),
(592, 'Motif Cardgian Sweater', 5793622, '190.00', '190.00', '4.0', 2, 1, 2, 4, 44, 172),
(593, 'Stripe Cotton Sweater', 5798898, '675.00', '675.00', '0.0', 0, 1, 2, 4, 30, 19),
(594, 'Cashmere Blend Sweater', 5892448, '1300.00', '1300.00', '0.0', 0, 1, 2, 4, 105, 18),
(595, 'Boiled Cashmere Polo Sweater', 5902898, '425.00', '425.00', '0.0', 0, 1, 2, 4, 27, 10),
(596, 'Men\'s Merino Wool Zip Cardigan', 5950118, '99.00', '99.00', '0.0', 0, 1, 2, 4, 140, 82),
(597, 'Alpaca & Yak Sweater', 5957493, '1047.00', '1745.00', '0.0', 0, 1, 2, 4, 30, 28),
(598, 'Double Layer Collar Cashmere Sweater', 5961604, '1710.00', '2850.00', '0.0', 0, 1, 2, 4, 84, 5),
(599, 'Wool & Cashmere Quarter Zip Pullover', 6087660, '795.00', '795.00', '0.0', 0, 1, 2, 4, 98, 36),
(600, 'Cashmere Sweater', 6088262, '1290.00', '1290.00', '0.0', 0, 1, 2, 4, 84, 80),
(601, 'Blanket Pattern Crewneck Sweater', 6089136, '34.97', '69.50', '0.0', 0, 1, 2, 4, 6, 7),
(602, 'Jules Wool Crewnek Sweater', 6142873, '270.00', '270.00', '0.0', 0, 1, 2, 4, 63, 9),
(603, 'Insignia Cardigan', 6155391, '110.00', '110.00', '1.0', 1, 1, 2, 4, 70, 115),
(604, 'Angora Blend Cardigan', 6184837, '698.00', '698.00', '0.0', 0, 1, 2, 4, 99, 173),
(605, 'Men\'s Wool & Cashmere Crewneck Sweater', 6405626, '795.00', '795.00', '0.0', 0, 1, 2, 4, 41, 16),
(606, 'Long Sleeve Wool & Cashmere Zip Cardigan', 6405638, '895.00', '895.00', '0.0', 0, 1, 2, 4, 41, 6),
(607, 'Crewneck Wool Sweater', 6419176, '90.00', '90.00', '0.0', 0, 1, 2, 4, 37, 39),
(608, 'Wool Blend Crewneck Sweater', 6436786, '89.97', '215.00', '0.0', 0, 1, 2, 4, 141, 85),
(609, 'Regular Fit Wool Turtleneck Sweater', 6456208, '147.97', '295.00', '0.0', 0, 1, 2, 4, 142, 36),
(610, 'Rib Crewneck Sweater', 6460975, '79.97', '159.50', '0.0', 0, 1, 2, 4, 34, 80),
(611, 'Men\'s Logan Stripe Wool Blend Crewneck Sweater', 6463765, '119.97', '240.00', '0.0', 0, 1, 2, 4, 86, 66),
(612, 'Jackson Crewneck Sweater', 6465011, '158.00', '158.00', '5.0', 5, 1, 2, 4, 55, 8),
(613, 'Langton Cardigan', 6467245, '199.00', '199.00', '0.0', 0, 1, 2, 4, 19, 18),
(614, 'Shawl Collar Cardigan', 6467734, '190.00', '190.00', '5.0', 1, 1, 2, 4, 44, 172),
(615, 'Scotty Rib Merino Wool Zip-Up Cardigan', 6470773, '395.00', '395.00', '2.0', 1, 1, 2, 4, 20, 174),
(616, 'Men\'s Textured Raglan Sweater', 6471459, '95.00', '95.00', '0.0', 0, 1, 2, 4, 131, 84),
(617, 'Stripe Crewneck Linen Sweater', 6472506, '195.00', '195.00', '0.0', 0, 1, 2, 4, 27, 140),
(618, 'Plush Stripe Cashmere Hooded Sweater', 6474688, '495.00', '495.00', '0.0', 0, 1, 2, 4, 27, 175),
(619, 'Crewneck Sweater', 6481606, '84.00', '120.00', '0.0', 0, 1, 2, 4, 37, 9),
(620, 'Fairway Shawl Collar Pullover', 6488401, '88.00', '88.00', '0.0', 0, 1, 2, 4, 112, 7),
(621, 'Strummer Men\'s Stripe Cotton Sweater', 6494702, '169.00', '169.00', '0.0', 0, 1, 2, 4, 143, 9),
(622, 'Walker Marled Hooded Zip Cardigan', 6495698, '398.00', '398.00', '0.0', 0, 1, 2, 4, 53, 176),
(623, 'Multistripe Merino Wool Sweater', 6500386, '158.00', '158.00', '0.0', 0, 1, 2, 4, 12, 16),
(624, 'Stripe Quarter Zip Cotton Pullover', 6512583, '128.00', '128.00', '0.0', 0, 1, 2, 4, 58, 16),
(625, 'Kenly Wool & Cotton Henley Sweater', 6517824, '178.00', '178.00', '0.0', 0, 1, 2, 4, 14, 26),
(626, 'Unisex Patchwork One of a Kind Turtleneck Sweater', 6530607, '90.00', '300.00', '0.0', 0, 1, 2, 4, 124, 6),
(627, 'Embroidered Logo Sweatshirt', 6538775, '820.00', '820.00', '0.0', 0, 1, 2, 4, 78, 35),
(628, 'Men\'s Textured Cardigan', 6542214, '250.00', '250.00', '0.0', 0, 1, 2, 4, 144, 6),
(629, 'Donegal Wool Blend Crewneck Sweater', 6542865, '198.00', '198.00', '4.6', 9, 1, 2, 4, 55, 6),
(630, 'Pierce Cashmere Turtleneck Sweater', 6548256, '285.00', '475.00', '0.0', 0, 1, 2, 4, 40, 19),
(631, 'Heavyweight Wool Blend Shawl Collar Cardigan', 6549067, '235.00', '235.00', '5.0', 1, 1, 2, 4, 44, 84),
(632, 'Chunky Pattern Sweater', 6552807, '99.50', '99.50', '0.0', 0, 1, 2, 4, 90, 18),
(633, 'Regal Men\'s Wool Cardigan', 6554201, '245.00', '245.00', '0.0', 0, 1, 2, 4, 20, 23),
(634, 'Chuck Sweater', 6557295, '145.97', '265.00', '0.0', 0, 1, 2, 4, 54, 177),
(635, 'Eddie Rib Merino Wool Turtleneck Sweater', 6559782, '149.40', '249.00', '0.0', 0, 1, 2, 4, 145, 36),
(636, 'Floyd Cardigan Sweater', 6559793, '159.20', '199.00', '0.0', 0, 1, 2, 4, 145, 7),
(637, 'Reversible Quarter Zip Pullover', 6562178, '109.50', '109.50', '3.8', 11, 1, 2, 4, 146, 178),
(638, 'Après Ski Merino Wool Cardigan', 6568296, '178.80', '298.00', '0.0', 0, 1, 2, 4, 4, 7),
(639, 'Essential V-Neck Sweater', 6573642, '65.00', '65.00', '0.0', 0, 1, 2, 4, 61, 117),
(640, 'Space-Dye Sweater', 6601019, '99.00', '99.00', '0.0', 0, 1, 2, 4, 62, 19),
(641, 'Linen V-Neck Sweater', 6663507, '348.00', '348.00', '0.0', 0, 1, 2, 4, 53, 6),
(642, 'Cotton Blend Shawl Cardigan', 6674843, '139.00', '139.00', '0.0', 0, 1, 2, 4, 62, 16),
(643, 'Jensen Merino Wool Crewneck Sweater', 6675563, '545.00', '545.00', '0.0', 0, 1, 2, 4, 122, 12),
(644, 'Cabled 4-Bar Crewneck Sweater', 6682730, '750.00', '750.00', '0.0', 0, 1, 2, 4, 108, 84),
(645, 'Minato Zebra Stripe Oversize Crewneck Sweater', 6689525, '269.00', '269.00', '0.0', 0, 1, 2, 4, 1, 44),
(646, 'Men\'s Mock Neck Sweater', 6690612, '380.00', '380.00', '0.0', 0, 1, 2, 4, 147, 9),
(647, 'Core Mozart Half Zip Cotton Sweater', 6707320, '98.00', '98.00', '0.0', 0, 1, 2, 4, 123, 16),
(648, 'Cotton & Cashmere Henley Sweater', 6747228, '295.00', '295.00', '0.0', 0, 1, 2, 4, 106, 77),
(649, 'Appold Plated Crewneck Sweatshirt', 6749507, '165.00', '165.00', '0.0', 0, 1, 2, 4, 19, 7),
(650, 'Melange Tipped Knit Sweater', 6753626, '128.00', '128.00', '0.0', 0, 1, 2, 4, 148, 79),
(651, 'Tonal Stripe Crewneck Sweater', 6753629, '128.00', '128.00', '0.0', 0, 1, 2, 4, 148, 25),
(652, 'Men\'s Fennell Logo Intarsia Wool Blend Crewneck Sweater', 6753779, '1090.00', '1090.00', '0.0', 0, 1, 2, 4, 46, 18),
(653, 'Montego Quarter Zip Pullover', 6754500, '188.00', '188.00', '0.0', 0, 1, 2, 4, 55, 145),
(654, 'Sandsen Flower Crewneck Sweater', 6828935, '89.97', '225.00', '0.0', 0, 1, 2, 4, 19, 147),
(655, 'Gary Thermal Cotton & Cashmere Crewneck Sweater', 6828964, '135.00', '225.00', '0.0', 0, 1, 2, 4, 20, 170),
(656, 'New England Patriots - Lakemont Regular Fit Quarter Zip Sweater', 4968157, '145.00', '145.00', '0.0', 0, 1, 2, 4, 28, 67),
(657, 'Wool Blend Zip Sweater Jacket', 5159660, '200.00', '200.00', '0.0', 0, 1, 2, 4, 44, 172),
(658, 'Charlestown Quarter Zip Sweater', 5376257, '198.00', '198.00', '4.9', 8, 1, 2, 4, 39, 179),
(659, 'Ribbed Wool Blend Sweater', 5413816, '95.00', '95.00', '0.0', 0, 1, 2, 4, 44, 7),
(660, 'CozyChic™ Lite Zip Cardigan', 5617003, '158.00', '158.00', '4.3', 4, 1, 2, 4, 2, 19),
(661, 'Colorblock Pilot Sweater', 5759938, '148.80', '248.00', '0.0', 0, 1, 2, 4, 109, 15),
(662, 'Linen & Cotton Raglan Sweater', 5798864, '795.00', '795.00', '0.0', 0, 1, 2, 4, 30, 7),
(663, 'Wool Zip-Up Sweater', 5872301, '387.00', '645.00', '0.0', 0, 1, 2, 4, 41, 23),
(664, 'Terence Stripe Sweater', 5911741, '265.00', '265.00', '0.0', 0, 1, 2, 4, 63, 11),
(665, 'Jerome 3470 Crewneck Sweatshirt', 5936764, '64.97', '130.00', '0.0', 0, 1, 2, 4, 54, 19),
(666, 'Staylay Crewneck Sweater', 5941963, '89.40', '149.00', '0.0', 0, 1, 2, 4, 19, 50),
(667, 'Rib Cashmere Sweater', 5956469, '805.00', '805.00', '0.0', 0, 1, 2, 4, 135, 23),
(668, 'Men\'s Décortiqué Distressed Wool Cardigan', 5958083, '1115.00', '1115.00', '0.0', 0, 1, 2, 4, 132, 63),
(669, 'Stripe Sleeve Wool & Cashmere Sweater', 5960431, '435.37', '1290.00', '0.0', 0, 1, 2, 4, 83, 16),
(670, 'Quarter Zip Birdseye Sweater', 5962054, '62.65', '89.50', '0.0', 0, 1, 2, 4, 3, 21),
(671, 'Cable Knit Cashmere Sweater', 6088107, '995.00', '995.00', '5.0', 1, 1, 2, 4, 149, 23),
(672, 'Tufted Logo Wool Sweater', 6093446, '1190.00', '1190.00', '0.0', 0, 1, 2, 4, 150, 80),
(673, 'F–LAGSTUF–F Check Mohair Blend Cardigan', 6110048, '189.00', '420.00', '0.0', 0, 1, 2, 4, 48, 18),
(674, 'Stripe Cashmere Sweater', 6122903, '395.00', '395.00', '0.0', 0, 1, 2, 4, 27, 180),
(675, 'Big Cardigan', 6136426, '405.00', '405.00', '0.0', 0, 1, 2, 4, 151, 19),
(676, 'Zip Wool Sweater', 6403819, '1195.00', '1195.00', '0.0', 0, 1, 2, 4, 152, 5),
(677, 'Kalle Sun Wool Cardigan', 6408425, '179.97', '390.00', '0.0', 0, 1, 2, 4, 125, 15),
(678, 'Long Sleeve Waffle Crewneck Shirt', 6438857, '83.70', '139.50', '0.0', 0, 1, 2, 4, 34, 16),
(679, 'Wool Polo Sweater', 6445939, '168.00', '168.00', '0.0', 0, 1, 2, 4, 153, 23),
(680, 'Sett Textured Crewneck Sweater', 6447912, '69.97', '175.00', '0.0', 0, 1, 2, 4, 19, 22),
(681, 'Hilles Quarter Zip Cashmere Sweater', 6457028, '345.00', '345.00', '0.0', 0, 1, 2, 4, 20, 181),
(682, 'Men\'s Thaxter Cotton & Cashmere Quarter Zip Pullover', 6460392, '138.00', '138.00', '5.0', 2, 1, 2, 4, 76, 58),
(683, 'Agarr Textured Crewneck Sweater', 6479677, '69.97', '175.00', '0.0', 0, 1, 2, 4, 19, 136),
(684, 'Mason Colorblock Cashmere Sweater', 6481224, '117.00', '195.00', '0.0', 0, 1, 2, 4, 101, 58),
(685, 'Monsanto Crewneck Sweater', 6485297, '73.97', '148.00', '0.0', 0, 1, 2, 4, 11, 36),
(686, 'Sport Embroidered Merino Wool Crewneck Sweater', 6488314, '650.00', '650.00', '0.0', 0, 1, 2, 4, 154, 9),
(687, 'Scandratts Bay Knit Sweater', 6491583, '178.00', '178.00', '0.0', 0, 1, 2, 4, 39, 99),
(688, 'Short Sleeve Sweater', 6515797, '77.40', '129.00', '0.0', 0, 1, 2, 4, 35, 182),
(689, 'Essex Marino Pullover Sweater', 6517811, '198.00', '198.00', '0.0', 0, 1, 2, 4, 14, 9),
(690, 'Long Sleeve Rugby Shirt', 6521363, '44.00', '55.00', '0.0', 0, 1, 2, 4, 60, 76),
(691, 'Leon Rib Zip-Up Cardigan', 6532247, '89.00', '89.00', '0.0', 0, 1, 2, 4, 61, 16),
(692, 'World is Safe Unisex Cashmere Sweater', 6535494, '2195.00', '2195.00', '0.0', 0, 1, 2, 4, 135, 9),
(693, 'Poppy Print Wool & Silk Sweater', 6538771, '1100.00', '1100.00', '0.0', 0, 1, 2, 4, 78, 36),
(694, 'Skull Camo Wool Blend Sweater', 6538773, '1200.00', '1200.00', '0.0', 0, 1, 2, 4, 78, 9),
(695, 'Graffiti Logo Intarsia Organic Cotton Sweater', 6538779, '960.00', '960.00', '0.0', 0, 1, 2, 4, 78, 9),
(696, 'Full Zip Wool & Cashmere Cardigan', 6540612, '445.00', '445.00', '0.0', 0, 1, 2, 4, 27, 183),
(697, 'Men\'s Chevron Stitch Sweatshirt', 6551001, '188.00', '188.00', '0.0', 0, 1, 2, 4, 76, 84),
(698, 'Wool Blend Hoodie Sweater', 6555954, '248.00', '248.00', '0.0', 0, 1, 2, 4, 155, 6),
(699, 'The Morning Half-Zip Sweater', 6555965, '248.00', '248.00', '0.0', 0, 1, 2, 4, 155, 19),
(700, 'Waffle Crewneck Sweater', 6566123, '50.00', '50.00', '0.0', 0, 1, 2, 4, 60, 11),
(701, 'Fetter Quarter Zip Pullover', 6569768, '158.00', '158.00', '0.0', 0, 1, 2, 4, 56, 184),
(702, 'Palmer Ribbed Cotton Crewneck Sweater', 6573833, '65.00', '65.00', '0.0', 0, 1, 2, 4, 61, 17),
(703, 'Men\'s Intarsia Anagram Quarter Zip Wool Sweater', 6587381, '990.00', '990.00', '0.0', 0, 1, 2, 4, 115, 9),
(704, 'Rawlinson TB Monogram Jacquard Merino Wool Sweater', 6596282, '960.00', '960.00', '0.0', 0, 1, 2, 4, 46, 16),
(705, 'Mock Neck Fair Isle Sweater', 6605667, '229.00', '229.00', '0.0', 0, 1, 2, 4, 156, 185),
(706, 'Wool Blend Zip Cardigan', 6605671, '249.00', '249.00', '0.0', 0, 1, 2, 4, 156, 185),
(707, 'Shawl Collar Sweater', 6614882, '78.00', '78.00', '0.0', 0, 1, 2, 4, 128, 186),
(708, 'Gary Crewneck Waffle Wool Sweater', 6627316, '225.00', '225.00', '0.0', 0, 1, 2, 4, 20, 66),
(709, 'Thermal Crewneck Pullover', 6640763, '93.00', '155.00', '0.0', 0, 1, 2, 4, 27, 36),
(710, 'Slub Crewneck Sweater', 6643255, '198.00', '198.00', '0.0', 0, 1, 2, 4, 11, 11),
(711, 'Cashmere Crewneck Sweater', 6673391, '498.00', '498.00', '0.0', 0, 1, 2, 4, 109, 11),
(712, 'Industrial Mock Neck Wool Sweater', 6677608, '295.00', '295.00', '0.0', 0, 1, 2, 4, 134, 16),
(713, 'Tiger Patch Cardigan', 6678295, '385.00', '385.00', '0.0', 0, 1, 2, 4, 134, 45),
(714, 'Highgate Wool Blend Hoodie Sweater', 6678437, '87.97', '175.00', '5.0', 1, 1, 2, 4, 8, 80),
(715, 'Crown Regular Fit Quarter Zip Pullover', 6713954, '123.97', '248.00', '3.5', 4, 1, 2, 4, 4, 187),
(716, 'Cashmere Crewneck Sweater', 6726319, '187.97', '375.00', '0.0', 0, 1, 2, 4, 27, 19),
(717, 'Merino Wool Cardigan', 6726770, '92.97', '185.00', '3.0', 2, 1, 2, 4, 33, 72),
(718, 'Oversize Crewneck Sweater', 6726835, '580.00', '580.00', '0.0', 0, 1, 2, 4, 157, 35),
(719, 'Merino Wool Zip Hoodie', 6737469, '225.00', '225.00', '0.0', 0, 1, 2, 4, 35, 9),
(720, 'Cotton & Cashmere Crewneck Sweater', 6737501, '199.00', '199.00', '0.0', 0, 1, 2, 4, 35, 188),
(721, 'Men\'s Oakford Stripe Wool & Cashmere Cardigan', 6753809, '1250.00', '1250.00', '0.0', 0, 1, 2, 4, 46, 18),
(722, 'Men\'s Fennell Logo Intarsia Wool Blend Crewneck Sweater', 6753816, '1090.00', '1090.00', '0.0', 0, 1, 2, 4, 46, 16),
(723, 'Crewneck Terry Cloth Sweatshirt', 6762555, '65.00', '65.00', '0.0', 0, 1, 2, 4, 60, 189),
(724, 'Quarter Zip Pullover', 6772713, '178.00', '178.00', '0.0', 0, 1, 2, 4, 56, 184),
(725, 'Men\'s Stillness Ribbed Short Sleeve Sweater', 6801584, '280.00', '280.00', '0.0', 0, 1, 2, 4, 26, 190),
(726, '\'Lada\' Regular Fit Shawl Collar Sweater', 4136972, '155.00', '155.00', '0.0', 0, 1, 2, 4, 68, 7),
(727, 'Slope Hill Wool Sweater', 5068175, '136.80', '228.00', '5.0', 2, 1, 2, 4, 39, 18),
(728, 'Toggle Shawl Collar Sweater', 5474599, '105.00', '105.00', '0.0', 0, 1, 2, 4, 44, 191),
(729, 'Merino Wool Crewneck Sweater', 5479713, '79.00', '79.00', '0.0', 0, 1, 2, 4, 140, 16),
(730, 'Tiger Crest Crewneck Wool Sweater', 5619503, '325.00', '325.00', '0.0', 0, 1, 2, 4, 74, 82),
(731, 'Lauriston Crewneck Sweater', 5746345, '178.00', '178.00', '4.3', 4, 1, 2, 4, 39, 192),
(732, 'Collin Merino Wool Sweater', 5764697, '135.00', '225.00', '0.0', 0, 1, 2, 4, 40, 82),
(733, 'Logo Detail Sweatshirt', 5891946, '98.50', '98.50', '4.7', 15, 1, 2, 4, 39, 31),
(734, 'Men\'s V-Neck Cashmere Sweater', 5957503, '995.00', '995.00', '0.0', 0, 1, 2, 4, 30, 171),
(735, 'PUREMESO OVERSHIRT', 6031077, '72.00', '72.00', '0.0', 0, 1, 2, 4, 158, 7),
(736, 'Landscape Texture Sweater', 6089154, '29.97', '59.50', '0.0', 0, 1, 2, 4, 6, 94),
(737, 'Men\'s Crewneck Sweatshirt', 6128071, '149.00', '149.00', '0.0', 0, 1, 2, 4, 19, 193),
(738, 'Pop Wavy Print Zip Sleeve Turtleneck', 6137065, '255.00', '425.00', '0.0', 0, 1, 2, 4, 159, 18),
(739, 'Skagen Bubble Wool Sweater', 6292013, '137.97', '275.00', '0.0', 0, 1, 2, 4, 137, 7),
(740, 'Funnel Neck Cashmere Sweater', 6403824, '1795.00', '1795.00', '0.0', 0, 1, 2, 4, 152, 9),
(741, 'Fine Gauge Merino Wool Sweater', 6417107, '375.00', '375.00', '0.0', 0, 1, 2, 4, 160, 18),
(742, 'New College Stripe Wool Cardigan', 6417228, '345.00', '345.00', '0.0', 0, 1, 2, 4, 134, 19),
(743, 'Full Zip Sweater', 6419169, '110.00', '110.00', '0.0', 0, 1, 2, 4, 37, 39),
(744, 'Camo Texture Sweater', 6421222, '148.00', '148.00', '0.0', 0, 1, 2, 4, 123, 25),
(745, 'Wessex Wool Crewneck Sweater', 6421560, '145.00', '145.00', '0.0', 0, 1, 2, 4, 21, 19),
(746, 'Nelson Wool Quarter Zip Sweater', 6437130, '120.00', '150.00', '0.0', 0, 1, 2, 4, 79, 58),
(747, 'Nathan 6212 Wool Crewneck Sweater', 6455586, '95.97', '175.00', '0.0', 0, 1, 2, 4, 54, 106),
(748, 'Men\'s Wool Crewneck Sweater', 6456195, '124.97', '250.00', '0.0', 0, 1, 2, 4, 142, 19),
(749, 'Bird\'s Eye Quarter Zip Sweater', 6465987, '179.00', '179.00', '0.0', 0, 1, 2, 4, 35, 194),
(750, 'Regular Fit Crewneck Sweater', 6466032, '225.00', '225.00', '0.0', 0, 1, 2, 4, 35, 195),
(751, 'Brock Crew Wool Blend Sweater', 6467226, '175.00', '175.00', '0.0', 0, 1, 2, 4, 19, 6),
(752, 'Men\'s Textured Raglan Sweater', 6471455, '95.00', '95.00', '0.0', 0, 1, 2, 4, 131, 9),
(753, 'Sawyer Crewneck Sweatshirt', 6479737, '158.00', '158.00', '0.0', 0, 1, 2, 4, 65, 36),
(754, 'Linden Quarter Zip Organic Cotton Blend Sweater', 6481249, '116.25', '155.00', '0.0', 0, 1, 2, 4, 101, 23),
(755, 'Mock Neck Pullover', 6485304, '133.97', '268.00', '0.0', 0, 1, 2, 4, 11, 58),
(756, 'Sid Wool & Cotton Half Zip Sweater', 6494040, '150.00', '150.00', '0.0', 0, 1, 2, 4, 79, 153),
(757, 'Cashmere Crewneck Sweater', 6500385, '123.97', '248.00', '2.0', 1, 1, 2, 4, 12, 51),
(758, 'Rivington Marled Pullover Sweater', 6517795, '198.00', '198.00', '0.0', 0, 1, 2, 4, 14, 100),
(759, 'Blenheim Colorblock Merino Wool Sweater', 6519785, '187.97', '375.00', '0.0', 0, 1, 2, 4, 36, 9),
(760, 'Men\'s Snow Sweater', 6526494, '165.00', '275.00', '0.0', 0, 1, 2, 4, 161, 9),
(761, 'Nelson Cotton Fleece Cardigan', 6533341, '164.50', '235.00', '0.0', 0, 1, 2, 4, 103, 76),
(762, 'Windowpane Plaid Wool Blend Crewneck Sweater', 6534785, '114.97', '229.00', '0.0', 0, 1, 2, 4, 156, 9),
(763, 'Marled Hoodie Sweater', 6545411, '88.00', '88.00', '0.0', 0, 1, 2, 4, 158, 19),
(764, 'Swift Collared V-Neck Sweater', 6554678, '185.00', '185.00', '0.0', 0, 1, 2, 4, 21, 100),
(765, 'Men\'s Chunky Marled Sweater', 6555121, '248.00', '248.00', '0.0', 0, 1, 2, 4, 162, 16),
(766, 'Easton Merino Wool Blend Cardigan', 6557020, '99.00', '165.00', '0.0', 0, 1, 2, 4, 101, 18),
(767, 'Ecru Roll Neck Cabled Sweater', 6566129, '49.99', '78.00', '0.0', 0, 1, 2, 4, 60, 147),
(768, 'Talbot Rookley Turtleneck Wool Sweater', 6568297, '209.97', '420.00', '0.0', 0, 1, 2, 4, 36, 6),
(769, 'Men\'s Henfield Mock Neck Wool Sweater', 6568299, '192.97', '386.00', '0.0', 0, 1, 2, 4, 36, 16),
(770, 'S-Meyer Ribbed Velour Sweater', 6571953, '225.00', '225.00', '0.0', 0, 1, 2, 4, 163, 196),
(771, 'Stripe Cotton Crewneck Sweater', 6573777, '89.00', '89.00', '0.0', 0, 1, 2, 4, 61, 29),
(772, 'Quarter Zip Sweater', 6592851, '89.00', '89.00', '0.0', 0, 1, 2, 4, 50, 39),
(773, 'Marled Cotton Cardigan', 6606788, '595.00', '595.00', '0.0', 0, 1, 2, 4, 98, 16),
(774, 'Stripe Half Zip Cotton Sweater', 6610197, '48.00', '60.00', '0.0', 0, 1, 2, 4, 60, 25),
(775, 'Rise & Shine Cotton Blend Sweater', 6633606, '965.00', '965.00', '0.0', 0, 1, 2, 4, 129, 85),
(776, 'Icon Bandana Jacquard Cashmere Cardigan', 6633615, '2935.00', '2935.00', '0.0', 0, 1, 2, 4, 129, 9),
(777, 'Quarter Zip Cotton Blend Pullover', 6634921, '169.50', '169.50', '0.0', 0, 1, 2, 4, 34, 7),
(778, 'Bird\'s Eye Crewneck Sweater', 6640728, '43.97', '89.50', '1.7', 11, 1, 2, 4, 3, 84),
(779, 'Popcorn Stitch Zip Cardigan', 6640948, '43.97', '89.50', '3.0', 3, 1, 2, 4, 3, 5),
(780, 'Ombré Stripe Crewneck Sweater', 6643350, '168.00', '168.00', '0.0', 0, 1, 2, 4, 11, 102),
(781, 'Becket 3D Stripe Crewneck Wool Sweater', 6650947, '133.97', '320.00', '0.0', 0, 1, 2, 4, 125, 86),
(782, 'Multimedia Crewneck Sweater', 6669482, '860.00', '860.00', '0.0', 0, 1, 2, 4, 164, 16),
(783, 'Crewneck Sweater', 6682168, '74.97', '159.00', '0.0', 0, 1, 2, 4, 143, 193),
(784, 'Dexter Mixed Media Crewneck Sweater', 6762149, '295.00', '295.00', '0.0', 0, 1, 2, 4, 40, 153),
(785, 'Crochet Cardigan', 6769494, '695.00', '695.00', '0.0', 0, 1, 2, 4, 27, 197),
(786, 'Adrift Quarter Zip Pullover', 6772695, '178.00', '178.00', '0.0', 0, 1, 2, 4, 56, 19),
(787, 'Barrel Man Linen & Cotton Crewneck Sweater', 6772714, '178.00', '178.00', '0.0', 0, 1, 2, 4, 56, 198),
(788, 'Bohemian Sweater', 6802806, '79.20', '99.00', '2.0', 1, 1, 2, 4, 81, 84),
(789, 'Nostalgic Men\'s Sweater', 6802869, '99.99', '158.00', '0.0', 0, 1, 2, 4, 24, 9),
(790, 'Cashmere Henley', 6821722, '495.00', '495.00', '0.0', 0, 1, 2, 4, 27, 31),
(791, 'Linen & Cotton Polo Sweater', 6825195, '339.00', '339.00', '0.0', 0, 1, 2, 4, 153, 6),
(792, 'Men\'s Milano Wool Cardigan', 6828492, '199.99', '295.00', '0.0', 0, 1, 2, 4, 85, 7),
(793, 'Mock Neck Sweater', 6829258, '41.65', '59.50', '0.0', 0, 1, 2, 4, 3, 13),
(794, 'Seattle Seahawks - Lakemont Regular Fit Quarter Zip Sweater', 4968245, '145.00', '145.00', '5.0', 1, 1, 2, 4, 28, 67),
(795, 'Textured Sweater', 5676307, '125.00', '125.00', '4.0', 1, 1, 2, 4, 139, 84),
(796, 'Portway Crewneck Sweater', 5685198, '165.00', '165.00', '0.0', 0, 1, 2, 4, 8, 19),
(797, 'Mainsail Zip Jacket', 5726838, '145.00', '145.00', '1.0', 1, 1, 2, 4, 28, 199),
(798, 'Solid Cotton Jersey Crewneck Sweater', 5728958, '98.00', '98.00', '0.0', 0, 1, 2, 4, 47, 200),
(799, 'Crown Merino & Silk Quarter Zip Pullover', 5729345, '198.00', '198.00', '4.6', 70, 1, 2, 4, 4, 9),
(800, 'Rocky Men\'s Crewneck Sweater', 5789899, '39.00', '65.00', '0.0', 0, 1, 2, 4, 23, 73),
(801, 'Dip Dye Cotton Sweater', 5892028, '125.00', '125.00', '0.0', 0, 1, 2, 4, 139, 21),
(802, 'Alpaca Sweater', 5893496, '250.00', '250.00', '0.0', 0, 1, 2, 4, 165, 115),
(803, 'Cashmere Crewneck Sweater', 5902881, '281.25', '375.00', '0.0', 0, 1, 2, 4, 27, 9),
(804, 'Graffiti Logo Intarsia Organic Cotton Sweater', 5924809, '940.00', '940.00', '0.0', 0, 1, 2, 4, 78, 201),
(805, 'Men\'s Crewneck Wool Sweater', 5960467, '690.00', '690.00', '0.0', 0, 1, 2, 4, 83, 36),
(806, 'Plaid Sweater Vest', 6090022, '24.97', '49.00', '0.0', 0, 1, 2, 4, 5, 51),
(807, 'Fred Nep Flecked Crewneck Pullover', 6142872, '325.00', '325.00', '0.0', 0, 1, 2, 4, 63, 78),
(808, 'Optic Bouclé Crewneck Sweater', 6288662, '199.99', '295.00', '0.0', 0, 1, 2, 4, 166, 31),
(809, 'Virgin Wool Polo Sweater', 6291731, '575.00', '575.00', '0.0', 0, 1, 2, 4, 29, 6),
(810, 'Cotton & Wool Crewneck Sweater', 6412152, '90.65', '129.50', '0.0', 0, 1, 2, 4, 34, 9),
(811, 'Merino Wool Polo Sweater', 6417005, '420.00', '420.00', '0.0', 0, 1, 2, 4, 160, 18),
(812, 'Men\'s French Terry Quarter Zip Pullover', 6433181, '75.00', '75.00', '0.0', 0, 1, 2, 4, 73, 16),
(813, 'Double Face Shetland Wool Blend Sweater', 6447198, '1700.00', '1700.00', '0.0', 0, 1, 2, 4, 105, 58),
(814, 'Luxor Wool Crewneck', 6448787, '185.00', '185.00', '0.0', 0, 1, 2, 4, 1, 9),
(815, 'Ribbed Wool Blend Cardigan Sweater', 6459225, '340.00', '340.00', '0.0', 0, 1, 2, 4, 134, 16),
(816, 'Crewneck Wool Blend Sweater', 6466016, '250.00', '250.00', '0.0', 0, 1, 2, 4, 35, 202),
(817, 'Cable Knit Quarter Zip Sweater', 6466024, '225.00', '225.00', '1.0', 1, 1, 2, 4, 35, 106),
(818, 'Kenton V-Neck Wool Sweater', 6467237, '149.00', '149.00', '0.0', 0, 1, 2, 4, 19, 100),
(819, 'Textured Raglan Sweater', 6471477, '95.00', '95.00', '0.0', 0, 1, 2, 4, 131, 15),
(820, 'Men\'s Crown Wool & Silk V-Neck Sweater', 6484625, '168.00', '168.00', '0.0', 0, 1, 2, 4, 4, 82),
(821, 'x Grateful Dead Stealie Logo Wool Blend Sweater', 6488377, '120.00', '120.00', '0.0', 0, 1, 2, 4, 44, 9),
(822, 'Gamlan Regular Fit Half Zip Merino Wool Sweater', 6494035, '220.00', '220.00', '0.0', 0, 1, 2, 4, 79, 153),
(823, 'x NBA Tdribble New York Knicks Logo Turtleneck', 6500359, '70.40', '128.00', '0.0', 0, 1, 2, 4, 10, 203),
(824, 'Newbury Merino Wool Zip Cardigan', 6507534, '97.97', '195.00', '0.0', 0, 1, 2, 4, 8, 7),
(825, 'Aran Wool Cardigan', 6519780, '375.00', '375.00', '0.0', 0, 1, 2, 4, 36, 19),
(826, 'Patchwork One of a Kind Polo Sweater', 6530596, '105.00', '350.00', '0.0', 0, 1, 2, 4, 124, 19),
(827, 'Drop Stitch Cashmere Sweater', 6535511, '1390.00', '1390.00', '0.0', 0, 1, 2, 4, 135, 25),
(828, 'Blackhall Wool Quarter Zip Sweater', 6536370, '90.00', '150.00', '0.0', 0, 1, 2, 4, 21, 19),
(829, 'Men\'s Dino Brushed Turtleneck', 6537036, '250.00', '250.00', '0.0', 0, 1, 2, 4, 125, 115),
(830, 'Men\'s Half-Zip Funnel Neck Sweater', 6541184, '48.00', '48.00', '0.0', 0, 1, 2, 4, 60, 72),
(831, 'Puremeso Mock Neck Top', 6545397, '85.00', '85.00', '0.0', 0, 1, 2, 4, 158, 19),
(832, 'Mock Neck Pullover', 6545423, '92.00', '92.00', '0.0', 0, 1, 2, 4, 158, 23),
(833, 'Men\'s Fair Isle Fleece Jacket', 6548227, '190.97', '425.00', '0.0', 0, 1, 2, 4, 40, 36),
(834, 'Wesley Fair Isle Wool Crewneck Sweater', 6548282, '197.97', '395.00', '0.0', 0, 1, 2, 4, 40, 25),
(835, 'Gruis Oversize Knit Wool Blend Hoodie', 6552767, '540.00', '540.00', '0.0', 0, 1, 2, 4, 92, 19),
(836, 'Love Medusa Oversize Crewneck Sweater', 6564555, '1925.00', '1925.00', '0.0', 0, 1, 2, 4, 69, 204),
(837, 'Men\'s Smart Roll Neck Sweater', 6566127, '50.00', '50.00', '0.0', 0, 1, 2, 4, 60, 86),
(838, 'Waffle Crewneck Sweater', 6566132, '55.00', '55.00', '0.0', 0, 1, 2, 4, 60, 44),
(839, 'Men\'s Apres Ski Crewneck Sweater', 6568341, '173.60', '248.00', '0.0', 0, 1, 2, 4, 4, 7),
(840, 'Capel Print Cotton & Linen Crewneck Sweater', 6569711, '178.00', '178.00', '0.0', 0, 1, 2, 4, 56, 71),
(841, 'Farringdon Geo Print Quarter Zip Pullover', 6569759, '178.00', '178.00', '0.0', 0, 1, 2, 4, 56, 134),
(842, 'Crewneck Sweater', 6592845, '79.00', '79.00', '0.0', 0, 1, 2, 4, 50, 39),
(843, 'x Camille Walala Fair Isle Lambswool Sweater', 6594781, '465.00', '465.00', '0.0', 0, 1, 2, 4, 167, 16),
(844, 'x Camille Walala Fair Isle Lambswool Sweater', 6594783, '465.00', '465.00', '0.0', 0, 1, 2, 4, 167, 21),
(845, 'Diagonals Outline Crewneck Sweater', 6595106, '710.00', '710.00', '0.0', 0, 1, 2, 4, 168, 19),
(846, 'Pierre Crewneck Sweater', 6602676, '169.00', '169.00', '0.0', 0, 1, 2, 4, 1, 9),
(847, 'Cable Colorblock Merino Wool & Silk Sweater', 6606765, '695.00', '695.00', '0.0', 0, 1, 2, 4, 98, 16),
(848, 'Mainsail Half Zip Pullover', 6608030, '140.00', '140.00', '0.0', 0, 1, 2, 4, 28, 16),
(849, 'Men\'s Half Zip Short Sleeve Mock Neck Sweater', 6624777, '31.20', '52.00', '0.0', 0, 1, 2, 4, 17, 25),
(850, 'Andrew Front Zip Wool Sweater', 6635665, '550.00', '550.00', '0.0', 0, 1, 2, 4, 40, 9),
(851, 'Studio Lounge Fleece Sweater', 6637028, '45.00', '60.00', '3.6', 5, 1, 2, 4, 87, 9),
(852, 'Fogachine Banana Cashmere Net Sweater', 6644384, '1440.00', '1440.00', '0.0', 0, 1, 2, 4, 118, 9),
(853, 'The Bronx Sweatshirt', 6675365, '109.97', '225.00', '5.0', 1, 1, 2, 4, 169, 13),
(854, 'Heyze Turtleneck Top', 6675621, '365.00', '365.00', '0.0', 0, 1, 2, 4, 122, 18),
(855, 'Ghost Check Sweater', 6737494, '179.00', '179.00', '0.0', 0, 1, 2, 4, 35, 202),
(856, 'Cashmere Crewneck Sweater', 6802516, '191.75', '295.00', '0.0', 0, 1, 2, 4, 106, 205),
(857, 'Mars Marled Crewneck Sweater', 6803354, '132.75', '295.00', '0.0', 0, 1, 2, 4, 20, 13),
(858, 'Men\'s Cable Knit Crewneck Sweater', 6828850, '40.00', '50.00', '2.0', 1, 1, 2, 4, 60, 9),
(859, 'Men\'s Martin 6328 Mock Neck Wool Sweater', 6829204, '113.75', '175.00', '0.0', 0, 1, 2, 4, 54, 206),
(860, 'Quarter Zip Birdseye Sweater', 6836689, '71.60', '89.50', '0.0', 0, 1, 2, 4, 3, 3),
(861, 'Merino Wool & Silk Tipped Sweater', 4744763, '345.00', '345.00', '2.0', 1, 1, 2, 4, 98, 16),
(862, 'Jett Slim Fit Crewneck Sweater', 5211974, '198.00', '198.00', '0.0', 0, 1, 2, 4, 130, 207),
(863, 'Pocket Sweater', 5372461, '85.00', '85.00', '0.0', 0, 1, 2, 4, 158, 19),
(864, 'Leven Shawl Collar Cardigan', 5413118, '248.00', '248.00', '5.0', 1, 1, 2, 4, 170, 7),
(865, 'Bancroft TB Monogram Embroidered Cashmere Sweater', 5721447, '840.00', '840.00', '0.0', 0, 1, 2, 4, 46, 16),
(866, 'Essential V-Neck Cotton Sweater', 5741735, '49.00', '49.00', '0.0', 0, 1, 2, 4, 61, 208),
(867, 'Double Skull Graphic Sweater', 5746458, '128.00', '128.00', '5.0', 1, 1, 2, 4, 133, 87),
(868, 'Cashmere Zip Front Hoodie', 5798874, '1995.00', '1995.00', '0.0', 0, 1, 2, 4, 30, 9),
(869, 'Faded Cotton Sweater', 5814666, '82.97', '198.00', '0.0', 0, 1, 2, 4, 82, 141),
(870, 'Wool & Recycled Cashmere Sweater', 5928746, '44.97', '89.00', '0.0', 0, 1, 2, 4, 5, 94),
(871, 'Animalier Print Fair Isle Embroidered Wool Sweater', 5951230, '1116.00', '2790.00', '0.0', 0, 1, 2, 4, 171, 19),
(872, 'Canon Cotton Turtleneck', 5954296, '138.00', '138.00', '0.0', 0, 1, 2, 4, 130, 6),
(873, 'Godfrey Peerless Embroidered Wool & Linen Polo Sweater', 5975592, '1060.00', '1060.00', '0.0', 0, 1, 2, 4, 172, 7),
(874, 'Mixed Aran Stitch Cashmere & Silk Sweater', 6088693, '717.00', '2390.00', '0.0', 0, 1, 2, 4, 173, 36),
(875, 'Men\'s Turtleneck Sweater', 6125005, '695.00', '695.00', '0.0', 0, 1, 2, 4, 168, 19),
(876, 'Allover Logo Cotton Blend Sweater', 6125020, '1140.00', '1140.00', '0.0', 0, 1, 2, 4, 168, 9),
(877, 'Ethan Crewneck Wool Sweater', 6125574, '99.97', '199.00', '0.0', 0, 1, 2, 4, 145, 18),
(878, 'Grant Merino Wool Turtleneck Sweater', 6125580, '149.40', '249.00', '0.0', 0, 1, 2, 4, 145, 5),
(879, 'Stripe Turtleneck Mohair Blend Sweater', 6184986, '920.00', '920.00', '0.0', 0, 1, 2, 4, 174, 9),
(880, 'Floral Print Alpaca Crewneck Sweater', 6288671, '147.97', '295.00', '0.0', 0, 1, 2, 4, 166, 9),
(881, 'Reef Knot Cabled Sweater', 6288688, '227.50', '325.00', '0.0', 0, 1, 2, 4, 166, 16),
(882, 'Men\'s Wool & Cashmere Crewneck Sweater', 6405624, '795.00', '795.00', '0.0', 0, 1, 2, 4, 41, 18),
(883, 'Cotton & Wool Crewneck Sweater', 6412158, '84.17', '129.50', '0.0', 0, 1, 2, 4, 34, 7),
(884, 'Cashmere Crewneck Sweater', 6417063, '905.00', '905.00', '0.0', 0, 1, 2, 4, 160, 19),
(885, 'Stretch Cotton V-Neck Sweater', 6421225, '43.97', '88.00', '0.0', 0, 1, 2, 4, 123, 23),
(886, 'Wessex Slim Fit Crewneck Wool Sweater', 6421543, '72.97', '145.00', '0.0', 0, 1, 2, 4, 21, 16),
(887, 'Men\'s Turtleneck Sweater', 6439061, '98.00', '98.00', '0.0', 0, 1, 2, 4, 11, 58),
(888, 'Track Jacket', 6440021, '187.97', '375.00', '0.0', 0, 1, 2, 4, 38, 209),
(889, 'Wool Blend Zip Sweater', 6443463, '298.00', '298.00', '0.0', 0, 1, 2, 4, 35, 96),
(890, 'Highgate Wool Blend Hoodie Sweater', 6456810, '175.00', '175.00', '5.0', 1, 1, 2, 4, 8, 7),
(891, 'Stripe Crewneck Wool Sweater', 6460434, '225.00', '225.00', '0.0', 0, 1, 2, 4, 47, 12),
(892, 'Men\'s Sorrento Beach Mock Neck Sweater', 6464774, '148.00', '148.00', '0.0', 0, 1, 2, 4, 43, 58),
(893, 'Cool Tide IslandZone® V-Neck Sweater', 6464787, '138.00', '138.00', '0.0', 0, 1, 2, 4, 43, 102),
(894, 'Stripe Crewneck Sweater', 6465993, '179.00', '179.00', '0.0', 0, 1, 2, 4, 35, 195),
(895, 'Men\'s Jordan Cashmere Crewneck Sweater', 6470219, '191.25', '255.00', '0.0', 0, 1, 2, 4, 33, 210),
(896, 'Textured Rib Quarter Zip Wool & Cashmere Pullover', 6474703, '525.00', '525.00', '0.0', 0, 1, 2, 4, 27, 126),
(897, 'Calder Wool Zip Cardigan', 6494052, '135.00', '180.00', '0.0', 0, 1, 2, 4, 79, 134),
(898, 'HUGO BOSS x NBA Tdribble Chicago Bulls Logo Turtleneck', 6500366, '99.99', '128.00', '0.0', 0, 1, 2, 4, 10, 33),
(899, 'Pierce Cashmere Hooded Sweater', 6507103, '297.50', '425.00', '0.0', 0, 1, 2, 4, 40, 211),
(900, 'Cotton & Cashmere Sweater', 6514905, '59.40', '99.00', '0.0', 0, 1, 2, 4, 13, 18),
(901, 'Cashmere Crewneck Sweater', 6516545, '164.97', '329.00', '0.0', 0, 1, 2, 4, 34, 25),
(902, 'Blenheim Jumper Carew Wool Sweater', 6519792, '295.00', '295.00', '0.0', 0, 1, 2, 4, 36, 42),
(903, 'Saul Organic Cotton Blend Mock Neck Sweater', 6537157, '262.97', '525.00', '0.0', 0, 1, 2, 4, 175, 6),
(904, 'Abbeyfield Merino Wool Half Button Sweater', 6539739, '240.00', '240.00', '4.5', 2, 1, 2, 4, 176, 13),
(905, 'Men\'s Essential Sweater', 6541193, '40.00', '40.00', '5.0', 1, 1, 2, 4, 60, 7),
(906, 'Men\'s Herringbone Stripe Wool Crewneck Sweater', 6542870, '228.00', '228.00', '4.5', 4, 1, 2, 4, 55, 8),
(907, 'Colorblock Thermal Knit Sweater', 6544571, '129.00', '129.00', '0.0', 0, 1, 2, 4, 177, 156),
(908, 'Jimmy Cotton Quarter-Zip Sweater', 6545387, '88.00', '88.00', '0.0', 0, 1, 2, 4, 158, 7),
(909, 'Shetland Embroidered Wool Crewneck Sweater', 6545607, '113.97', '228.00', '0.0', 0, 1, 2, 4, 58, 16),
(910, 'Men\'s Jacquard Scribble Sweater', 6545656, '64.00', '80.00', '0.0', 0, 1, 2, 4, 178, 23),
(911, 'Cashmere Crewneck Sweater', 6546165, '498.00', '498.00', '0.0', 0, 1, 2, 4, 109, 16),
(912, 'Essential Fair Isle Wool Crewneck Sweater', 6551732, '74.97', '150.00', '0.0', 0, 1, 2, 4, 79, 115),
(913, 'Kelby Mock Neck Sweater', 6554671, '92.97', '185.00', '0.0', 0, 1, 2, 4, 21, 7),
(914, 'Douglas Merino Wool Blend Turtleneck Sweater', 6557284, '178.97', '325.00', '0.0', 0, 1, 2, 4, 54, 19),
(915, 'Men\'s Waffle Stitch Crewneck Sweater', 6559127, '145.00', '145.00', '0.0', 0, 1, 2, 4, 131, 9),
(916, 'Andres Merino Wool & Alpaca Blend Front Zip Cardigan', 6561498, '698.00', '698.00', '0.0', 0, 1, 2, 4, 99, 19),
(917, 'Men\'s Medusa Jacquard Crewneck Sweater', 6564580, '775.00', '775.00', '0.0', 0, 1, 2, 4, 69, 212),
(918, 'Silk & Cashmere Sweater', 6570581, '398.00', '398.00', '0.0', 0, 1, 2, 4, 53, 96),
(919, 'Clean Rib Wool Sweater', 6579691, '173.97', '348.00', '0.0', 0, 1, 2, 4, 109, 6),
(920, 'Men\'s Cotton Mélange Raglan Sweater', 6583537, '1145.00', '1145.00', '0.0', 0, 1, 2, 4, 30, 19),
(921, 'Jimmy Wool & Cashmere Turtleneck Sweater', 6587098, '385.00', '385.00', '0.0', 0, 1, 2, 4, 20, 213),
(922, 'Men\'s Patch Cardigan', 6595124, '1280.00', '1280.00', '0.0', 0, 1, 2, 4, 168, 9),
(923, 'Cloud Waffle Crewneck Sweater', 6601040, '79.50', '79.50', '0.0', 0, 1, 2, 4, 62, 25),
(924, 'Merino Wool Sweater', 6602255, '490.00', '490.00', '0.0', 0, 1, 2, 4, 83, 42),
(925, 'V-Neck Cardigan', 6604664, '550.00', '550.00', '0.0', 0, 1, 2, 4, 92, 35),
(926, 'Men\'s Cotton & Cashmere Cardigan', 6625114, '315.00', '315.00', '0.0', 0, 1, 2, 4, 117, 9),
(927, 'Oversize Cable Knit Sweater Vest', 6658846, '33.60', '56.00', '4.0', 1, 1, 2, 4, 17, 25),
(928, 'Wheat Embroidered Wool Blend Cardigan', 6677657, '395.00', '395.00', '0.0', 0, 1, 2, 4, 134, 73),
(929, 'Rice Wool Blend Crewneck Sweater', 6677735, '295.00', '295.00', '0.0', 0, 1, 2, 4, 134, 16),
(930, 'Wool & Cashmere Cable Quarter Zip Sweater', 6803081, '297.97', '595.00', '0.0', 0, 1, 2, 4, 27, 214),
(931, 'SeaWool Crewneck Sweater', 6828543, '49.97', '99.50', '0.0', 0, 1, 2, 4, 90, 36),
(932, 'Las Vegas Raiders Lakemont Regular Fit Quarter Zip Sweater', 4968181, '145.00', '145.00', '0.0', 0, 1, 2, 4, 28, 9),
(933, 'New Orleans Saints - Lakemont Regular Fit Quarter Zip Sweater', 4968238, '145.00', '145.00', '0.0', 0, 1, 2, 4, 28, 9),
(934, 'Arizona Cardinals - Lakemont Regular Fit Quarter Zip Sweater', 4969098, '145.00', '145.00', '0.0', 0, 1, 2, 4, 28, 9),
(935, 'Chicago Bears - Lakemont Regular Fit Quarter Zip Sweater', 4969141, '145.00', '145.00', '0.0', 0, 1, 2, 4, 28, 145),
(936, 'Jett Slim Fit Crewneck Sweater', 5080384, '198.00', '198.00', '0.0', 0, 1, 2, 4, 130, 215),
(937, 'Better Sweater® Quarter Zip Pullover', 5180318, '89.25', '119.00', '4.9', 73, 1, 2, 4, 179, 13),
(938, 'Textured Sweater', 5506972, '125.00', '125.00', '4.0', 1, 1, 2, 4, 139, 100),
(939, 'Washable Merino Wool Turtleneck', 5556575, '42.97', '85.00', '4.8', 9, 1, 2, 4, 3, 28),
(940, 'Sandkas Slim Fit Crewneck Sweater', 5578855, '79.97', '149.00', '0.0', 0, 1, 2, 4, 19, 117),
(941, 'Cashmere Crewneck Sweater', 5697935, '775.00', '775.00', '0.0', 0, 1, 2, 4, 135, 102),
(942, 'Italy Cashmere Smoking Jacket', 5697938, '1795.00', '1795.00', '0.0', 0, 1, 2, 4, 135, 19),
(943, 'Archive Redux AW \'16 Oversize Destroyed Sweater', 5788376, '1857.00', '1857.00', '0.0', 0, 1, 2, 4, 180, 9),
(944, 'Overlapped Wool Sweater', 5880381, '995.00', '995.00', '0.0', 0, 1, 2, 4, 152, 5),
(945, 'Texture Stitch Cotton Sweater', 5882240, '53.97', '129.50', '0.0', 0, 1, 2, 4, 34, 115),
(946, 'Frank Stripe Linen Hooded Sweater', 5897053, '195.00', '195.00', '0.0', 0, 1, 2, 4, 181, 6),
(947, 'Stripe Cotton Hoodie Sweater', 5917811, '66.97', '159.50', '0.0', 0, 1, 2, 4, 34, 19),
(948, 'Regal Crewneck Sweater', 5917875, '195.00', '195.00', '0.0', 0, 1, 2, 4, 20, 216),
(949, 'Cable Cardigan', 5930916, '47.70', '79.50', '0.0', 0, 1, 2, 4, 3, 21),
(950, 'Douglas Merino Wool Blend V-Neck Sweater Vest', 5948382, '100.00', '100.00', '5.0', 5, 1, 2, 4, 28, 217),
(951, 'Sonoma Quarter Zip Pullover Sweater', 5960249, '104.97', '268.00', '0.0', 0, 1, 2, 4, 4, 80),
(952, 'Destroyed Fair Isle Virgin Wool Sweater', 5966614, '1450.00', '1450.00', '0.0', 0, 1, 2, 4, 64, 9),
(953, 'Herringbone Cashmere & Wool Turtleneck Sweater', 6088249, '894.00', '1490.00', '0.0', 0, 1, 2, 4, 84, 143),
(954, 'Rib Cashmere Cardigan', 6088251, '2490.00', '2490.00', '0.0', 0, 1, 2, 4, 84, 9),
(955, 'Crewneck Powder Knit Wool Blend Sweater', 6184839, '498.00', '498.00', '0.0', 0, 1, 2, 4, 99, 19),
(956, 'x Noel Fielding Seahorse Embroidered Mohair Blend Sweater', 6185002, '1190.00', '1190.00', '0.0', 0, 1, 2, 4, 174, 9),
(957, 'Slub Cotton Henley Sweater', 6265185, '43.73', '79.50', '0.0', 0, 1, 2, 4, 90, 16),
(958, 'Orginal Penguin Performance Crewneck Sweater', 6289143, '89.00', '89.00', '0.0', 0, 1, 2, 4, 100, 218),
(959, 'Oversize Contrast Sleeve Sweater', 6294964, '1833.00', '1833.00', '0.0', 0, 1, 2, 4, 180, 9),
(960, 'Cotton Twill Jacket', 6298030, '229.97', '498.00', '0.0', 0, 1, 2, 4, 109, 210),
(961, 'Cashmere Sweater', 6403413, '995.00', '995.00', '5.0', 1, 1, 2, 4, 149, 16),
(962, 'Wool & Cashmere Fisherman Sweater', 6416997, '1035.00', '1035.00', '0.0', 0, 1, 2, 4, 160, 19),
(963, 'Merino Wool Turtleneck Sweater', 6417095, '560.00', '560.00', '0.0', 0, 1, 2, 4, 160, 36),
(964, 'Stripe Sweatshirt', 6438868, '77.67', '119.50', '0.0', 0, 1, 2, 4, 34, 25),
(965, 'Barein Long Sleeve Crewneck Sweater', 6457563, '225.00', '225.00', '5.0', 4, 1, 2, 4, 176, 66),
(966, 'Wool Bomber Jacket', 6459830, '90.00', '150.00', '0.0', 0, 1, 2, 4, 23, 62),
(967, 'Men\'s New Haven Herringbone Sweater', 6464703, '128.00', '128.00', '0.0', 0, 1, 2, 4, 43, 84),
(968, 'V-Neck Sweater', 6465996, '179.00', '179.00', '0.0', 0, 1, 2, 4, 35, 194),
(969, 'Meir Crew Studio Ottoman Sweater', 6470757, '185.00', '185.00', '3.0', 1, 1, 2, 4, 20, 5),
(970, 'Marl Rib Cashmere & Merino Wool Sweater', 6474698, '247.97', '495.00', '0.0', 0, 1, 2, 4, 27, 19),
(971, 'Mock Neck Shoulder Zip Sweater', 6482190, '74.97', '149.00', '5.0', 1, 1, 2, 4, 156, 7),
(972, 'Merino Wool & Cashmere Rib Sweater', 6484630, '298.00', '298.00', '0.0', 0, 1, 2, 4, 4, 16),
(973, 'Kurayo Stripe Cotton Blend Sweater', 6514373, '81.40', '148.00', '0.0', 0, 1, 2, 4, 45, 7),
(974, 'Mount Tasman Mix Stitch Wool Blend Crewneck Sweater', 6520036, '98.97', '198.00', '4.6', 10, 1, 2, 4, 39, 219),
(975, 'Statten Crewneck Sweater', 6529968, '155.00', '155.00', '0.0', 0, 1, 2, 4, 1, 220),
(976, 'Ewan Zigzag Back Sweater', 6530024, '245.00', '245.00', '5.0', 1, 1, 2, 4, 1, 32),
(977, 'Jervis Bay Jacket', 6530082, '118.80', '198.00', '0.0', 0, 1, 2, 4, 43, 9),
(978, 'Brian Virgin Merino Wool Turtleneck Sweater', 6533185, '148.50', '198.00', '0.0', 0, 1, 2, 4, 65, 7),
(979, 'Kalle Broken Twill Cardigan Sweater', 6546208, '320.00', '320.00', '0.0', 0, 1, 2, 4, 125, 23),
(980, 'Watkins Stripe Wool Blend Sweater', 6546637, '93.97', '188.00', '0.0', 0, 1, 2, 4, 45, 31),
(981, 'Udon Half Zip Sweater', 6548568, '124.80', '208.00', '0.0', 0, 1, 2, 4, 10, 152),
(982, 'Heavyweight Shawl Collar Cardigan', 6549055, '180.00', '180.00', '0.0', 0, 1, 2, 4, 44, 172),
(983, 'Buffalo Sweater Jacket', 6549060, '200.00', '200.00', '0.0', 0, 1, 2, 4, 44, 149),
(984, 'Cashmere Twill Hoodie', 6551025, '238.00', '238.00', '0.0', 0, 1, 2, 4, 76, 84),
(985, 'Nappi Solid Virgin Wool Crewneck Sweater', 6551833, '106.80', '178.00', '0.0', 0, 1, 2, 4, 10, 45),
(986, 'Musso Virgin Wool Turtleneck Sweater', 6551841, '106.80', '178.00', '0.0', 0, 1, 2, 4, 10, 51),
(987, 'Nathan Stripe Crewneck Wool Sweater', 6557288, '75.97', '195.00', '0.0', 0, 1, 2, 4, 54, 19),
(988, 'Crawford Crewneck Sweater', 6557774, '165.00', '165.00', '0.0', 0, 1, 2, 4, 8, 17),
(989, 'Turtleneck Cashmere Sweater', 6560662, '1145.00', '1145.00', '0.0', 0, 1, 2, 4, 182, 44),
(990, 'Classic Medusa Cashmere V-Neck Sweater', 6564556, '1025.00', '1025.00', '0.0', 0, 1, 2, 4, 69, 221),
(991, 'Men\'s Marl Crewneck Sweater', 6565299, '48.97', '98.00', '0.0', 0, 1, 2, 4, 123, 16),
(992, 'Men\'s Tipped Sleeve Wool Blend Cardigan', 6568448, '175.00', '175.00', '0.0', 0, 1, 2, 4, 183, 17),
(993, 'Regular Fit Stripe Crewneck Sweater', 6568748, '179.00', '179.00', '0.0', 0, 1, 2, 4, 35, 222),
(994, 'Wool Blend Sweater', 6592535, '1000.00', '1000.00', '0.0', 0, 1, 2, 4, 105, 9),
(995, 'Men\'s Chaplin Cashmere Crewneck Sweater', 6599089, '340.00', '340.00', '0.0', 0, 1, 2, 4, 19, 115),
(996, 'Lakemont V-Neck Sweater', 6609613, '100.00', '100.00', '4.5', 13, 1, 2, 4, 28, 223),
(997, 'Polo Bear Appliqué Cashmere Turtleneck Sweater', 6615166, '1695.00', '1695.00', '0.0', 0, 1, 2, 4, 149, 64),
(998, 'Studio Cashmere & Wool Cardigan', 6641358, '160.00', '200.00', '0.0', 0, 1, 2, 4, 60, 9),
(999, 'Cable Stitch Wool Cardigan Sweater', 6682726, '850.00', '850.00', '0.0', 0, 1, 2, 4, 108, 19),
(1000, 'Potterings Sweater', 6790809, '98.97', '198.00', '5.0', 2, 1, 2, 4, 39, 88),
(1001, 'Brand Sconset Crewneck Sweater', 6802839, '82.80', '138.00', '3.8', 8, 1, 2, 4, 55, 7),
(1002, 'Hexhamm Crewneck Sweater', 6835139, '77.97', '199.00', '0.0', 0, 1, 2, 4, 19, 19),
(1003, 'Lakemont Classic Fit V-Neck Sweater', 4905481, '49.97', '100.00', '5.0', 1, 1, 2, 4, 28, 159),
(1004, 'Lakemont Classic Fit Quarter Zip Sweater', 4905483, '110.00', '110.00', '5.0', 1, 1, 2, 4, 28, 159),
(1005, 'New York Giants - Lakemont Regular Fit Quarter Zip Sweater', 4968135, '145.00', '145.00', '0.0', 0, 1, 2, 4, 28, 224),
(1006, 'San Francisco 49ers - Lakemont Regular Fit Quarter Zip Sweater', 4968260, '145.00', '145.00', '5.0', 2, 1, 2, 4, 28, 161),
(1007, 'Indianapolis Colts - Lakemont Regular Fit Quarter Zip Sweater', 4969126, '145.00', '145.00', '0.0', 0, 1, 2, 4, 28, 224),
(1008, 'Crown Wool & Silk V-Neck Sweater', 5729341, '168.00', '168.00', '5.0', 10, 1, 2, 4, 4, 9),
(1009, 'Hartson Quarter-Zip Pullover', 5760734, '149.99', '259.00', '0.0', 0, 1, 2, 4, 42, 9),
(1010, 'Westcliff Cable Knit Crewneck Sweater', 5760744, '155.40', '259.00', '0.0', 0, 1, 2, 4, 42, 16),
(1011, 'Nostalgic Men\'s Sweater', 5840899, '110.60', '158.00', '0.0', 0, 1, 2, 4, 24, 95),
(1012, 'Crown Quarter Zip Pullover', 5871940, '165.00', '165.00', '0.0', 0, 1, 2, 4, 4, 210),
(1013, 'Half Zip Sweater', 5881452, '107.40', '179.00', '0.0', 0, 1, 2, 4, 35, 96),
(1014, 'Merino Wool Polo Sweater', 5902877, '159.00', '265.00', '0.0', 0, 1, 2, 4, 27, 225),
(1015, 'Poppi Crewneck Wool Blend Sweater', 5904819, '97.90', '178.00', '0.0', 0, 1, 2, 4, 10, 226),
(1016, 'Crown Crafted Cotton Blend Crewneck Sweater', 5914735, '378.00', '378.00', '0.0', 0, 1, 2, 4, 4, 7),
(1017, 'Greca Jacquard Tape Wool, Silk & Cashmere Sweater', 5915068, '465.00', '1550.00', '0.0', 0, 1, 2, 4, 69, 227),
(1018, 'Shawl Collar Cardigan', 5929745, '49.99', '79.50', '5.0', 1, 1, 2, 4, 6, 94),
(1019, 'Rib Cashmere Cardigan', 6088255, '2490.00', '2490.00', '0.0', 0, 1, 2, 4, 84, 140),
(1020, 'Ami de Couer Stripe Virgin Wool Turtleneck Sweater', 6088555, '580.00', '580.00', '0.0', 0, 1, 2, 4, 184, 203),
(1021, 'Intarsia Arrows Wool Blend Hooded Sweater', 6125030, '1140.00', '1140.00', '0.0', 0, 1, 2, 4, 168, 9),
(1022, 'Crewneck Powder Knit Wool Blend Sweater', 6184909, '498.00', '498.00', '0.0', 0, 1, 2, 4, 99, 100),
(1023, 'Icon Stripe Half Zip Wool Pullover', 6265964, '650.00', '650.00', '0.0', 0, 1, 2, 4, 46, 9),
(1024, 'Oversize Jacquard Sleeve Mohair Blend Sweater', 6267695, '2124.00', '2124.00', '0.0', 0, 1, 2, 4, 180, 42),
(1025, 'The Hoodie Merino Wool Sweater', 6402031, '199.99', '348.00', '0.0', 0, 1, 2, 4, 109, 66),
(1026, 'Men\'s Brit Honeycomb Cashmere Cardigan', 6416999, '1560.00', '1560.00', '0.0', 0, 1, 2, 4, 160, 16),
(1027, 'Crewneck Wool Sweater', 6419224, '90.00', '90.00', '0.0', 0, 1, 2, 4, 37, 171),
(1028, 'Men\'s Colorblock Ribbed Cable Knit Sweater', 6421211, '73.97', '148.00', '0.0', 0, 1, 2, 4, 123, 36),
(1029, 'Textured Stripe Cotton Sweater', 6421214, '68.97', '138.00', '0.0', 0, 1, 2, 4, 123, 16),
(1030, 'Patchwork Check Wool Blend Sweater', 6421228, '73.97', '148.00', '0.0', 0, 1, 2, 4, 123, 19),
(1031, 'Men\'s Academy Crest Sweater', 6436662, '99.97', '220.00', '0.0', 0, 1, 2, 4, 141, 7),
(1032, 'Quarter Zip Pullover', 6437463, '122.97', '245.00', '0.0', 0, 1, 2, 4, 27, 10),
(1033, 'Wayne Colorblock Wool Blend Sweater', 6446945, '99.97', '199.00', '0.0', 0, 1, 2, 4, 42, 59),
(1034, 'Uniform Rib Wool Cardigan', 6447215, '2400.00', '2400.00', '0.0', 0, 1, 2, 4, 105, 9);
INSERT INTO `sweaters` (`sweaters_id`, `product_name`, `sku`, `price_current_usd`, `price_retail_usd`, `review_rating`, `review_count`, `department_id`, `category_id`, `sub_category_id`, `sweaters_brand_id`, `sweaters_color_id`) VALUES
(1035, 'Layered Track Rib Wool Sweater', 6447926, '1450.00', '1450.00', '0.0', 0, 1, 2, 4, 64, 39),
(1036, 'Nathan Champion Wool Crewneck Sweater', 6457029, '142.97', '285.00', '5.0', 1, 1, 2, 4, 20, 213),
(1037, 'South Hagely Wool Cardigan', 6457039, '138.97', '278.00', '4.8', 11, 1, 2, 4, 39, 76),
(1038, 'Zip Wool Cardigan', 6459240, '370.00', '370.00', '0.0', 0, 1, 2, 4, 134, 9),
(1039, 'Stripe Crewneck Cotton Sweater', 6460427, '185.00', '185.00', '0.0', 0, 1, 2, 4, 47, 64),
(1040, 'Men\'s Colton Wool & Cotton Cardigan', 6463764, '189.00', '270.00', '5.0', 1, 1, 2, 4, 86, 5),
(1041, 'Crewneck Cable Knit Sweater', 6466007, '199.00', '199.00', '0.0', 0, 1, 2, 4, 35, 106),
(1042, 'Regular Fit Crewneck Sweater', 6466030, '199.00', '199.00', '0.0', 0, 1, 2, 4, 35, 156),
(1043, 'Sunflower 3D Blister Raglan Sweater', 6470177, '109.97', '225.00', '0.0', 0, 1, 2, 4, 144, 25),
(1044, 'Hervey Mock Neck Quarter Zip Pullover', 6471731, '98.97', '198.00', '0.0', 0, 1, 2, 4, 56, 17),
(1045, 'Karl Lagerfield Men\'s Asymmetric Colorblock Sweater', 6482152, '99.97', '199.00', '0.0', 0, 1, 2, 4, 156, 51),
(1046, 'Regular Fit Felt Connect Crewneck Sweater', 6495576, '250.00', '250.00', '0.0', 0, 1, 2, 4, 144, 124),
(1047, 'x NBA Tdribble Los Angeles Lakers Logo Turtleneck', 6500354, '99.99', '128.00', '0.0', 0, 1, 2, 4, 10, 95),
(1048, 'Guna X Zip Cardigan', 6501583, '180.00', '180.00', '0.0', 0, 1, 2, 4, 86, 18),
(1049, 'Wool Blend Donegal Turtleneck Sweater', 6502433, '77.40', '129.00', '0.0', 0, 1, 2, 4, 90, 18),
(1050, 'Unisex Cashmere Mock Neck Sweater', 6535486, '1155.00', '1155.00', '0.0', 0, 1, 2, 4, 135, 174),
(1051, 'Poppy Cardigan', 6538795, '2470.00', '2470.00', '0.0', 0, 1, 2, 4, 78, 9),
(1052, 'Merino Wool Cardigan', 6540541, '197.97', '395.00', '0.0', 0, 1, 2, 4, 106, 228),
(1053, 'Mélange Wool & Cashmere Button Mock Neck Sweater', 6542858, '348.00', '348.00', '5.0', 4, 1, 2, 4, 55, 100),
(1054, 'Nordic Zip-Up Cardigan', 6545393, '120.00', '120.00', '0.0', 0, 1, 2, 4, 158, 7),
(1055, 'Kurayo Stripe Cotton & Wool Blend Sweater', 6546660, '73.97', '148.00', '0.0', 0, 1, 2, 4, 45, 100),
(1056, 'SeaWool Crewneck Sweater', 6552796, '69.65', '99.50', '0.0', 0, 1, 2, 4, 90, 19),
(1057, 'Callisto Stripe Wool Blend Sweater', 6552810, '440.00', '440.00', '0.0', 0, 1, 2, 4, 92, 23),
(1058, 'Alcos Colorblock Wool & Cashmere Blend Hoodie Sweater', 6554146, '395.00', '395.00', '0.0', 0, 1, 2, 4, 20, 82),
(1059, 'Intarsia Camouflage Silk Crewneck Sweater', 6560704, '1845.00', '1845.00', '0.0', 0, 1, 2, 4, 182, 23),
(1060, 'Sterling Sweater Blazer', 6568457, '319.00', '319.00', '0.0', 0, 1, 2, 4, 42, 86),
(1061, 'Fife Zip Through Wool Blend Jacket', 6579726, '200.00', '200.00', '0.0', 0, 1, 2, 4, 79, 13),
(1062, 'V-Neck Silk & Cashmere Sweater', 6585282, '398.00', '398.00', '0.0', 0, 1, 2, 4, 53, 126),
(1063, 'City Novo Merino Wool Cardigan', 6595194, '325.00', '325.00', '0.0', 0, 1, 2, 4, 20, 9),
(1064, 'Maloney Check Jacquard Cashmere Sweater', 6596285, '1090.00', '1090.00', '5.0', 1, 1, 2, 4, 46, 18),
(1065, 'Welburn V-Neck Wool Blend Sweater', 6599104, '225.00', '225.00', '0.0', 0, 1, 2, 4, 19, 147),
(1066, 'Tweed Mock Neck Pullover Sweater', 6601012, '99.00', '99.00', '0.0', 0, 1, 2, 4, 62, 25),
(1067, 'JWA Logo Oversize Hand Knit Merino Wool Hoodie Sweater', 6602534, '940.00', '940.00', '0.0', 0, 1, 2, 4, 107, 23),
(1068, 'Pierre Hooded Sweater', 6602843, '169.00', '169.00', '0.0', 0, 1, 2, 4, 1, 9),
(1069, 'x The Rolling Stones Lips Logo Cashmere Blend Cardigan', 6633602, '3505.00', '3505.00', '0.0', 0, 1, 2, 4, 129, 35),
(1070, 'Silk & Cotton Crewneck Sweater', 6654091, '975.00', '975.00', '0.0', 0, 1, 2, 4, 119, 141),
(1071, 'Men\'s Earth Print Embossed Crewneck Sweatshirt', 6727905, '1350.00', '1350.00', '0.0', 0, 1, 2, 4, 174, 82),
(1072, 'Bjørn 6333 Slim Fit V-Neck Cardigan', 6736467, '145.97', '265.00', '5.0', 1, 1, 2, 4, 54, 229),
(1073, 'Cotton Blend Rib Sweater', 6828925, '147.97', '295.00', '0.0', 0, 1, 2, 4, 106, 183),
(1074, 'Green Bay Packers - Lakemont Regular Fit Quarter Zip Sweater', 4968153, '145.00', '145.00', '0.0', 0, 1, 2, 4, 28, 169),
(1075, 'Cleveland Browns - Lakemont Regular Fit Quarter Zip Sweater', 4969930, '145.00', '145.00', '0.0', 0, 1, 2, 4, 28, 145),
(1076, 'Esanto Structured Slim Fit Sweater', 5110425, '208.00', '208.00', '4.0', 1, 1, 2, 4, 10, 9),
(1077, 'Isidro V-Neck Classic Fit Sweater', 5157505, '135.00', '135.00', '4.0', 3, 1, 2, 4, 43, 80),
(1078, 'Bjørn 6333 Slim Fit V-Neck Cardigan', 5418609, '119.97', '265.00', '5.0', 1, 1, 2, 4, 54, 171),
(1079, 'MVP Slim Fit Notch Neck Wool Sweater', 5538031, '168.00', '168.00', '0.0', 0, 1, 2, 4, 12, 230),
(1080, 'Two Tone Crewneck Sweater', 5682985, '139.50', '139.50', '5.0', 1, 1, 2, 4, 34, 231),
(1081, 'Bungalow Beach Shawl Merino Wool Sweater', 5729402, '198.00', '198.00', '0.0', 0, 1, 2, 4, 43, 23),
(1082, 'Shawl Collar Sweater', 5729411, '228.00', '228.00', '0.0', 0, 1, 2, 4, 43, 18),
(1083, 'Electric Logo Graphic Sweater', 5746451, '63.98', '128.00', '0.0', 0, 1, 2, 4, 133, 87),
(1084, 'Heston Reversible Stripe Crewneck Sweater', 5782275, '85.76', '128.00', '0.0', 0, 1, 2, 4, 45, 76),
(1085, 'Greenland Fleece Zip Sweater', 5784949, '190.00', '190.00', '0.0', 0, 1, 2, 4, 68, 232),
(1086, 'Quilted Panel Zip Cardigan Sweater', 5789980, '139.50', '139.50', '5.0', 2, 1, 2, 4, 146, 9),
(1087, 'Nitchip Half Zip Sweater', 5806429, '199.00', '199.00', '0.0', 0, 1, 2, 4, 19, 9),
(1088, 'Wool Sweater Hoodie', 5880379, '1100.00', '1100.00', '0.0', 0, 1, 2, 4, 152, 190),
(1089, 'Men\'s Frames Cardigan', 5881711, '398.00', '398.00', '0.0', 0, 1, 2, 4, 25, 233),
(1090, 'x Ryan McGinness Mindscape Print Sweater', 5882389, '178.00', '178.00', '0.0', 0, 1, 2, 4, 56, 9),
(1091, 'Men\'s Vidar Fleece Cardigan', 5897992, '137.97', '275.00', '0.0', 0, 1, 2, 4, 137, 45),
(1092, 'Classic Merino Wool & Yak Hoodie Sweater', 5902870, '192.97', '385.00', '0.0', 0, 1, 2, 4, 27, 21),
(1093, 'Boiled Cashmere Quarter Zip Sweater', 5902878, '495.00', '495.00', '0.0', 0, 1, 2, 4, 27, 31),
(1094, 'Bird\'s Eye Quarter Zip Wool & Cashmere Pullover', 5902885, '219.00', '365.00', '0.0', 0, 1, 2, 4, 27, 234),
(1095, 'Major Wool Half-Zip Sweater', 5905689, '250.00', '250.00', '0.0', 0, 1, 2, 4, 185, 19),
(1096, 'Wool Blend Sweater', 5914695, '195.00', '195.00', '0.0', 0, 1, 2, 4, 4, 7),
(1097, 'Wool Blend Fisherman Sweater', 5922411, '158.00', '158.00', '0.0', 0, 1, 2, 4, 24, 19),
(1098, 'Fair Isle Crewneck Sweater', 5930255, '39.97', '79.50', '0.0', 0, 1, 2, 4, 6, 7),
(1099, 'Cardigan', 5930913, '47.70', '79.50', '0.0', 0, 1, 2, 4, 3, 51),
(1100, 'Slim Fit Hooded Sweater', 5940209, '58.97', '118.00', '4.3', 4, 1, 2, 4, 13, 95),
(1101, 'Stripe V-Neck Cashmere Sweater', 5957488, '1317.00', '2195.00', '0.0', 0, 1, 2, 4, 30, 235),
(1102, 'Y-Neck Long Sleeve T-Shirt', 5957522, '126.00', '420.00', '0.0', 0, 1, 2, 4, 186, 9),
(1103, 'Alpawool Cardigan', 6288660, '195.00', '325.00', '0.0', 0, 1, 2, 4, 166, 35),
(1104, 'Unisex Sequin Long Sleeve Tie Dye Top', 6297244, '2174.00', '2174.00', '0.0', 0, 1, 2, 4, 187, 23),
(1105, 'Marled Camel Hair Sweater', 6297903, '675.00', '675.00', '0.0', 0, 1, 2, 4, 29, 85),
(1106, 'Crewneck Wool Sweater', 6298053, '375.00', '375.00', '0.0', 0, 1, 2, 4, 29, 18),
(1107, 'Remus Sweater', 6409310, '82.97', '165.00', '0.0', 0, 1, 2, 4, 8, 23),
(1108, 'Mouliné Cashmere Crewneck Sweater', 6422946, '147.97', '295.00', '0.0', 0, 1, 2, 4, 106, 236),
(1109, 'Burton Montano Wool & Cashmere Crewneck Sweater', 6457031, '172.97', '345.00', '0.0', 0, 1, 2, 4, 20, 237),
(1110, 'Crewneck Cashmere Sweater', 6459230, '395.00', '395.00', '0.0', 0, 1, 2, 4, 134, 18),
(1111, 'HUGO BOSS Madori Wool Zip Sweater', 6464895, '248.00', '248.00', '0.0', 0, 1, 2, 4, 10, 45),
(1112, 'Regular Fit Argyle Crewneck Sweater', 6466008, '199.00', '199.00', '0.0', 0, 1, 2, 4, 35, 51),
(1113, 'Turtleneck Merino Wool Sweater', 6466019, '165.00', '165.00', '5.0', 1, 1, 2, 4, 35, 7),
(1114, 'Men\'s Wool Blend Pullover Sweater', 6467727, '125.00', '125.00', '0.0', 0, 1, 2, 4, 44, 76),
(1115, 'Townsville Cotton & Linen Sweater', 6471722, '88.97', '178.00', '0.0', 0, 1, 2, 4, 56, 201),
(1116, 'Geo Crewneck Sweater', 6474566, '77.40', '129.00', '5.0', 1, 1, 2, 4, 13, 16),
(1117, 'Steffen Feel Good Sportive Quarter Zip Sweater', 6489321, '188.00', '188.00', '0.0', 0, 1, 2, 4, 65, 55),
(1118, 'Potterings Sweater', 6491577, '198.00', '198.00', '5.0', 2, 1, 2, 4, 39, 238),
(1119, 'Men\'s Fisherman Crewneck Sweater', 6499529, '65.00', '65.00', '0.0', 0, 1, 2, 4, 60, 19),
(1120, 'Unisex Fisherman Knit Recycled Wool Sweater', 6499660, '400.00', '400.00', '0.0', 0, 1, 2, 4, 188, 18),
(1121, 'Scotty Wool Crewneck Sweater', 6501142, '147.97', '295.00', '0.0', 0, 1, 2, 4, 20, 51),
(1122, 'Brady 6465 Wool Blend Sweater', 6518320, '172.97', '315.00', '5.0', 1, 1, 2, 4, 54, 16),
(1123, 'Men\'s Haydon Reversible Alpaca & Wool Hooded Sweater', 6523720, '149.97', '299.00', '0.0', 0, 1, 2, 4, 42, 9),
(1124, 'Unisex Swirl Cashmere Sweater', 6535490, '2255.00', '2255.00', '0.0', 0, 1, 2, 4, 135, 23),
(1125, 'Unisex Stripe Cashmere Zip Hoodie Sweater', 6535506, '1825.00', '1825.00', '0.0', 0, 1, 2, 4, 135, 239),
(1126, 'Hillock Merino Wool Sweater', 6539745, '250.00', '250.00', '5.0', 5, 1, 2, 4, 176, 136),
(1127, 'Fairweather Shawl Collar Sweatshirt', 6545391, '98.00', '98.00', '0.0', 0, 1, 2, 4, 158, 51),
(1128, 'Udon Half Zip Sweater', 6548605, '208.00', '208.00', '0.0', 0, 1, 2, 4, 10, 9),
(1129, 'Intarsia Diagonal Logo Oversize Wool Blend Sweater', 6555635, '1290.00', '1290.00', '0.0', 0, 1, 2, 4, 64, 226),
(1130, 'Reversible Quarter Zip Pullover', 6562160, '109.50', '109.50', '4.1', 14, 1, 2, 4, 146, 240),
(1131, 'Heavyweight Waffle Crewneck Sweater', 6566131, '65.00', '65.00', '0.0', 0, 1, 2, 4, 60, 9),
(1132, 'Three Button Merino Wool Sweater', 6568295, '222.40', '278.00', '0.0', 0, 1, 2, 4, 4, 241),
(1133, 'Fair Isle Crewneck Sweater', 6601003, '99.00', '99.00', '0.0', 0, 1, 2, 4, 62, 119),
(1134, 'Madden Merino Wool Turtleneck Sweater', 6602826, '229.00', '229.00', '0.0', 0, 1, 2, 4, 1, 9),
(1135, 'Milano Stripe Cotton Blend Crewneck Sweater', 6634933, '149.50', '149.50', '0.0', 0, 1, 2, 4, 34, 9),
(1136, 'Luxor Wool Crewneck', 6678278, '129.00', '185.00', '0.0', 0, 1, 2, 4, 1, 242),
(1137, 'Cable Stripe Wool Crewneck Sweater', 6682735, '670.00', '670.00', '0.0', 0, 1, 2, 4, 108, 16),
(1138, 'Men\'s Crewneck Cashmere Sweater', 6713128, '225.00', '375.00', '0.0', 0, 1, 2, 4, 27, 225),
(1139, 'Edward 6333 Lambswool Crewneck Sweater', 6736498, '95.97', '175.00', '0.0', 0, 1, 2, 4, 54, 243),
(1140, 'Polo Ralph Lauren Crewneck Sweater', 6778204, '695.00', '695.00', '0.0', 0, 1, 2, 4, 149, 64),
(1141, 'Bird\'s Eye Wool & Cashmere Henley', 6803084, '147.97', '295.00', '0.0', 0, 1, 2, 4, 27, 244),
(1142, 'Alcos Colorblock Wool & Cashmere Blend Hoodie Sweater', 6803355, '197.97', '395.00', '0.0', 0, 1, 2, 4, 20, 5),
(1143, 'Hilles Quarter Zip Cashmere Sweater', 6815790, '171.00', '345.00', '0.0', 0, 1, 2, 4, 20, 236),
(1144, 'Beckton Wool Turtleneck Sweater', 6822117, '62.97', '159.00', '0.0', 0, 1, 2, 4, 19, 164),
(1145, 'Harlow Cashmere Raglan Sweater', 6829065, '197.97', '395.00', '0.0', 0, 1, 2, 4, 40, 51),
(1146, 'Silk & Cashmere Sweater', 4409618, '398.00', '398.00', '0.0', 0, 1, 2, 4, 53, 70),
(1147, 'Cincinnati Bengals - Lakemont Regular Fit Quarter Zip Sweater', 4968180, '145.00', '145.00', '0.0', 0, 1, 2, 4, 28, 9),
(1148, 'Houston Texans - Lakemont Regular Fit Quarter Zip Sweater', 4968267, '145.00', '145.00', '0.0', 0, 1, 2, 4, 28, 67),
(1149, 'Atlanta Falcons - Lakemont Regular Fit Quarter Zip Sweater', 4969132, '145.00', '145.00', '0.0', 0, 1, 2, 4, 28, 9),
(1150, 'Buffalo Bills - Lakemont Regular Fit Quarter Zip Sweater', 4969935, '145.00', '145.00', '0.0', 0, 1, 2, 4, 28, 145),
(1151, 'Pull Julien Solid Crewneck Sweater', 5443582, '220.00', '220.00', '0.0', 0, 1, 2, 4, 63, 95),
(1152, 'Minnesota Vikings - Lakemont Regular Fit Quarter Zip Sweater', 5630725, '145.00', '145.00', '5.0', 1, 1, 2, 4, 28, 145),
(1153, 'Cotton Sweater', 5746444, '148.00', '148.00', '1.0', 1, 1, 2, 4, 133, 11),
(1154, 'Cable Knit Sweater', 5759937, '348.00', '348.00', '0.0', 0, 1, 2, 4, 109, 36),
(1155, 'Rib Zip Wool Cardigan', 5766256, '1700.00', '1700.00', '0.0', 0, 1, 2, 4, 105, 9),
(1156, 'Herringbone Sweatshirt', 5767081, '145.00', '145.00', '0.0', 0, 1, 2, 4, 131, 19),
(1157, 'Lastmi Colorblock Sweater', 5806430, '175.00', '175.00', '0.0', 0, 1, 2, 4, 19, 245),
(1158, 'Floral Print Ribbed Full Zip Sweater', 5881092, '1420.00', '3550.00', '0.0', 0, 1, 2, 4, 171, 9),
(1159, 'Stripe Mohair Blend Cardigan', 5900809, '186.00', '465.00', '0.0', 0, 1, 2, 4, 189, 16),
(1160, 'Victory Crown Quarter Zip Cashmere Blend Pullover', 5914726, '378.00', '378.00', '0.0', 0, 1, 2, 4, 4, 2),
(1161, 'Marled Wool Blend Sweater', 5957496, '1377.00', '2295.00', '0.0', 0, 1, 2, 4, 30, 246),
(1162, 'Colorblock Sweater', 5965165, '1190.00', '1190.00', '0.0', 0, 1, 2, 4, 105, 149),
(1163, 'Men\'s Shake the World Awake Embroidered Sweater', 5967106, '220.00', '220.00', '0.0', 0, 1, 2, 4, 89, 9),
(1164, 'T-JUST-LS-B50 Graphic Sweatshirt', 6036917, '110.00', '110.00', '0.0', 0, 1, 2, 4, 163, 203),
(1165, 'Intarsia Bandana Silk Sweater', 6093452, '1190.00', '1190.00', '0.0', 0, 1, 2, 4, 150, 9),
(1166, '4-Bar Elongated Merino Wool Cardigan', 6110500, '1560.00', '1560.00', '0.0', 0, 1, 2, 4, 108, 9),
(1167, 'Geometric Print Wool Sweater', 6125036, '1115.00', '1115.00', '0.0', 0, 1, 2, 4, 168, 19),
(1168, 'Powder Knit Wool Blend Cardigan Sweater', 6184886, '548.00', '548.00', '0.0', 0, 1, 2, 4, 99, 19),
(1169, 'Angora Blend Crew Sweater', 6185015, '648.00', '648.00', '0.0', 0, 1, 2, 4, 99, 173),
(1170, 'Mixed Check Jacquard Cashmere Sweater', 6266006, '960.00', '960.00', '0.0', 0, 1, 2, 4, 46, 6),
(1171, 'Oveo Wool Blend Sweater', 6266464, '247.97', '495.00', '0.0', 0, 1, 2, 4, 175, 102),
(1172, 'Men\'s Boiled Alpaca Wool Blazer Cardigan', 6288666, '316.00', '395.00', '0.0', 0, 1, 2, 4, 166, 23),
(1173, 'The Essential Half-Zip Merino Wool Pullover', 6298045, '398.00', '398.00', '0.0', 0, 1, 2, 4, 109, 9),
(1174, 'Cashmere Crewneck Sweater', 6298077, '256.80', '428.00', '0.0', 0, 1, 2, 4, 109, 66),
(1175, 'Sea Island Crewneck Sweater', 6402898, '315.00', '315.00', '0.0', 0, 1, 2, 4, 167, 9),
(1176, 'Cashmere Turtleneck Sweater', 6403428, '1095.00', '1095.00', '2.0', 1, 1, 2, 4, 149, 9),
(1177, 'Recycled Cashmere Crewneck Sweater', 6412155, '129.97', '259.00', '0.0', 0, 1, 2, 4, 34, 16),
(1178, 'Half Zip Wool Sweater', 6417275, '345.00', '345.00', '0.0', 0, 1, 2, 4, 134, 19),
(1179, 'Wessex Wool Crewneck Sweater', 6421586, '145.00', '145.00', '0.0', 0, 1, 2, 4, 21, 9),
(1180, 'Wool Crewneck Sweater', 6437616, '285.00', '285.00', '0.0', 0, 1, 2, 4, 82, 42),
(1181, 'Men\'s K-Houston Crewneck Sweater', 6441026, '375.00', '375.00', '0.0', 0, 1, 2, 4, 163, 147),
(1182, 'Collin Wool Crewneck Sweater', 6452553, '250.00', '250.00', '0.0', 0, 1, 2, 4, 40, 9),
(1183, 'Gowan Signature Crewneck Sweater', 6466974, '199.00', '199.00', '0.0', 0, 1, 2, 4, 19, 136),
(1184, 'Warfe Jacquard Crewneck Sweater', 6467212, '199.00', '199.00', '0.0', 0, 1, 2, 4, 19, 247),
(1185, 'Check Crewneck Wool Blend Sweater', 6467221, '260.00', '260.00', '0.0', 0, 1, 2, 4, 19, 7),
(1186, 'Hevwik Patchwork Jacquard Crewneck Sweater', 6467223, '260.00', '260.00', '0.0', 0, 1, 2, 4, 19, 29),
(1187, 'Patterned Sweater', 6467225, '175.00', '175.00', '0.0', 0, 1, 2, 4, 19, 51),
(1188, 'Arun Cotton Cardigan', 6467243, '199.00', '199.00', '0.0', 0, 1, 2, 4, 19, 7),
(1189, 'Avebury Argyle Crewneck Sweater', 6467259, '199.00', '199.00', '0.0', 0, 1, 2, 4, 19, 1),
(1190, 'Bodmin Wool Crewneck Sweater', 6467288, '199.00', '199.00', '0.0', 0, 1, 2, 4, 19, 25),
(1191, 'Bayswater Mix Stitch Zip Sweater', 6471770, '148.97', '298.00', '0.0', 0, 1, 2, 4, 56, 6),
(1192, 'Men\'s Quarter Zip Fleece Sweater', 6484605, '148.00', '148.00', '0.0', 0, 1, 2, 4, 4, 9),
(1193, 'Men\'s Crown Cable Wool & Cashmere Quarter Zip Sweater', 6484658, '298.00', '298.00', '2.0', 1, 1, 2, 4, 4, 23),
(1194, 'Men\'s Blaze Water Resistant Hybrid Cardigan', 6484659, '298.00', '298.00', '0.0', 0, 1, 2, 4, 4, 6),
(1195, 'Crown Merino Wool Blend Quarter Zip Pullover', 6484713, '198.00', '198.00', '5.0', 1, 1, 2, 4, 4, 19),
(1196, 'Horseford Wool Crewneck Sweater', 6494029, '150.00', '150.00', '0.0', 0, 1, 2, 4, 79, 248),
(1197, 'Pierce Cashmere Crewneck Sweater', 6507041, '297.50', '425.00', '5.0', 1, 1, 2, 4, 40, 9),
(1198, 'Rain Jacquard Cashmere Crewneck Sweater', 6507425, '790.00', '790.00', '0.0', 0, 1, 2, 4, 174, 33),
(1199, 'Intarsia Racehorse Wool Crewneck Sweater', 6512648, '298.00', '298.00', '0.0', 0, 1, 2, 4, 58, 249),
(1200, 'Crafted Crewneck Sweater', 6513635, '595.00', '595.00', '0.0', 0, 1, 2, 4, 27, 250),
(1201, 'Waffle Knit Quarter Zip Pullover', 6545413, '85.00', '85.00', '0.0', 0, 1, 2, 4, 158, 7),
(1202, 'Fair Isle Wool Crewneck Sweater', 6545608, '178.80', '298.00', '0.0', 0, 1, 2, 4, 58, 42),
(1203, 'Fair Isle Merino Wool & Cashmere Half-Zip Pullover', 6551031, '188.00', '188.00', '0.0', 0, 1, 2, 4, 76, 16),
(1204, 'x Chito Spider Graffiti Graphic Sweater', 6553197, '1465.00', '1465.00', '0.0', 0, 1, 2, 4, 150, 203),
(1205, 'Lock Wool Cardigan', 6553205, '1585.00', '1585.00', '0.0', 0, 1, 2, 4, 150, 9),
(1206, 'Mars Copula Sweater', 6554144, '325.00', '325.00', '0.0', 0, 1, 2, 4, 20, 19),
(1207, 'Griffith Print Crewneck Sweater', 6557793, '165.00', '165.00', '0.0', 0, 1, 2, 4, 8, 7),
(1208, 'Waypoint Merino Wool Half Zip Sweater', 6571388, '210.00', '210.00', '4.8', 4, 1, 2, 4, 176, 9),
(1209, 'Men\'s Quarter Zip Cashmere Sweater', 6583491, '995.00', '995.00', '0.0', 0, 1, 2, 4, 30, 251),
(1210, 'Men\'s Double Breasted Cardigan', 6583500, '1495.00', '1495.00', '0.0', 0, 1, 2, 4, 30, 73),
(1211, 'Men\'s Full Zip Cashmere Sweater', 6583503, '1795.00', '1795.00', '0.0', 0, 1, 2, 4, 30, 252),
(1212, 'Gary Thermal Cotton & Cashmere Crewneck Sweater', 6595193, '225.00', '225.00', '0.0', 0, 1, 2, 4, 20, 21),
(1213, 'Destroyed Fair Isle Wool & Cotton Sweater', 6600185, '1230.00', '1230.00', '0.0', 0, 1, 2, 4, 132, 105),
(1214, 'Bunny Sweater', 6600197, '720.00', '720.00', '0.0', 0, 1, 2, 4, 132, 35),
(1215, 'Men\'s Cotton Sweater', 6602248, '1130.00', '1130.00', '0.0', 0, 1, 2, 4, 83, 253),
(1216, 'Rib Stripe Crewneck Sweater', 6682701, '990.00', '990.00', '0.0', 0, 1, 2, 4, 108, 16),
(1217, '4-Bar Funmix Seersucker Rib Crewneck Sweater', 6682732, '1250.00', '1250.00', '0.0', 0, 1, 2, 4, 108, 141),
(1218, 'Merino Wool Pullover', 4482192, '900.00', '900.00', '0.0', 0, 1, 2, 4, 108, 190),
(1219, 'Andy Warhol Flower Sweater', 4960621, '890.00', '890.00', '0.0', 0, 1, 2, 4, 190, 254),
(1220, 'Logo Patch Wool Sweater', 5463631, '680.00', '680.00', '0.0', 0, 1, 2, 4, 150, 9),
(1221, 'Crewneck Sweater', 5618038, '565.00', '565.00', '0.0', 0, 1, 2, 4, 121, 148),
(1222, 'Crewneck Cashmere Sweater', 5675832, '1250.00', '1250.00', '0.0', 0, 1, 2, 4, 97, 9),
(1223, 'Hooded Cashmere Sweater', 5769806, '945.00', '945.00', '0.0', 0, 1, 2, 4, 135, 9),
(1224, 'Magic Eye Temple Logo Space Dye Sweater', 5779394, '255.00', '255.00', '5.0', 1, 1, 2, 4, 49, 102),
(1225, 'Mock Neck Zip Cardigan', 5798855, '1395.00', '1395.00', '0.0', 0, 1, 2, 4, 30, 16),
(1226, 'Gregg Colorblock Crewneck Sweater', 5856457, '275.00', '275.00', '0.0', 0, 1, 2, 4, 20, 18),
(1227, 'Men\'s Cotton Crewneck Sweater', 5878636, '395.00', '395.00', '0.0', 0, 1, 2, 4, 191, 16),
(1228, 'Intarsia Logo Cotton Sweater', 5939886, '1190.00', '1190.00', '0.0', 0, 1, 2, 4, 150, 255),
(1229, 'Oversize Wool & Alpaca Blend Cardigan', 5949444, '1610.00', '1610.00', '0.0', 0, 1, 2, 4, 192, 6),
(1230, 'Solomeo Mélange Wool, Cashmere & Silk Cardigan', 5957498, '1977.00', '3295.00', '0.0', 0, 1, 2, 4, 30, 256),
(1231, 'Rib Cashmere Sweater', 5957502, '2055.00', '3425.00', '0.0', 0, 1, 2, 4, 30, 235),
(1232, 'Ribbed Hooded Cashmere Cardigan', 5957511, '2397.00', '3995.00', '5.0', 1, 1, 2, 4, 30, 6),
(1233, 'Tonal Jacquard Logo Cotton Sweater', 5966564, '1190.00', '1190.00', '0.0', 0, 1, 2, 4, 64, 9),
(1234, 'Camel Hair Sweater', 5968124, '790.00', '790.00', '0.0', 0, 1, 2, 4, 97, 18),
(1235, 'Cashmere Turtleneck Sweater', 6088101, '1095.00', '1095.00', '2.0', 1, 1, 2, 4, 149, 19),
(1236, 'Rib Quarter Zip Cashmere Pullover', 6088250, '3450.00', '3450.00', '0.0', 0, 1, 2, 4, 84, 140),
(1237, 'Piece Dyed Cable Cashmere Sweater', 6088683, '567.00', '1890.00', '0.0', 0, 1, 2, 4, 173, 109),
(1238, 'Rib Cashmere Mock Neck Sweater', 6088688, '597.00', '1990.00', '0.0', 0, 1, 2, 4, 173, 19),
(1239, 'Cable Stripe Wool & Mohair Sweater', 6110507, '670.00', '670.00', '0.0', 0, 1, 2, 4, 108, 19),
(1240, 'Men\'s FF Logo Tonal Jacquard Wool Sweater', 6184918, '980.00', '980.00', '0.0', 0, 1, 2, 4, 174, 123),
(1241, 'x Noel Fielding Script Intarsia Wool Sweater', 6184975, '790.00', '790.00', '0.0', 0, 1, 2, 4, 174, 9),
(1242, 'Bear Intarsia Wool Cardigan', 6185487, '1410.00', '1410.00', '0.0', 0, 1, 2, 4, 114, 9),
(1243, 'Rib Wool Cardigan', 6298133, '875.00', '875.00', '0.0', 0, 1, 2, 4, 29, 23),
(1244, 'Lambswool Crewneck Sweater', 6402882, '99.56', '295.00', '0.0', 0, 1, 2, 4, 167, 35),
(1245, 'Logo Merino Wool & Mohair Blend Turtleneck Sweater', 6405814, '1995.00', '1995.00', '0.0', 0, 1, 2, 4, 193, 85),
(1246, 'Metallic Cable Knit Virgin Wool Blend Turtleneck Sweater', 6405846, '2250.00', '2250.00', '0.0', 0, 1, 2, 4, 193, 119),
(1247, 'Merino Wool Turtleneck Sweater', 6416985, '380.00', '380.00', '0.0', 0, 1, 2, 4, 160, 16),
(1248, 'Intarsia Village Colorblock Wool Sweater', 6417874, '183.00', '610.00', '0.0', 0, 1, 2, 4, 194, 16),
(1249, 'Hulme Leopard Crewneck Sweater', 6467210, '199.00', '199.00', '0.0', 0, 1, 2, 4, 19, 198),
(1250, 'Men\'s Lealea Wool Blend Shawl Collar Wrap Cardigan', 6467235, '340.00', '340.00', '0.0', 0, 1, 2, 4, 19, 36),
(1251, 'Lowther Textured Stripe Crewneck Sweater', 6467239, '199.00', '199.00', '0.0', 0, 1, 2, 4, 19, 9),
(1252, 'Mordechai Mash Tie Dye Cashmere Sweater', 6469145, '1845.00', '1845.00', '0.0', 0, 1, 2, 4, 135, 16),
(1253, 'Mordechai Garden Grow Cashmere Sweater', 6495505, '1995.00', '1995.00', '0.0', 0, 1, 2, 4, 135, 174),
(1254, 'Oversize Recycled Wool Cardigan', 6499663, '450.00', '450.00', '0.0', 0, 1, 2, 4, 188, 6),
(1255, 'Monogram Logo Virgin Wool Sweater', 6509585, '1095.00', '1095.00', '0.0', 0, 1, 2, 4, 193, 257),
(1256, 'Pierce Marled Cashmere Crewneck Sweater', 6548250, '425.00', '425.00', '0.0', 0, 1, 2, 4, 40, 258),
(1257, 'x Chito Float Stitch Lambswool Sweater', 6553216, '1690.00', '1690.00', '0.0', 0, 1, 2, 4, 150, 14),
(1258, 'Leopard Jacquard Wool Blend Sweater', 6560638, '1395.00', '1395.00', '0.0', 0, 1, 2, 4, 182, 35),
(1259, 'Back Stripe Milano Stitch Merino Wool Cardigan', 6563376, '1780.00', '1780.00', '0.0', 0, 1, 2, 4, 108, 219),
(1260, 'Back Stripe Milano Stitch Merino Wool Pullover', 6563378, '1290.00', '1290.00', '0.0', 0, 1, 2, 4, 108, 219),
(1261, 'Wool Crewneck Sweater', 6564717, '865.00', '865.00', '0.0', 0, 1, 2, 4, 195, 64),
(1262, 'Unisex Pi Checkered Crochet Cotton Blend Hoodie', 6574976, '1495.00', '1495.00', '0.0', 0, 1, 2, 4, 196, 9),
(1263, 'Lucky Checkered Cotton Blend Hoodie', 6574979, '1295.00', '1295.00', '0.0', 0, 1, 2, 4, 196, 80),
(1264, 'Unisex Fontaine Silk Sweater', 6574983, '495.00', '495.00', '0.0', 0, 1, 2, 4, 196, 9),
(1265, 'Marcs Merino Wool Blend Pullover Sweater', 6574987, '695.00', '695.00', '0.0', 0, 1, 2, 4, 196, 23),
(1266, 'Unisex Armie Stripe Distressed Cotton Sweater', 6574990, '1150.00', '1150.00', '0.0', 0, 1, 2, 4, 196, 23),
(1267, 'Unisex Romeos Rib Cashmere Sweater', 6574998, '550.00', '550.00', '0.0', 0, 1, 2, 4, 196, 102),
(1268, 'Men\'s Cotton Melange Shawl Collar Cardigan', 6583484, '1895.00', '1895.00', '0.0', 0, 1, 2, 4, 30, 6),
(1269, 'Short Sleeve Polo Sweater', 6583490, '995.00', '995.00', '0.0', 0, 1, 2, 4, 30, 156),
(1270, 'Men\'s Zip Up Cardigan', 6583498, '1550.00', '1550.00', '0.0', 0, 1, 2, 4, 30, 84),
(1271, 'Men\'s Cashmere & Cotton Sweater', 6583956, '890.00', '890.00', '0.0', 0, 1, 2, 4, 173, 12),
(1272, 'Silk & Cashmere Half Zip Sweater', 6583965, '1950.00', '1950.00', '0.0', 0, 1, 2, 4, 173, 6),
(1273, 'Cashmere & Silk Cable Crewneck Sweater', 6583969, '1590.00', '1590.00', '0.0', 0, 1, 2, 4, 173, 19),
(1274, 'Vanisé Cable Crewneck Sweater', 6583972, '1290.00', '1290.00', '0.0', 0, 1, 2, 4, 173, 6),
(1275, 'Rib Cotton & Linen Cardigan', 6583973, '2090.00', '2090.00', '0.0', 0, 1, 2, 4, 173, 48),
(1276, 'Cashmere & Cotton Blend Double Knit Overshirt', 6583976, '2390.00', '2390.00', '0.0', 0, 1, 2, 4, 173, 25),
(1277, 'Embroidered Logo Cashmere & Wool Turtleneck Sweater', 6584884, '990.00', '990.00', '0.0', 0, 1, 2, 4, 197, 259),
(1278, 'Men\'s Leopard Spot Silk Faux Fur Sweater', 6602138, '1990.00', '1990.00', '0.0', 0, 1, 2, 4, 83, 80),
(1279, 'Men\'s Oversize Rib Wool & Cotton Cardigan', 6602377, '1190.00', '1190.00', '0.0', 0, 1, 2, 4, 83, 60),
(1280, 'Intarsia Turtleneck Cashmere Sweater', 6615157, '1495.00', '1495.00', '2.0', 1, 1, 2, 4, 149, 64),
(1281, 'Men\'s Silk & Cotton Sweater', 6615159, '895.00', '895.00', '0.0', 0, 1, 2, 4, 149, 42),
(1282, 'Hand Knit Cashmere Sweater', 6615186, '1495.00', '1495.00', '0.0', 0, 1, 2, 4, 149, 8),
(1283, 'Shawl Collar Wool & Cashmere Cardigan', 6615199, '1295.00', '1295.00', '0.0', 0, 1, 2, 4, 149, 19),
(1284, 'Turtleneck Cashmere Sweater', 6655934, '995.00', '995.00', '5.0', 1, 1, 2, 4, 149, 18),
(1285, 'Radiate Tie Dye Cashmere Sweater', 6680952, '1355.00', '1355.00', '0.0', 0, 1, 2, 4, 135, 16),
(1286, 'Ombré Hand Knit Linen & Silk Blend Sweater', 6778199, '1295.00', '1295.00', '0.0', 0, 1, 2, 4, 149, 115),
(1287, 'Cable Polo Sweater', 6778215, '1095.00', '1095.00', '0.0', 0, 1, 2, 4, 149, 16),
(1288, 'Polo Ralph Lauren Purple Label Stripe French Terry Crewneck Sweater', 6778222, '395.00', '395.00', '0.0', 0, 1, 2, 4, 149, 7),
(1289, 'Mini Allover Logo Cotton & Wool Blend Cardigan', 6790650, '1350.00', '1350.00', '0.0', 0, 1, 2, 4, 64, 95),
(1290, 'Terry Crewneck Sweater', 6600991, '79.50', '79.50', '0.0', 0, 1, 2, 4, 62, 213),
(1291, 'Men\'s Starter Navy/Orange Chicago Bears Player Sweater Vest', 6700145, '74.99', '74.99', '0.0', 0, 1, 2, 4, 198, 7),
(1292, 'Men\'s Concepts Sport Red Detroit Red Wings Meter Jogger Set', 6767906, '79.99', '79.99', '0.0', 0, 1, 2, 4, 199, 35),
(1293, 'Men\'s Concepts Sport Black Boston Bruins Meter Jogger Set', 6775240, '79.99', '79.99', '0.0', 0, 1, 2, 4, 199, 9),
(1294, 'Patchwork Linen Cardigan', 6778208, '2495.00', '2495.00', '0.0', 0, 1, 2, 4, 149, 16),
(1295, 'Men\'s FOCO Black New Orleans Saints Colorblend Pullover Sweater', 6781563, '49.99', '49.99', '0.0', 0, 1, 2, 4, 200, 9),
(1296, 'Men\'s FOCO Navy New England Patriots Pocket Pullover Sweater', 6781732, '64.99', '64.99', '0.0', 0, 1, 2, 4, 200, 7),
(1297, 'Men\'s FOCO Royal Buffalo Bills Pocket Pullover Sweater', 6781737, '64.99', '64.99', '0.0', 0, 1, 2, 4, 200, 260),
(1298, 'Men\'s FOCO Black Pittsburgh Steelers Pocket Pullover Sweater', 6781746, '64.99', '64.99', '0.0', 0, 1, 2, 4, 200, 9),
(1299, 'Men\'s FOCO Navy Chicago Bears Pocket Pullover Sweater', 6781748, '64.99', '64.99', '0.0', 0, 1, 2, 4, 200, 7),
(1300, 'Men\'s FOCO Scarlet San Francisco 49ers Pocket Pullover Sweater', 6781758, '64.99', '64.99', '0.0', 0, 1, 2, 4, 200, 166),
(1301, 'Men\'s FOCO Black Cleveland Browns Pocket Pullover Sweater', 6781811, '64.99', '64.99', '0.0', 0, 1, 2, 4, 200, 9),
(1302, 'Men\'s FOCO Purple Minnesota Vikings Pocket Pullover Sweater', 6781820, '64.99', '64.99', '0.0', 0, 1, 2, 4, 200, 80),
(1303, 'Men\'s FOCO Orange Miami Dolphins Pocket Pullover Sweater', 6781836, '64.99', '64.99', '0.0', 0, 1, 2, 4, 200, 102),
(1304, 'Men\'s FOCO White New Orleans Saints Big Logo Knit Ugly Pullover Sweater', 6781837, '79.99', '79.99', '0.0', 0, 1, 2, 4, 200, 25),
(1305, 'Men\'s FOCO Royal Chicago Cubs Ticket Light-Up Ugly Sweater', 6781882, '89.99', '89.99', '0.0', 0, 1, 2, 4, 200, 260),
(1306, 'Men\'s FOCO Red Tampa Bay Buccaneers Colorblend Pullover Sweater', 6781902, '49.99', '49.99', '0.0', 0, 1, 2, 4, 200, 35),
(1307, 'Men\'s FOCO White Las Vegas Raiders Big Logo Knit Ugly Pullover Sweater', 6781927, '79.99', '79.99', '0.0', 0, 1, 2, 4, 200, 25),
(1308, 'Men\'s FOCO Black Jacksonville Jaguars Pocket Pullover Sweater', 6782053, '64.99', '64.99', '0.0', 0, 1, 2, 4, 200, 9),
(1309, 'Men\'s Concepts Sport Deep Sea Blue Seattle Kraken Meter Jogger Set', 6782197, '79.99', '79.99', '0.0', 0, 1, 2, 4, 199, 7),
(1310, 'Men\'s adidas Black Boston Bruins Logo AEROREADY Pullover Sweater', 6782289, '119.99', '119.99', '5.0', 3, 1, 2, 4, 87, 9),
(1311, 'Men\'s FOCO White Houston Texans Big Logo Knit Ugly Pullover Sweater', 6782421, '79.99', '79.99', '0.0', 0, 1, 2, 4, 200, 25),
(1312, 'Men\'s FOCO Navy Houston Texans Pocket Pullover Sweater', 6782535, '64.99', '64.99', '0.0', 0, 1, 2, 4, 200, 7),
(1313, 'Men\'s FOCO Gold Pittsburgh Steelers Colorblend Pullover Sweater', 6782537, '49.99', '49.99', '0.0', 0, 1, 2, 4, 200, 261),
(1314, 'Men\'s FOCO College Navy Seattle Seahawks Pocket Pullover Sweater', 6782551, '64.99', '64.99', '0.0', 0, 1, 2, 4, 200, 7),
(1315, 'Men\'s FOCO Red Tampa Bay Buccaneers Pocket Pullover Sweater', 6782569, '64.99', '64.99', '0.0', 0, 1, 2, 4, 200, 35),
(1316, 'Men\'s FOCO Black New Orleans Saints Pocket Pullover Sweater', 6782628, '64.99', '64.99', '0.0', 0, 1, 2, 4, 200, 9),
(1317, 'Men\'s FOCO White Seattle Seahawks Big Logo Knit Ugly Pullover Sweater', 6782740, '79.99', '79.99', '0.0', 0, 1, 2, 4, 200, 25),
(1318, 'Men\'s Junk Food Black/Gold Pittsburgh Steelers Color Block Pullover Sweatshirt', 6782749, '61.99', '61.99', '0.0', 0, 1, 2, 4, 201, 9),
(1319, 'Men\'s FOCO Red St. Louis Cardinals Ticket Light-Up Ugly Sweater', 6782757, '89.99', '89.99', '0.0', 0, 1, 2, 4, 200, 35),
(1320, 'Men\'s Junk Food Royal/Red Buffalo Bills Color Block Pullover Sweatshirt', 6782783, '61.99', '61.99', '0.0', 0, 1, 2, 4, 201, 260),
(1321, 'Men\'s Junk Food Black/Gray Philadelphia Eagles Color Block Pullover Sweatshirt', 6782834, '61.99', '61.99', '0.0', 0, 1, 2, 4, 201, 9),
(1322, 'Men\'s FOCO Navy New York Yankees Ticket Light-Up Ugly Sweater', 6782948, '89.99', '89.99', '0.0', 0, 1, 2, 4, 200, 7),
(1323, 'Men\'s FOCO Red Atlanta Falcons Pocket Pullover Sweater', 6782976, '64.99', '64.99', '0.0', 0, 1, 2, 4, 200, 35),
(1324, 'Men\'s FOCO Royal New York Giants Pocket Pullover Sweater', 6782978, '64.99', '64.99', '0.0', 0, 1, 2, 4, 200, 260),
(1325, 'Men\'s Junk Food Aqua/Orange Miami Dolphins Color Block Pullover Sweatshirt', 6783193, '61.99', '61.99', '0.0', 0, 1, 2, 4, 201, 42),
(1326, 'Men\'s Junk Food Green/Gold Green Bay Packers Color Block Pullover Sweatshirt', 6783258, '61.99', '61.99', '0.0', 0, 1, 2, 4, 201, 23),
(1327, 'Men\'s FOCO Navy Dallas Cowboys Colorblend Pullover Sweater', 6783478, '49.99', '49.99', '0.0', 0, 1, 2, 4, 200, 7),
(1328, 'Men\'s Junk Food Red/Orange Tampa Bay Buccaneers Color Block Pullover Sweatshirt', 6783621, '61.99', '61.99', '0.0', 0, 1, 2, 4, 201, 35),
(1329, 'Men\'s Junk Food Royal/Red New England Patriots Color Block Pullover Sweatshirt', 6783696, '61.99', '61.99', '0.0', 0, 1, 2, 4, 201, 260),
(1330, 'Men\'s Junk Food College Navy/Neon Green Seattle Seahawks Color Block Pullover Sweatshirt', 6783785, '61.99', '61.99', '0.0', 0, 1, 2, 4, 201, 260),
(1331, 'Men\'s Nike Red Team USA Paralympic Performance Pullover Hoodie', 6785150, '74.99', '74.99', '0.0', 0, 1, 2, 4, 120, 35),
(1332, 'Men\'s Fanatics Branded Navy Chicago Bears Game Time Arch Pullover Sweatshirt', 6794362, '59.99', '59.99', '0.0', 0, 1, 2, 4, 202, 7),
(1333, 'Men\'s Nike Navy Team USA Paralympic Performance Pullover Hoodie', 6794536, '74.99', '74.99', '0.0', 0, 1, 2, 4, 120, 7),
(1334, 'Men\'s FOCO White Tampa Bay Buccaneers Big Logo Knit Ugly Pullover Sweater', 6798407, '79.99', '79.99', '0.0', 0, 1, 2, 4, 200, 25),
(1335, 'Men\'s Fanatics Branded Royal New York Giants Game Time Arch Pullover Sweatshirt', 6801268, '59.99', '59.99', '0.0', 0, 1, 2, 4, 202, 260),
(1336, 'Men\'s Fanatics Branded Red Tampa Bay Buccaneers Game Time Arch Pullover Sweatshirt', 6801388, '59.99', '59.99', '0.0', 0, 1, 2, 4, 202, 35),
(1337, 'Men\'s FOCO White New York Giants Big Logo Knit Ugly Pullover Sweater', 6804864, '79.99', '79.99', '0.0', 0, 1, 2, 4, 200, 25),
(1338, 'Men\'s FOCO White Miami Dolphins Big Logo Knit Ugly Pullover Sweater', 6822180, '79.99', '79.99', '0.0', 0, 1, 2, 4, 200, 25),
(1339, 'Men\'s Colosseum Black UCF Knights OHT Military Appreciation Waffle Full-Zip Hoodie', 6856783, '59.99', '59.99', '0.0', 0, 1, 2, 4, 203, 9),
(1340, 'Men\'s Dunbrooke Navy/Gray Tennessee Titans Apprentice Full-Zip Hoodie', 6856905, '89.99', '89.99', '0.0', 0, 1, 2, 4, 204, 7),
(1341, 'Men\'s Fanatics Branded Kawhi Leonard Black LA Clippers Player Name & Number Full-Zip Hoodie Jacket', 6856960, '59.99', '59.99', '0.0', 0, 1, 2, 4, 202, 9),
(1342, 'Men\'s Levelwear Black Los Angeles Dodgers Recruit Short Sleeve Full-Zip Hoodie Jacket', 6857005, '79.99', '79.99', '0.0', 0, 1, 2, 4, 205, 9),
(1343, 'Men\'s Colosseum Black ECU Pirates OHT Military Appreciation Waffle Full-Zip Hoodie', 6857056, '59.99', '59.99', '0.0', 0, 1, 2, 4, 203, 9),
(1344, 'Men\'s Levelwear Black St. Louis Cardinals Recruit Short Sleeve Full-Zip Hoodie Jacket', 6857072, '79.99', '79.99', '0.0', 0, 1, 2, 4, 205, 9),
(1345, 'Men\'s Colosseum Charcoal Colorado State Rams Arch & Logo 3.0 Full-Zip Hoodie', 6857076, '44.99', '44.99', '0.0', 0, 1, 2, 4, 203, 100),
(1346, 'Men\'s Colosseum Black Oregon State Beavers OHT Military Appreciation Waffle Full-Zip Hoodie', 6857134, '59.99', '59.99', '0.0', 0, 1, 2, 4, 203, 9),
(1347, 'Men\'s Colosseum Black Texas Tech Red Raiders OHT Military Appreciation Waffle Full-Zip Hoodie', 6857142, '59.99', '59.99', '0.0', 0, 1, 2, 4, 203, 9),
(1348, 'Men\'s Levelwear Black Chicago Cubs Recruit Short Sleeve Full-Zip Hoodie Jacket', 6857144, '79.99', '79.99', '0.0', 0, 1, 2, 4, 205, 9),
(1349, 'Men\'s Levelwear Black Boston Red Sox Recruit Short Sleeve Full-Zip Hoodie Jacket', 6857158, '79.99', '79.99', '0.0', 0, 1, 2, 4, 205, 9),
(1350, 'Men\'s Colosseum Black Rutgers Scarlet Knights OHT Military Appreciation Waffle Full-Zip Hoodie', 6857167, '59.99', '59.99', '0.0', 0, 1, 2, 4, 203, 9),
(1351, 'Men\'s Colosseum Black Villanova Wildcats OHT Military Appreciation Waffle Full-Zip Hoodie', 6857175, '59.99', '59.99', '0.0', 0, 1, 2, 4, 203, 9),
(1352, 'Men\'s Colosseum Black Kansas State Wildcats OHT Military Appreciation Waffle Full-Zip Hoodie', 6857214, '59.99', '59.99', '0.0', 0, 1, 2, 4, 203, 9),
(1353, 'Men\'s Colosseum Black Houston Cougars OHT Military Appreciation Waffle Full-Zip Hoodie', 6857482, '59.99', '59.99', '0.0', 0, 1, 2, 4, 203, 9),
(1354, 'Men\'s Colosseum Black Colorado Buffaloes OHT Military Appreciation Waffle Full-Zip Hoodie', 6857514, '59.99', '59.99', '0.0', 0, 1, 2, 4, 203, 9),
(1355, 'Men\'s Colosseum Black Penn State Nittany Lions OHT Military Appreciation Waffle Full-Zip Hoodie', 6857641, '59.99', '59.99', '0.0', 0, 1, 2, 4, 203, 9),
(1356, 'Men\'s G-III Sports by Carl Banks Black Baltimore Ravens Perfect Season Full-Zip Hoodie', 6858085, '69.99', '69.99', '0.0', 0, 1, 2, 4, 206, 9),
(1357, 'Men\'s G-III Sports by Carl Banks Navy Seattle Seahawks Perfect Season Full-Zip Hoodie', 6861431, '69.99', '69.99', '0.0', 0, 1, 2, 4, 206, 7),
(1358, 'Men\'s Colosseum Black Clemson Tigers OHT Military Appreciation Waffle Full-Zip Hoodie', 6861460, '59.99', '59.99', '0.0', 0, 1, 2, 4, 203, 9),
(1359, 'Men\'s Colosseum Black Maryland Terrapins OHT Military Appreciation Waffle Full-Zip Hoodie', 6861474, '59.99', '59.99', '0.0', 0, 1, 2, 4, 203, 9),
(1360, 'Men\'s Colosseum Black Auburn Tigers OHT Military Appreciation Waffle Full-Zip Hoodie', 6861605, '59.99', '59.99', '0.0', 0, 1, 2, 4, 203, 9),
(1361, 'Men\'s Fanatics Branded Aqua Miami Dolphins Defender Full-Zip Hoodie Jacket', 6864977, '69.99', '69.99', '0.0', 0, 1, 2, 4, 202, 42),
(1362, 'Ocean Crewneck Colorblock Wool Blend Sweater', 5729410, '228.00', '228.00', '0.0', 0, 1, 2, 4, 43, 35),
(1363, 'Sedona Rib Wool Blend Crewneck Sweater', 6557787, '165.00', '165.00', '0.0', 0, 1, 2, 4, 8, 9),
(1364, 'Men\'s FOCO Navy Dallas Cowboys Light-Up Ugly Sweater', 6704111, '79.99', '79.99', '0.0', 0, 1, 2, 4, 200, 7),
(1365, 'Men\'s Mitchell & Ness Blue New York Knicks Hardwood Classics Hometown Champs Pullover Sweater', 6740270, '89.99', '89.99', '0.0', 0, 1, 2, 4, 207, 16),
(1366, 'Men\'s Mitchell & Ness Kelly Green Dallas Mavericks Hardwood Classics Hometown Champs Pullover Sweater', 6740684, '89.99', '89.99', '0.0', 0, 1, 2, 4, 207, 47),
(1367, 'Men\'s Concepts Sport Red Washington Capitals Meter Jogger Set', 6756052, '79.99', '79.99', '0.0', 0, 1, 2, 4, 199, 35),
(1368, 'Men\'s Concepts Sport Blue Tampa Bay Lightning Meter Jogger Set', 6756889, '79.99', '79.99', '0.0', 0, 1, 2, 4, 199, 16),
(1369, 'Men\'s Concepts Sport Royal New York Islanders Meter Jogger Set', 6757067, '79.99', '79.99', '0.0', 0, 1, 2, 4, 199, 260),
(1370, 'Men\'s Concepts Sport Black Philadelphia Flyers Meter Jogger Set', 6759635, '79.99', '79.99', '0.0', 0, 1, 2, 4, 199, 9),
(1371, 'Men\'s Fanatics Branded Navy Tennessee Titans Game Time Arch Pullover Sweatshirt', 6766614, '59.99', '59.99', '0.0', 0, 1, 2, 4, 202, 7),
(1372, 'Men\'s Concepts Sport Navy Toronto Maple Leafs Meter Jogger Set', 6768730, '79.99', '79.99', '0.0', 0, 1, 2, 4, 199, 7),
(1373, 'Men\'s Antigua Red/Heathered Gray Washington Capitals Pastime Henley Pullover Sweater', 6780164, '65.99', '65.99', '0.0', 0, 1, 2, 4, 208, 35),
(1374, 'Men\'s Nike Light Blue/Red Houston Oilers Historic Raglan Crew Performance Sweater', 6781256, '69.99', '69.99', '0.0', 0, 1, 2, 4, 120, 12),
(1375, 'Men\'s adidas Charcoal Vegas Golden Knights Logo AEROREADY Pullover Sweater', 6781265, '119.99', '119.99', '5.0', 2, 1, 2, 4, 87, 100),
(1376, 'Men\'s FOCO White Atlanta Falcons Big Logo Knit Ugly Pullover Sweater', 6781269, '79.99', '79.99', '0.0', 0, 1, 2, 4, 200, 25),
(1377, 'Men\'s FOCO White Green Bay Packers Big Logo Knit Ugly Pullover Sweater', 6781312, '79.99', '79.99', '0.0', 0, 1, 2, 4, 200, 25),
(1378, 'Men\'s FOCO White Denver Broncos Big Logo Knit Ugly Pullover Sweater', 6781322, '79.99', '79.99', '0.0', 0, 1, 2, 4, 200, 25),
(1379, 'Men\'s adidas Deep Sea Blue Seattle Kraken Logo AEROREADY Pullover Sweater', 6781330, '119.99', '119.99', '4.5', 6, 1, 2, 4, 87, 7),
(1380, 'Men\'s adidas Red Detroit Red Wings Logo AEROREADY Pullover Sweater', 6781595, '119.99', '119.99', '4.6', 5, 1, 2, 4, 87, 35),
(1381, 'Men\'s FOCO Scarlet San Francisco 49ers Colorblend Pullover Sweater', 6781599, '49.99', '49.99', '0.0', 0, 1, 2, 4, 200, 166),
(1382, 'Men\'s FOCO White New York Jets Big Logo Knit Ugly Pullover Sweater', 6781629, '79.99', '79.99', '0.0', 0, 1, 2, 4, 200, 25),
(1383, 'Men\'s FOCO Navy Chicago Bears Colorblend Pullover Sweater', 6781709, '49.99', '49.99', '0.0', 0, 1, 2, 4, 200, 7),
(1384, 'Men\'s FOCO Royal Los Angeles Dodgers Ticket Light-Up Ugly Sweater', 6781751, '89.99', '89.99', '0.0', 0, 1, 2, 4, 200, 260),
(1385, 'Men\'s FOCO Navy Tennessee Titans Colorblend Pullover Sweater', 6781764, '49.99', '49.99', '0.0', 0, 1, 2, 4, 200, 7),
(1386, 'Men\'s FOCO Purple Baltimore Ravens Pocket Pullover Sweater', 6781794, '64.99', '64.99', '0.0', 0, 1, 2, 4, 200, 9),
(1387, 'Men\'s FOCO Purple Minnesota Vikings Colorblend Pullover Sweater', 6781797, '49.99', '49.99', '0.0', 0, 1, 2, 4, 200, 80),
(1388, 'Men\'s FOCO Navy Tennessee Titans Pocket Pullover Sweater', 6781823, '64.99', '64.99', '0.0', 0, 1, 2, 4, 200, 7),
(1389, 'Men\'s FOCO Royal New York Giants Colorblend Pullover Sweater', 6781908, '49.99', '49.99', '0.0', 0, 1, 2, 4, 200, 260),
(1390, 'Men\'s FOCO White Pittsburgh Steelers Big Logo Knit Ugly Pullover Sweater', 6781954, '79.99', '79.99', '0.0', 0, 1, 2, 4, 200, 25),
(1391, 'Men\'s FOCO Black Arizona Cardinals Pocket Pullover Sweater', 6781960, '64.99', '64.99', '0.0', 0, 1, 2, 4, 200, 9),
(1392, 'Men\'s FOCO Black Carolina Panthers Pocket Pullover Sweater', 6781970, '64.99', '64.99', '0.0', 0, 1, 2, 4, 200, 9),
(1393, 'Men\'s FOCO Green Green Bay Packers Pocket Pullover Sweater', 6782012, '64.99', '64.99', '0.0', 0, 1, 2, 4, 200, 23),
(1394, 'Men\'s FOCO Gray Las Vegas Raiders Colorblend Pullover Sweater', 6782052, '49.99', '49.99', '0.0', 0, 1, 2, 4, 200, 19),
(1395, 'Men\'s FOCO White Minnesota Vikings Big Logo Knit Ugly Pullover Sweater', 6782310, '79.99', '79.99', '0.0', 0, 1, 2, 4, 200, 25),
(1396, 'Men\'s FOCO White Los Angeles Rams Big Logo Knit Ugly Pullover Sweater', 6782340, '79.99', '79.99', '0.0', 0, 1, 2, 4, 200, 25),
(1397, 'Men\'s FOCO White Detroit Lions Big Logo Knit Ugly Pullover Sweater', 6782379, '79.99', '79.99', '0.0', 0, 1, 2, 4, 200, 25),
(1398, 'Men\'s FOCO White Jacksonville Jaguars Big Logo Knit Ugly Pullover Sweater', 6782410, '79.99', '79.99', '0.0', 0, 1, 2, 4, 200, 25),
(1399, 'Men\'s adidas Black Pittsburgh Penguins Logo AEROREADY Pullover Sweater', 6782427, '119.99', '119.99', '4.0', 1, 1, 2, 4, 87, 9),
(1400, 'Men\'s FOCO Black Las Vegas Raiders Pocket Pullover Sweater', 6782531, '64.99', '64.99', '0.0', 0, 1, 2, 4, 200, 9),
(1401, 'Men\'s FOCO Navy Denver Broncos Pocket Pullover Sweater', 6782547, '64.99', '64.99', '0.0', 0, 1, 2, 4, 200, 7),
(1402, 'Men\'s FOCO Gold Los Angeles Chargers Pocket Pullover Sweater', 6782556, '64.99', '64.99', '0.0', 0, 1, 2, 4, 200, 261),
(1403, 'Men\'s FOCO Gray Philadelphia Eagles Colorblend Pullover Sweater', 6782557, '49.99', '49.99', '0.0', 0, 1, 2, 4, 200, 19),
(1404, 'Men\'s adidas Royal New York Rangers Logo AEROREADY Pullover Sweater', 6782564, '119.99', '119.99', '0.0', 0, 1, 2, 4, 87, 260),
(1405, 'Men\'s FOCO Silver Detroit Lions Pocket Pullover Sweater', 6782615, '64.99', '64.99', '0.0', 0, 1, 2, 4, 200, 119),
(1406, 'Men\'s FOCO Black New York Jets Pocket Pullover Sweater', 6782616, '64.99', '64.99', '0.0', 0, 1, 2, 4, 200, 9),
(1407, 'Men\'s FOCO Royal New York Mets Ticket Light-Up Ugly Sweater', 6782721, '89.99', '89.99', '0.0', 0, 1, 2, 4, 200, 260),
(1408, 'Men\'s FOCO Royal Indianapolis Colts Pocket Pullover Sweater', 6782795, '64.99', '64.99', '0.0', 0, 1, 2, 4, 200, 260),
(1409, 'Men\'s FOCO College Navy Seattle Seahawks Colorblend Pullover Sweater', 6782800, '49.99', '49.99', '0.0', 0, 1, 2, 4, 200, 7),
(1410, 'Men\'s FOCO White Carolina Panthers Big Logo Knit Ugly Pullover Sweater', 6782837, '79.99', '79.99', '0.0', 0, 1, 2, 4, 200, 25),
(1411, 'Men\'s FOCO White Chicago Bears Big Logo Knit Ugly Pullover Sweater', 6782861, '79.99', '79.99', '0.0', 0, 1, 2, 4, 200, 25),
(1412, 'Men\'s FOCO Black Chicago White Sox Ticket Light-Up Ugly Sweater', 6782963, '89.99', '89.99', '0.0', 0, 1, 2, 4, 200, 9),
(1413, 'Men\'s FOCO Black Philadelphia Eagles Pocket Pullover Sweater', 6782970, '64.99', '64.99', '0.0', 0, 1, 2, 4, 200, 9),
(1414, 'Men\'s FOCO Navy Denver Broncos Colorblend Pullover Sweater', 6782984, '49.99', '49.99', '0.0', 0, 1, 2, 4, 200, 7),
(1415, 'Men\'s FOCO Navy Dallas Cowboys Pocket Pullover Sweater', 6783228, '64.99', '64.99', '0.0', 0, 1, 2, 4, 200, 7),
(1416, 'Men\'s Junk Food Black/Silver Las Vegas Raiders Color Block Pullover Sweatshirt', 6783229, '61.99', '61.99', '0.0', 0, 1, 2, 4, 201, 9),
(1417, 'Men\'s Junk Food Navy/Orange Chicago Bears Color Block Pullover Sweatshirt', 6783485, '61.99', '61.99', '0.0', 0, 1, 2, 4, 201, 7),
(1418, 'Men\'s Junk Food Powder Blue/Gold Los Angeles Chargers Color Block Pullover Sweatshirt', 6783681, '61.99', '61.99', '0.0', 0, 1, 2, 4, 201, 123),
(1419, 'Men\'s Junk Food Black/Scarlet San Francisco 49ers Color Block Pullover Sweatshirt', 6783813, '61.99', '61.99', '0.0', 0, 1, 2, 4, 201, 9),
(1420, 'Men\'s Levelwear Black New York Yankees Recruit Short Sleeve Full-Zip Hoodie Jacket', 6856767, '79.99', '79.99', '0.0', 0, 1, 2, 4, 205, 9),
(1421, 'Men\'s Levelwear Black San Francisco Giants Recruit Short Sleeve Full-Zip Hoodie Jacket', 6857219, '79.99', '79.99', '0.0', 0, 1, 2, 4, 205, 9),
(1422, 'Men\'s Starter Charcoal Los Angeles Chargers Primary Logo Full-Zip Hoodie', 6857334, '69.99', '69.99', '0.0', 0, 1, 2, 4, 198, 100),
(1423, 'Men\'s Colosseum Black Tennessee Volunteers Arch & Logo 3.0 Full-Zip Hoodie', 6857408, '44.99', '44.99', '0.0', 0, 1, 2, 4, 203, 9),
(1424, 'Men\'s Levelwear Black New York Mets Recruit Short Sleeve Full-Zip Hoodie Jacket', 6861101, '79.99', '79.99', '0.0', 0, 1, 2, 4, 205, 9),
(1425, 'Men\'s Levelwear Black Chicago White Sox Recruit Short Sleeve Full-Zip Hoodie Jacket', 6861102, '79.99', '79.99', '0.0', 0, 1, 2, 4, 205, 9),
(1426, 'Mode Slim Fit Wool Sweater', 4883427, '149.00', '149.00', '4.6', 16, 1, 2, 4, 1, 96),
(1427, 'Mode Slim Fit Wool Sweater', 4883427, '65.97', '132.00', '4.6', 16, 1, 2, 4, 1, 96),
(1428, 'Textured Merino Wool Blend Polo Sweater', 5962057, '44.75', '89.50', '0.0', 0, 1, 2, 4, 3, 6),
(1429, 'Textured Merino Wool Blend Polo Sweater', 5962057, '53.70', '89.50', '0.0', 0, 1, 2, 4, 3, 6),
(1430, 'Textured Merino Wool Blend Polo Sweater', 5962057, '62.65', '89.50', '0.0', 0, 1, 2, 4, 3, 6),
(1431, 'Rick Lambswool Blend Crewneck Sweater', 6489378, '93.97', '188.00', '0.0', 0, 1, 2, 4, 65, 262),
(1432, 'Rick Lambswool Blend Crewneck Sweater', 6489378, '131.60', '188.00', '0.0', 0, 1, 2, 4, 65, 262),
(1433, 'Queenstown Wool & Cashmere Sweater', 6829397, '132.00', '165.00', '4.6', 16, 1, 2, 4, 39, 33),
(1434, 'Queenstown Wool & Cashmere Sweater', 6829397, '99.00', '165.00', '4.6', 16, 1, 2, 4, 39, 33),
(1435, 'Men\'s Whaling Henley Pullover', 5746560, '148.00', '148.00', '0.0', 0, 1, 2, 4, 14, 84),
(1436, 'Men\'s Whaling Henley Pullover', 5746560, '99.99', '148.00', '0.0', 0, 1, 2, 4, 14, 84),
(1437, 'Sutterburn V-Neck Sweater', 6681980, '50.00', '125.00', '0.0', 0, 1, 2, 4, 8, 80),
(1438, 'Sutterburn V-Neck Sweater', 6681980, '75.00', '125.00', '0.0', 0, 1, 2, 4, 8, 80),
(1439, 'Men\'s Merino Wool & Cotton Crewneck Sweater', 6470232, '99.99', '145.00', '0.0', 0, 1, 2, 4, 33, 7),
(1440, 'BB Pheart Crewneck Sweatshirt', 6829300, '99.99', '130.00', '0.0', 0, 1, 2, 4, 110, 19),
(1441, 'Collin Merino Wool Pullover', 6548248, '157.50', '225.00', '0.0', 0, 1, 2, 4, 40, 36),
(1442, 'Collin Merino Wool Pullover', 6548248, '112.97', '225.00', '0.0', 0, 1, 2, 4, 40, 36),
(1443, 'Men\'s Sandover Regular Fit Half Zip Cotton Pullover', 6828844, '96.60', '138.00', '0.0', 0, 1, 2, 4, 43, 6),
(1444, 'Men\'s Sandover Regular Fit Half Zip Cotton Pullover', 6828844, '110.40', '138.00', '0.0', 0, 1, 2, 4, 43, 6),
(1445, 'Second Skin Hooded Sweater', 5586145, '100.00', '125.00', '5.0', 1, 1, 2, 4, 7, 263),
(1446, 'Second Skin Hooded Sweater', 5586145, '81.25', '125.00', '5.0', 1, 1, 2, 4, 7, 263),
(1447, 'Second Skin Hooded Sweater', 5586145, '87.50', '125.00', '5.0', 1, 1, 2, 4, 7, 263),
(1448, 'Northbeach Shawl Collar Cardigan', 6498181, '125.40', '228.00', '0.0', 0, 1, 2, 4, 24, 19),
(1449, 'Waffle Texture Crewneck Sweater', 6089148, '48.65', '69.50', '2.0', 1, 1, 2, 4, 6, 51),
(1450, 'Waffle Texture Crewneck Sweater', 6089148, '55.60', '69.50', '2.0', 1, 1, 2, 4, 6, 51),
(1451, 'Merino Wool Crewneck Sweater', 6828618, '88.00', '110.00', '3.5', 2, 1, 2, 4, 33, 7),
(1452, 'Merino Wool Crewneck Sweater', 6828618, '54.97', '110.00', '3.5', 2, 1, 2, 4, 33, 7),
(1453, 'Stripe Cashmere Sweater', 6803086, '276.50', '395.00', '0.0', 0, 1, 2, 4, 27, 138),
(1454, 'Stripe Cashmere Sweater', 6803086, '197.97', '395.00', '0.0', 0, 1, 2, 4, 27, 138),
(1455, 'Rib Mock Neck Wool Blend Sweater', 6572376, '114.97', '230.00', '0.0', 0, 1, 2, 4, 54, 102),
(1456, 'Rib Mock Neck Wool Blend Sweater', 6572376, '230.00', '230.00', '0.0', 0, 1, 2, 4, 54, 102),
(1457, 'Slim Fit V-Neck Merino Wool Sweater', 5479732, '79.00', '79.00', '0.0', 0, 1, 2, 4, 140, 16),
(1458, 'The Bronx Sweatshirt', 6802881, '90.00', '225.00', '5.0', 1, 1, 2, 4, 169, 21),
(1459, 'The Bronx Sweatshirt', 6802881, '112.97', '225.00', '5.0', 1, 1, 2, 4, 169, 21),
(1460, 'Tech-Smart Crewneck Sweater', 6527261, '71.60', '89.50', '4.5', 2, 1, 2, 4, 3, 84),
(1461, 'Tech-Smart Crewneck Sweater', 6527261, '62.65', '89.50', '4.5', 2, 1, 2, 4, 3, 84),
(1462, 'Tech-Smart Crewneck Sweater', 6527261, '53.70', '89.50', '4.5', 2, 1, 2, 4, 3, 84),
(1463, 'Shaker Stitch Mock Neck Sweater', 5928465, '47.70', '79.50', '0.0', 0, 1, 2, 4, 3, 19),
(1464, 'Shaker Stitch Mock Neck Sweater', 5928465, '63.60', '79.50', '0.0', 0, 1, 2, 4, 3, 19),
(1465, 'Tech-Smart Thermo Crewneck Sweater', 5975813, '49.99', '69.50', '5.0', 1, 1, 2, 4, 3, 21),
(1466, 'Tech-Smart Thermo Crewneck Sweater', 5975813, '45.18', '69.50', '5.0', 1, 1, 2, 4, 3, 21),
(1467, 'Tech-Smart Thermo Crewneck Sweater', 5975813, '55.60', '69.50', '5.0', 1, 1, 2, 4, 3, 21),
(1468, 'Crewneck Sweater', 6829282, '76.80', '128.00', '4.7', 7, 1, 2, 4, 39, 43),
(1469, 'Crewneck Sweater', 6829282, '63.97', '128.00', '4.7', 7, 1, 2, 4, 39, 43),
(1470, 'Logo Detail Sweatshirt', 6831285, '64.03', '98.50', '4.7', 15, 1, 2, 4, 39, 17),
(1471, 'Logo Detail Sweatshirt', 6831285, '48.97', '98.50', '4.7', 15, 1, 2, 4, 39, 17),
(1472, 'Logo Detail Sweatshirt', 6831285, '59.10', '98.50', '4.7', 15, 1, 2, 4, 39, 17),
(1473, 'Crewneck Sweater', 5922475, '52.80', '88.00', '4.3', 4, 1, 2, 4, 16, 66),
(1474, 'Crewneck Sweater', 5922475, '70.40', '88.00', '4.3', 4, 1, 2, 4, 16, 66),
(1475, 'Crewneck Sweater', 5922475, '43.97', '88.00', '4.3', 4, 1, 2, 4, 16, 66),
(1476, 'Crewneck Sweater', 5922475, '57.20', '88.00', '4.3', 4, 1, 2, 4, 16, 66),
(1477, 'Rick Wool Blend Crewneck Sweater', 6437099, '98.97', '198.00', '0.0', 0, 1, 2, 4, 65, 151),
(1478, 'Men\'s Shop Quarter Zip Sweater', 5598505, '67.12', '89.50', '4.8', 4, 1, 2, 4, 3, 28),
(1479, 'Men\'s Shop Quarter Zip Sweater', 5598505, '53.70', '89.50', '4.8', 4, 1, 2, 4, 3, 28),
(1480, 'Martin Wool Sweater', 6518303, '95.97', '175.00', '0.0', 0, 1, 2, 4, 54, 102),
(1481, 'Martin Wool Sweater', 6518303, '78.97', '175.00', '0.0', 0, 1, 2, 4, 54, 102),
(1482, 'Merino Wool Crewneck Sweater', 6402891, '73.50', '245.00', '0.0', 0, 1, 2, 4, 167, 16),
(1483, 'Merino Wool Crewneck Sweater', 6402891, '245.00', '245.00', '0.0', 0, 1, 2, 4, 167, 16),
(1484, 'Zanzibar Wool Zip Cardigan Sweater', 6507570, '105.00', '175.00', '0.0', 0, 1, 2, 4, 8, 9),
(1485, 'Zanzibar Wool Zip Cardigan Sweater', 6507570, '87.97', '175.00', '0.0', 0, 1, 2, 4, 8, 9),
(1486, 'Thermal Crewneck Pullover', 6828551, '124.00', '155.00', '0.0', 0, 1, 2, 4, 27, 171),
(1487, 'Thermal Crewneck Pullover', 6828551, '108.50', '155.00', '0.0', 0, 1, 2, 4, 27, 171),
(1488, 'Bouclé Crewneck Sweater', 6579541, '47.70', '79.50', '0.0', 0, 1, 2, 4, 90, 16);
INSERT INTO `sweaters` (`sweaters_id`, `product_name`, `sku`, `price_current_usd`, `price_retail_usd`, `review_rating`, `review_count`, `department_id`, `category_id`, `sub_category_id`, `sweaters_brand_id`, `sweaters_color_id`) VALUES
(1489, 'Bouclé Crewneck Sweater', 6579541, '39.97', '79.50', '0.0', 0, 1, 2, 4, 90, 16),
(1490, 'L.L.Ben Signature Archival Henley Sweater', 6457829, '69.30', '99.00', '0.0', 0, 1, 2, 4, 9, 7),
(1491, 'L.L.Ben Signature Archival Henley Sweater', 6457829, '99.00', '99.00', '0.0', 0, 1, 2, 4, 9, 7),
(1492, 'L.L.Ben Signature Archival Henley Sweater', 6457829, '79.20', '99.00', '0.0', 0, 1, 2, 4, 9, 7),
(1493, 'Reversible Bird\'s Eye Wool Crewneck Sweater', 6548311, '315.00', '450.00', '0.0', 0, 1, 2, 4, 40, 17),
(1494, 'Bouclé Turtleneck Sweater', 6579356, '58.18', '89.50', '0.0', 0, 1, 2, 4, 90, 6),
(1495, 'Bouclé Turtleneck Sweater', 6579356, '53.70', '89.50', '0.0', 0, 1, 2, 4, 90, 6),
(1496, 'Knares Textured Crewneck Sweater', 6821343, '165.00', '165.00', '5.0', 1, 1, 2, 4, 19, 50),
(1497, 'Knares Textured Crewneck Sweater', 6821343, '99.00', '165.00', '5.0', 1, 1, 2, 4, 19, 50),
(1498, 'Men\'s Stripe Colorblock Cotton Sweater', 5929744, '32.18', '49.50', '0.0', 0, 1, 2, 4, 6, 58),
(1499, 'Unisex Patchwork One-of-a-Kind Sweater', 6530602, '120.00', '300.00', '0.0', 0, 1, 2, 4, 124, 7),
(1500, 'Unisex Patchwork One-of-a-Kind Sweater', 6530602, '90.00', '300.00', '0.0', 0, 1, 2, 4, 124, 7),
(1501, 'Andy 6333 Wool Sweater', 6572377, '114.97', '230.00', '0.0', 0, 1, 2, 4, 54, 56),
(1502, 'Stripe Hoodie Sweater', 6089157, '48.65', '69.50', '0.0', 0, 1, 2, 4, 6, 9),
(1503, 'Stripe Hoodie Sweater', 6089157, '55.60', '69.50', '0.0', 0, 1, 2, 4, 6, 9),
(1504, 'Stripe Cable Knit Crewneck Sweater', 5930261, '41.40', '69.00', '0.0', 0, 1, 2, 4, 6, 7),
(1505, 'Stripe Cable Knit Crewneck Sweater', 5930261, '44.85', '69.00', '0.0', 0, 1, 2, 4, 6, 7),
(1506, 'Wool Blend Fisherman Sweater', 5761633, '78.97', '158.00', '0.0', 0, 1, 2, 4, 24, 16),
(1507, 'Wool Blend Fisherman Sweater', 5761633, '126.40', '158.00', '0.0', 0, 1, 2, 4, 24, 16),
(1508, 'Tech-Smart Quarter Zip Pullover Sweater', 5975805, '41.70', '69.50', '1.0', 1, 1, 2, 4, 3, 9),
(1509, 'Tech-Smart Quarter Zip Pullover Sweater', 5975805, '69.50', '69.50', '1.0', 1, 1, 2, 4, 3, 9),
(1510, 'Essential Diamond Quilt Contrast Zip Sweater', 6827441, '118.25', '215.00', '0.0', 0, 1, 2, 4, 79, 19),
(1511, 'Essential Diamond Quilt Contrast Zip Sweater', 6827441, '129.00', '215.00', '0.0', 0, 1, 2, 4, 79, 19),
(1512, 'Men\'s Crewneck Sweater', 6830829, '63.60', '79.50', '5.0', 1, 1, 2, 4, 3, 11),
(1513, 'Men\'s Crewneck Sweater', 6830829, '49.99', '79.50', '5.0', 1, 1, 2, 4, 3, 11),
(1514, 'Bird\'s Eye Wool & Cashmere Pullover', 5900869, '137.97', '275.00', '0.0', 0, 1, 2, 4, 27, 264),
(1515, 'Bird\'s Eye Wool & Cashmere Pullover', 5900869, '178.75', '275.00', '0.0', 0, 1, 2, 4, 27, 264),
(1516, 'Bird\'s Eye Wool & Cashmere Pullover', 5900869, '275.00', '275.00', '0.0', 0, 1, 2, 4, 27, 264),
(1517, 'Stanton Alpaca Blend Crewneck Sweater', 6501148, '225.00', '375.00', '0.0', 0, 1, 2, 4, 20, 265),
(1518, 'Stanton Alpaca Blend Crewneck Sweater', 6501148, '187.97', '375.00', '0.0', 0, 1, 2, 4, 20, 265),
(1519, 'Men\'s Turtleneck Sweater', 6828450, '78.40', '98.00', '0.0', 0, 1, 2, 4, 11, 8),
(1520, 'Men\'s Turtleneck Sweater', 6828450, '63.70', '98.00', '0.0', 0, 1, 2, 4, 11, 8),
(1521, 'Pamlico Crewneck Sweatshirt', 5477530, '98.00', '98.00', '5.0', 2, 1, 2, 4, 14, 134),
(1522, 'Pamlico Crewneck Sweatshirt', 5477530, '88.00', '88.00', '5.0', 2, 1, 2, 4, 14, 134),
(1523, 'Steffen Feel Good Sportive Zip-Up Sweater Jacket', 6489338, '138.97', '278.00', '0.0', 0, 1, 2, 4, 65, 55),
(1524, 'Steffen Feel Good Sportive Zip-Up Sweater Jacket', 6489338, '194.60', '278.00', '0.0', 0, 1, 2, 4, 65, 55),
(1525, 'Mini Pattern Crewneck Sweater', 5930888, '32.18', '49.50', '4.5', 2, 1, 2, 4, 3, 7),
(1526, 'Mini Pattern Crewneck Sweater', 5930888, '39.60', '49.50', '4.5', 2, 1, 2, 4, 3, 7),
(1527, 'Harlow Donegal Crewneck Cashmere Sweater', 6548280, '197.97', '395.00', '0.0', 0, 1, 2, 4, 40, 36),
(1528, 'Quarter Zip Merino Wool Sweater', 6466031, '179.00', '179.00', '3.0', 1, 1, 2, 4, 35, 263),
(1529, 'Tech-Smart Polo Sweater', 6831433, '59.70', '99.50', '4.8', 4, 1, 2, 4, 3, 28),
(1530, 'Tech-Smart Polo Sweater', 6831433, '79.60', '99.50', '4.8', 4, 1, 2, 4, 3, 28),
(1531, 'Garment Dye Half Zip Sweater', 6506348, '248.00', '248.00', '0.0', 0, 1, 2, 4, 25, 7),
(1532, 'Garment Dye Half Zip Sweater', 6829030, '148.80', '248.00', '0.0', 0, 1, 2, 4, 25, 90),
(1533, 'Garment Dye Half Zip Sweater', 6829030, '161.20', '248.00', '0.0', 0, 1, 2, 4, 25, 90),
(1534, 'Pierce Cashmere Crewneck Sweater', 6829071, '212.97', '425.00', '5.0', 1, 1, 2, 4, 40, 11),
(1535, 'Saturday Mock Neck Sweatshirt', 6653720, '59.98', '100.00', '0.0', 0, 1, 2, 4, 28, 19),
(1536, 'Saturday Mock Neck Sweatshirt', 6653720, '49.97', '100.00', '0.0', 0, 1, 2, 4, 28, 19),
(1537, 'Aiden Crewneck Sweater', 5751489, '34.97', '70.00', '0.0', 0, 1, 2, 4, 23, 25),
(1538, 'Aiden Crewneck Sweater', 5751489, '56.00', '70.00', '0.0', 0, 1, 2, 4, 23, 25),
(1539, 'Steffen Feel Good Sportive Quarter Zip Sweater', 6831557, '149.99', '188.00', '0.0', 0, 1, 2, 4, 65, 7),
(1540, 'Steffen Feel Good Sportive Quarter Zip Sweater', 6831557, '112.80', '188.00', '0.0', 0, 1, 2, 4, 65, 7),
(1541, 'Cotton & Linen Sweater', 5881530, '89.40', '149.00', '0.0', 0, 1, 2, 4, 35, 266),
(1542, 'Cotton & Linen Sweater', 5881530, '74.97', '149.00', '0.0', 0, 1, 2, 4, 35, 266),
(1543, 'Nep V-Neck Cardigan', 5929634, '47.60', '59.50', '3.0', 1, 1, 2, 4, 6, 21),
(1544, 'Nep V-Neck Cardigan', 5929634, '38.68', '59.50', '3.0', 1, 1, 2, 4, 6, 21),
(1545, 'Cardiff Core Wool Crewneck Sweater', 6093420, '57.97', '149.00', '0.0', 0, 1, 2, 4, 19, 9),
(1546, 'Cardiff Core Wool Crewneck Sweater', 6093420, '62.97', '149.00', '0.0', 0, 1, 2, 4, 19, 9),
(1547, 'Merrick Bay Sweater', 6829320, '76.80', '128.00', '4.7', 24, 1, 2, 4, 39, 16),
(1548, 'Crown Merino Wool Blend Quarter Zip Pullover', 6831290, '118.80', '198.00', '5.0', 1, 1, 2, 4, 4, 151),
(1549, 'Crown Merino Wool Blend Quarter Zip Pullover', 6831290, '158.40', '198.00', '5.0', 1, 1, 2, 4, 4, 151),
(1550, 'Popcorn Stitch Cotton Blend Crewneck Sweater', 5930886, '63.60', '79.50', '0.0', 0, 1, 2, 4, 3, 21),
(1551, 'Popcorn Stitch Cotton Blend Crewneck Sweater', 5930886, '47.70', '79.50', '0.0', 0, 1, 2, 4, 3, 21),
(1552, 'Honeycomb Crewneck Sweater', 6451539, '136.80', '228.00', '0.0', 0, 1, 2, 4, 4, 16),
(1553, 'Honeycomb Crewneck Sweater', 6451539, '182.40', '228.00', '0.0', 0, 1, 2, 4, 4, 16),
(1554, 'Men\'s Dockside Merino Wool & Cotton Polo Sweater', 6470218, '108.50', '155.00', '0.0', 0, 1, 2, 4, 33, 7),
(1555, 'Men\'s Dockside Merino Wool & Cotton Polo Sweater', 6470218, '93.00', '155.00', '0.0', 0, 1, 2, 4, 33, 7),
(1556, 'Pima Cotton Crewneck Sweater', 6579718, '69.00', '115.00', '0.0', 0, 1, 2, 4, 79, 29),
(1557, 'Pima Cotton Crewneck Sweater', 6579718, '80.50', '115.00', '0.0', 0, 1, 2, 4, 79, 29),
(1558, 'Tames Mouline Polo Sweater', 6421297, '159.20', '199.00', '3.0', 1, 1, 2, 4, 19, 215),
(1559, 'Tames Mouline Polo Sweater', 6421297, '119.40', '199.00', '3.0', 1, 1, 2, 4, 19, 215),
(1560, 'Masei Organic Cotton Sweater', 6828727, '45.00', '75.00', '0.0', 0, 1, 2, 4, 23, 73),
(1561, 'Masei Organic Cotton Sweater', 6828727, '37.97', '75.00', '0.0', 0, 1, 2, 4, 23, 73),
(1562, 'Masei Organic Cotton Sweater', 6828727, '48.75', '75.00', '0.0', 0, 1, 2, 4, 23, 73),
(1563, 'Hilles Cashmere Crewneck Sweater', 6457023, '142.97', '285.00', '4.0', 6, 1, 2, 4, 20, 6),
(1564, 'Rick Virgin Wool Jacquard Crewneck Sweater', 6489336, '113.97', '228.00', '0.0', 0, 1, 2, 4, 65, 66),
(1565, 'Rick Virgin Wool Jacquard Crewneck Sweater', 6489336, '159.60', '228.00', '0.0', 0, 1, 2, 4, 65, 66),
(1566, 'Wool & Cashmere Henley', 6611286, '199.99', '298.00', '0.0', 0, 1, 2, 4, 25, 11),
(1567, 'Wool & Cashmere Henley', 6611286, '193.70', '298.00', '0.0', 0, 1, 2, 4, 25, 11),
(1568, 'Saturday Mock Neck Sweater', 5604743, '59.98', '100.00', '0.0', 0, 1, 2, 4, 28, 267),
(1569, 'Saturday Mock Neck Sweater', 5604743, '100.00', '100.00', '0.0', 0, 1, 2, 4, 28, 267),
(1570, 'Yak & Wool Pullover', 6502440, '81.95', '149.00', '0.0', 0, 1, 2, 4, 90, 19),
(1571, 'Yak & Wool Pullover', 6502440, '119.20', '149.00', '0.0', 0, 1, 2, 4, 90, 19),
(1572, 'Regular Fit Sweater', 5454021, '77.40', '129.00', '0.0', 0, 1, 2, 4, 90, 16),
(1573, 'Regular Fit Sweater', 5454021, '90.30', '129.00', '0.0', 0, 1, 2, 4, 90, 16),
(1574, 'Funnel Neck Half-Zip Sweater', 6584961, '49.99', '65.00', '0.0', 0, 1, 2, 4, 60, 7),
(1575, 'Funnel Neck Half-Zip Sweater', 6584961, '45.50', '65.00', '0.0', 0, 1, 2, 4, 60, 7),
(1576, 'Tonal Fair Isle Sweater', 6091272, '63.60', '79.50', '0.0', 0, 1, 2, 4, 3, 11),
(1577, 'Tonal Fair Isle Sweater', 6091272, '55.65', '79.50', '0.0', 0, 1, 2, 4, 3, 11),
(1578, 'Honeycomb Wool Sweater', 6438873, '97.65', '139.50', '0.0', 0, 1, 2, 4, 34, 25),
(1579, 'Honeycomb Wool Sweater', 6438873, '69.97', '139.50', '0.0', 0, 1, 2, 4, 34, 25);

-- --------------------------------------------------------

--
-- Table structure for table `sweaters_brand`
--

CREATE TABLE `sweaters_brand` (
  `sweaters_brand_id` int(11) NOT NULL,
  `name` varchar(50) DEFAULT NULL
) ENGINE=InnoDB DEFAULT CHARSET=utf8mb4 COLLATE=utf8mb4_0900_ai_ci;

--
-- Dumping data for table `sweaters_brand`
--

INSERT INTO `sweaters_brand` (`sweaters_brand_id`, `name`) VALUES
(1, 'AllSaints'),
(2, 'Barefoot Dreams®'),
(3, 'Nordstrom'),
(4, 'Peter Millar'),
(5, 'Open Edit'),
(6, 'Treasure & Bond'),
(7, 'Tommy John'),
(8, 'Robert Barakett'),
(9, 'L.L.Bean'),
(10, 'BOSS'),
(11, 'Scotch & Soda'),
(12, 'Good Man Brand'),
(13, 'Bonobos'),
(14, 'johnnie-O'),
(15, 'ASOS DESIGN'),
(16, 'Madewell'),
(17, 'Topman'),
(18, 'HUGO'),
(19, 'Ted Baker London'),
(20, 'Theory'),
(21, 'Reiss'),
(22, 'BTS THEMED MERCH'),
(23, 'Selected Homme'),
(24, 'Outerknown'),
(25, 'Billy Reid'),
(26, 'John Smedley'),
(27, 'Vince'),
(28, 'Cutter & Buck'),
(29, 'Boglioli'),
(30, 'Brunello Cucinelli'),
(31, 'BP.'),
(32, 'BP BE PROUD'),
(33, 'Alex Mill'),
(34, 'Club Monaco'),
(35, 'Bugatchi'),
(36, 'Oliver Spencer'),
(37, 'Armani Exchange'),
(38, 'Emporio Armani'),
(39, 'Rodd & Gunn'),
(40, 'rag & bone'),
(41, 'Canali'),
(42, 'PAIGE'),
(43, 'Tommy Bahama'),
(44, 'Schott NYC'),
(45, 'Rails'),
(46, 'Burberry'),
(47, 'Lacoste'),
(48, 'F-LAGSTUF-F'),
(49, 'Aries'),
(50, 'Liverpool Los Angeles'),
(51, 'PacSun'),
(52, 'Rolla’s'),
(53, 'John Varvatos'),
(54, 'NN07'),
(55, 'Faherty'),
(56, 'Robert Graham'),
(57, 'Sergio Tacchini'),
(58, 'Brooks Brothers'),
(59, 'Levi\'s®'),
(60, 'River Island'),
(61, 'Johnny Bigg'),
(62, 'Lucky Brand'),
(63, 'A.P.C.'),
(64, 'Balenciaga'),
(65, 'Brax'),
(66, 'Lahgo'),
(67, 'Psycho Bunny'),
(68, 'Fjällräven'),
(69, 'Versace'),
(70, 'Blood Brother'),
(71, 'The Phluid Project'),
(72, 'Golden Goose'),
(73, 'Vintage 1946'),
(74, 'KENZO'),
(75, 'Isabel Marant'),
(76, 'vineyard vines'),
(77, 'vuori'),
(78, 'Alexander McQueen'),
(79, 'Barbour'),
(80, 'Rhude'),
(81, '7 Diamonds'),
(82, 'Closed'),
(83, 'Jil Sander'),
(84, 'ZEGNA'),
(85, 'Amicale'),
(86, 'Samsøe Samsøe'),
(87, 'adidas'),
(88, 'Homme Plissé Issey Miyake'),
(89, 'Ksubi'),
(90, 'Frank And Oak'),
(91, 'BRADY'),
(92, 'Acne Studios'),
(93, 'OppoSuits'),
(94, 'Jack Victor'),
(95, 'Champion Tears'),
(96, 'Comme des Garçons PLAY'),
(97, 'Saint Laurent'),
(98, 'Eleventy'),
(99, 'John Elliott'),
(100, 'Original Penguin'),
(101, 'Marine Layer'),
(102, 'Double RL'),
(103, 'Officine Générale'),
(104, 'MCQ'),
(105, 'Bottega Veneta'),
(106, 'ATM Anthony Thomas Melillo'),
(107, 'JW Anderson'),
(108, 'Thom Browne'),
(109, 'FRAME'),
(110, 'Billionaire Boys Club'),
(111, 'Reigning Champ'),
(112, 'Mizzen+Main'),
(113, 'Saint James'),
(114, 'Palm Angels'),
(115, 'Loewe'),
(116, 'Stone Island'),
(117, 'SIX WEEK RESIDENCY'),
(118, 'Rick Owens'),
(119, 'Giorgio Armani'),
(120, 'Nike'),
(121, 'Moncler'),
(122, 'Dries Van Noten'),
(123, 'French Connection'),
(124, 'sherris'),
(125, 'Wood Wood'),
(126, 'Y/Project'),
(127, 'Missoni'),
(128, 'Threads 4 Thought'),
(129, 'Alanui'),
(130, 'AG'),
(131, 'Stone Rose'),
(132, 'Maison Margiela'),
(133, 'Maceoo'),
(134, 'sandro'),
(135, 'The Elder Statesman'),
(136, 'Southern Tide'),
(137, 'Norse Projects'),
(138, 'PLEASURES'),
(139, 'Benson'),
(140, 'Suitsupply'),
(141, 'Bel-Air Athletics'),
(142, 'L.B.M. 1911'),
(143, 'NEUW DENIM'),
(144, 'Twenty'),
(145, 'Les Deux'),
(146, 'Johnston & Murphy'),
(147, 'Courrèges'),
(148, 'HÖRST'),
(149, 'Ralph Lauren Purple Label'),
(150, 'Givenchy'),
(151, 'OUR LEGACY'),
(152, 'Fear of God'),
(153, 'BEAMS Plus'),
(154, 'Bode'),
(155, 'Joe\'s'),
(156, 'Karl Lagerfeld Paris'),
(157, 'Undercover'),
(158, 'The Normal Brand'),
(159, 'Eckhaus Latta'),
(160, 'Thom Sweeney'),
(161, 'Icecream'),
(162, '7 For All Mankind'),
(163, 'DIESEL®'),
(164, 'Casablanca'),
(165, 'Tact & Stone'),
(166, 'Corridor'),
(167, 'Sunspel'),
(168, 'Off-White'),
(169, 'COTTON CITIZEN'),
(170, 'Zachary Prell'),
(171, 'Valentino'),
(172, 'VISVIM'),
(173, 'Agnona'),
(174, 'Fendi'),
(175, 'Nanushka'),
(176, 'Icebreaker'),
(177, 'Sanctuary'),
(178, 'Native Youth'),
(179, 'Patagonia'),
(180, 'Raf Simons'),
(181, 'Onia'),
(182, 'Dolce&Gabbana'),
(183, 'Fred Perry'),
(184, 'AMI Paris Mattiussi'),
(185, 'Rossignol'),
(186, 'Bianca Saunders'),
(187, 'Ashish'),
(188, 'K.NGSLEY'),
(189, 'Brownstone'),
(190, 'CALVIN KLEIN 205W39NYC'),
(191, 'Corneliani'),
(192, 'Lemaire'),
(193, 'Balmain'),
(194, '4SDesigns'),
(195, '2 Moncler 1952'),
(196, 'Judy Turner'),
(197, 'AMIRI'),
(198, 'STARTER'),
(199, 'CONCEPTS SPORT'),
(200, 'FOCO'),
(201, 'Junk Food'),
(202, 'FANATICS'),
(203, 'COLOSSEUM'),
(204, 'DUNBROOKE'),
(205, 'LEVELWEAR'),
(206, 'G-III SPORTS BY CARL BANKS'),
(207, 'Mitchell & Ness'),
(208, 'ANTIGUA');

-- --------------------------------------------------------

--
-- Table structure for table `sweaters_color`
--

CREATE TABLE `sweaters_color` (
  `sweaters_color_id` int(11) NOT NULL,
  `name` varchar(10) DEFAULT NULL
) ENGINE=InnoDB DEFAULT CHARSET=utf8mb4 COLLATE=utf8mb4_0900_ai_ci;

--
-- Dumping data for table `sweaters_color`
--

INSERT INTO `sweaters_color` (`sweaters_color_id`, `name`) VALUES
(1, '034'),
(2, '409'),
(3, '938'),
(4, '502'),
(5, '022'),
(6, '250'),
(7, '410'),
(8, '260'),
(9, '001'),
(10, '061'),
(11, '420'),
(12, '450'),
(13, '021'),
(14, '407'),
(15, '411'),
(16, '400'),
(17, '930'),
(18, '200'),
(19, '020'),
(20, '513'),
(21, '401'),
(22, '430'),
(23, '300'),
(24, '530'),
(25, '100'),
(26, '426'),
(27, '310'),
(28, '210'),
(29, '601'),
(30, '497'),
(31, '403'),
(32, '221'),
(33, '003'),
(34, '362'),
(35, '600'),
(36, '900'),
(37, '511'),
(38, '243'),
(39, '414'),
(40, '229'),
(41, '505'),
(42, '440'),
(43, '434'),
(44, '330'),
(45, '404'),
(46, '332'),
(47, '304'),
(48, '730'),
(49, '498'),
(50, '031'),
(51, '030'),
(52, '035'),
(53, '078'),
(54, '067'),
(55, '037'),
(56, '255'),
(57, '066'),
(58, '301'),
(59, '680'),
(60, '516'),
(61, '742'),
(62, '212'),
(63, '026'),
(64, '101'),
(65, '017'),
(66, '201'),
(67, '493'),
(68, '111'),
(69, '844'),
(70, '036'),
(71, '510'),
(72, '060'),
(73, '405'),
(74, '303'),
(75, '074'),
(76, '023'),
(77, '251'),
(78, '347'),
(79, '203'),
(80, '500'),
(81, '755'),
(82, '402'),
(83, '057'),
(84, '050'),
(85, '700'),
(86, '230'),
(87, '007'),
(88, '433'),
(89, '670'),
(90, '052'),
(91, '237'),
(92, '663'),
(93, '019'),
(94, '235'),
(95, '002'),
(96, '412'),
(97, '032'),
(98, '315'),
(99, '467'),
(100, '010'),
(101, '454'),
(102, '800'),
(103, '637'),
(104, '445'),
(105, '451'),
(106, '422'),
(107, '358'),
(108, '313'),
(109, '240'),
(110, '463'),
(111, '902'),
(112, '298'),
(113, '356'),
(114, '109'),
(115, '270'),
(116, '112'),
(117, '421'),
(118, '233'),
(119, '040'),
(120, '482'),
(121, '150'),
(122, '813'),
(123, '432'),
(124, '028'),
(125, '439'),
(126, '033'),
(127, '342'),
(128, '618'),
(129, '939'),
(130, '193'),
(131, '029'),
(132, '664'),
(133, '741'),
(134, '630'),
(135, '465'),
(136, '312'),
(137, '183'),
(138, '345'),
(139, '472'),
(140, '105'),
(141, '650'),
(142, '662'),
(143, '058'),
(144, '318'),
(145, '018'),
(146, '395'),
(147, '103'),
(148, '419'),
(149, '005'),
(150, '131'),
(151, '219'),
(152, '360'),
(153, '340'),
(154, '110'),
(155, '375'),
(156, '272'),
(157, '289'),
(158, '343'),
(159, '094'),
(160, '025'),
(161, '613'),
(162, '336'),
(163, '107'),
(164, '217'),
(165, '425'),
(166, '610'),
(167, '461'),
(168, '208'),
(169, '377'),
(170, '114'),
(171, '024'),
(172, '269'),
(173, '123'),
(174, '202'),
(175, '009'),
(176, '006'),
(177, '787'),
(178, '121'),
(179, '457'),
(180, '696'),
(181, '204'),
(182, '603'),
(183, '283'),
(184, '051'),
(185, '014'),
(186, '098'),
(187, '573'),
(188, '274'),
(189, '271'),
(190, '415'),
(191, '045'),
(192, '108'),
(193, '311'),
(194, '038'),
(195, '612'),
(196, '626'),
(197, '282'),
(198, '418'),
(199, '308'),
(200, '044'),
(201, '011'),
(202, '317'),
(203, '004'),
(204, '840'),
(205, '331'),
(206, '338'),
(207, '016'),
(208, '936'),
(209, '424'),
(210, '302'),
(211, '209'),
(212, '027'),
(213, '901'),
(214, '349'),
(215, '314'),
(216, '933'),
(217, '295'),
(218, '801'),
(219, '055'),
(220, '218'),
(221, '341'),
(222, '602'),
(223, '608'),
(224, '462'),
(225, '291'),
(226, '489'),
(227, '805'),
(228, '552'),
(229, '705'),
(230, '256'),
(231, '205'),
(232, '351'),
(233, '970'),
(234, '297'),
(235, '198'),
(236, '931'),
(237, '206'),
(238, '059'),
(239, '364'),
(240, '252'),
(241, '483'),
(242, '744'),
(243, '325'),
(244, '694'),
(245, '660'),
(246, '550'),
(247, '416'),
(248, '810'),
(249, '215'),
(250, '128'),
(251, '560'),
(252, '435'),
(253, '104'),
(254, '320'),
(255, '739'),
(256, '487'),
(257, '581'),
(258, '438'),
(259, '127'),
(260, '431'),
(261, '710'),
(262, '306'),
(263, '427'),
(264, '540'),
(265, '039'),
(266, '830'),
(267, '616');

--
-- Indexes for dumped tables
--

--
-- Indexes for table `boots`
--
ALTER TABLE `boots`
  ADD PRIMARY KEY (`boots_id`),
  ADD KEY `boots_ibfk_1` (`department_id`),
  ADD KEY `boots_ibfk_2` (`category_id`),
  ADD KEY `boots_ibfk_3` (`sub_category_id`),
  ADD KEY `boots_color_id` (`boots_color_id`),
  ADD KEY `boots_brand_id` (`boots_brand_id`);

--
-- Indexes for table `boots_brand`
--
ALTER TABLE `boots_brand`
  ADD PRIMARY KEY (`boots_brand_id`);

--
-- Indexes for table `boots_color`
--
ALTER TABLE `boots_color`
  ADD PRIMARY KEY (`boots_color_id`);

--
-- Indexes for table `category`
--
ALTER TABLE `category`
  ADD PRIMARY KEY (`category_id`);

--
-- Indexes for table `department`
--
ALTER TABLE `department`
  ADD PRIMARY KEY (`department_id`);

--
-- Indexes for table `flats`
--
ALTER TABLE `flats`
  ADD PRIMARY KEY (`flats_id`),
  ADD KEY `flats_ibfk_1` (`department_id`),
  ADD KEY `flats_ibfk_2` (`category_id`),
  ADD KEY `flats_ibfk_3` (`sub_category_id`),
  ADD KEY `flats_color_id` (`flats_color_id`),
  ADD KEY `flats_brand_id` (`flats_brand_id`);

--
-- Indexes for table `flats_brand`
--
ALTER TABLE `flats_brand`
  ADD PRIMARY KEY (`flats_brand_id`);

--
-- Indexes for table `flats_color`
--
ALTER TABLE `flats_color`
  ADD PRIMARY KEY (`flats_color_id`);

--
-- Indexes for table `skirts`
--
ALTER TABLE `skirts`
  ADD PRIMARY KEY (`skirts_id`),
  ADD KEY `skirts_ibfk_1` (`department_id`),
  ADD KEY `skirts_ibfk_2` (`category_id`),
  ADD KEY `skirts_ibfk_3` (`sub_category_id`),
  ADD KEY `skirts_color_id` (`skirts_color_id`),
  ADD KEY `skirts_brand_id` (`skirts_brand_id`);

--
-- Indexes for table `skirts_brand`
--
ALTER TABLE `skirts_brand`
  ADD PRIMARY KEY (`skirts_brand_id`);

--
-- Indexes for table `skirts_color`
--
ALTER TABLE `skirts_color`
  ADD PRIMARY KEY (`skirts_color_id`);

--
-- Indexes for table `sub_category`
--
ALTER TABLE `sub_category`
  ADD PRIMARY KEY (`sub_category_id`);

--
-- Indexes for table `sweaters`
--
ALTER TABLE `sweaters`
  ADD PRIMARY KEY (`sweaters_id`),
  ADD KEY `sweaters_ibfk_1` (`department_id`),
  ADD KEY `sweaters_ibfk_2` (`category_id`),
  ADD KEY `sweaters_ibfk_3` (`sub_category_id`),
  ADD KEY `sweaters_color_id` (`sweaters_color_id`),
  ADD KEY `sweaters_brand_id` (`sweaters_brand_id`);

--
-- Indexes for table `sweaters_brand`
--
ALTER TABLE `sweaters_brand`
  ADD PRIMARY KEY (`sweaters_brand_id`);

--
-- Indexes for table `sweaters_color`
--
ALTER TABLE `sweaters_color`
  ADD PRIMARY KEY (`sweaters_color_id`);

--
-- AUTO_INCREMENT for dumped tables
--

--
-- AUTO_INCREMENT for table `boots`
--
ALTER TABLE `boots`
  MODIFY `boots_id` int(11) NOT NULL AUTO_INCREMENT, AUTO_INCREMENT=1064;

--
-- AUTO_INCREMENT for table `boots_brand`
--
ALTER TABLE `boots_brand`
  MODIFY `boots_brand_id` int(11) NOT NULL AUTO_INCREMENT, AUTO_INCREMENT=157;

--
-- AUTO_INCREMENT for table `boots_color`
--
ALTER TABLE `boots_color`
  MODIFY `boots_color_id` int(11) NOT NULL AUTO_INCREMENT, AUTO_INCREMENT=135;

--
-- AUTO_INCREMENT for table `category`
--
ALTER TABLE `category`
  MODIFY `category_id` int(11) NOT NULL AUTO_INCREMENT, AUTO_INCREMENT=3;

--
-- AUTO_INCREMENT for table `department`
--
ALTER TABLE `department`
  MODIFY `department_id` int(11) NOT NULL AUTO_INCREMENT, AUTO_INCREMENT=4;

--
-- AUTO_INCREMENT for table `flats_brand`
--
ALTER TABLE `flats_brand`
  MODIFY `flats_brand_id` int(11) NOT NULL AUTO_INCREMENT, AUTO_INCREMENT=236;

--
-- AUTO_INCREMENT for table `flats_color`
--
ALTER TABLE `flats_color`
  MODIFY `flats_color_id` int(11) NOT NULL AUTO_INCREMENT, AUTO_INCREMENT=261;

--
-- AUTO_INCREMENT for table `skirts_brand`
--
ALTER TABLE `skirts_brand`
  MODIFY `skirts_brand_id` int(11) NOT NULL AUTO_INCREMENT, AUTO_INCREMENT=359;

--
-- AUTO_INCREMENT for table `skirts_color`
--
ALTER TABLE `skirts_color`
  MODIFY `skirts_color_id` int(11) NOT NULL AUTO_INCREMENT, AUTO_INCREMENT=292;

--
-- AUTO_INCREMENT for table `sub_category`
--
ALTER TABLE `sub_category`
  MODIFY `sub_category_id` int(11) NOT NULL AUTO_INCREMENT, AUTO_INCREMENT=5;

--
-- AUTO_INCREMENT for table `sweaters_brand`
--
ALTER TABLE `sweaters_brand`
  MODIFY `sweaters_brand_id` int(11) NOT NULL AUTO_INCREMENT, AUTO_INCREMENT=209;

--
-- AUTO_INCREMENT for table `sweaters_color`
--
ALTER TABLE `sweaters_color`
  MODIFY `sweaters_color_id` int(11) NOT NULL AUTO_INCREMENT, AUTO_INCREMENT=268;

--
-- Constraints for dumped tables
--

--
-- Constraints for table `boots`
--
ALTER TABLE `boots`
  ADD CONSTRAINT `boots_ibfk_1` FOREIGN KEY (`department_id`) REFERENCES `department` (`department_id`) ON DELETE CASCADE ON UPDATE CASCADE,
  ADD CONSTRAINT `boots_ibfk_2` FOREIGN KEY (`category_id`) REFERENCES `category` (`category_id`) ON DELETE CASCADE ON UPDATE CASCADE,
  ADD CONSTRAINT `boots_ibfk_3` FOREIGN KEY (`sub_category_id`) REFERENCES `sub_category` (`sub_category_id`) ON DELETE CASCADE ON UPDATE CASCADE,
  ADD CONSTRAINT `boots_ibfk_4` FOREIGN KEY (`boots_color_id`) REFERENCES `boots_color` (`boots_color_id`) ON DELETE CASCADE ON UPDATE CASCADE,
  ADD CONSTRAINT `boots_ibfk_5` FOREIGN KEY (`boots_brand_id`) REFERENCES `boots_brand` (`boots_brand_id`) ON DELETE CASCADE ON UPDATE CASCADE;

--
-- Constraints for table `flats`
--
ALTER TABLE `flats`
  ADD CONSTRAINT `flats_ibfk_1` FOREIGN KEY (`department_id`) REFERENCES `department` (`department_id`) ON DELETE CASCADE ON UPDATE CASCADE,
  ADD CONSTRAINT `flats_ibfk_2` FOREIGN KEY (`category_id`) REFERENCES `category` (`category_id`) ON DELETE CASCADE ON UPDATE CASCADE,
  ADD CONSTRAINT `flats_ibfk_3` FOREIGN KEY (`sub_category_id`) REFERENCES `sub_category` (`sub_category_id`) ON DELETE CASCADE ON UPDATE CASCADE,
  ADD CONSTRAINT `flats_ibfk_4` FOREIGN KEY (`flats_color_id`) REFERENCES `flats_color` (`flats_color_id`) ON DELETE CASCADE ON UPDATE CASCADE,
  ADD CONSTRAINT `flats_ibfk_5` FOREIGN KEY (`flats_brand_id`) REFERENCES `flats_brand` (`flats_brand_id`) ON DELETE CASCADE ON UPDATE CASCADE;

--
-- Constraints for table `skirts`
--
ALTER TABLE `skirts`
  ADD CONSTRAINT `skirts_ibfk_1` FOREIGN KEY (`department_id`) REFERENCES `department` (`department_id`) ON DELETE CASCADE ON UPDATE CASCADE,
  ADD CONSTRAINT `skirts_ibfk_2` FOREIGN KEY (`category_id`) REFERENCES `category` (`category_id`) ON DELETE CASCADE ON UPDATE CASCADE,
  ADD CONSTRAINT `skirts_ibfk_3` FOREIGN KEY (`sub_category_id`) REFERENCES `sub_category` (`sub_category_id`) ON DELETE CASCADE ON UPDATE CASCADE,
  ADD CONSTRAINT `skirts_ibfk_4` FOREIGN KEY (`skirts_color_id`) REFERENCES `skirts_color` (`skirts_color_id`) ON DELETE CASCADE ON UPDATE CASCADE,
  ADD CONSTRAINT `skirts_ibfk_5` FOREIGN KEY (`skirts_brand_id`) REFERENCES `skirts_brand` (`skirts_brand_id`) ON DELETE CASCADE ON UPDATE CASCADE;

--
-- Constraints for table `sweaters`
--
ALTER TABLE `sweaters`
  ADD CONSTRAINT `sweaters_ibfk_1` FOREIGN KEY (`department_id`) REFERENCES `department` (`department_id`) ON DELETE CASCADE ON UPDATE CASCADE,
  ADD CONSTRAINT `sweaters_ibfk_2` FOREIGN KEY (`category_id`) REFERENCES `category` (`category_id`) ON DELETE CASCADE ON UPDATE CASCADE,
  ADD CONSTRAINT `sweaters_ibfk_3` FOREIGN KEY (`sub_category_id`) REFERENCES `sub_category` (`sub_category_id`) ON DELETE CASCADE ON UPDATE CASCADE,
  ADD CONSTRAINT `sweaters_ibfk_4` FOREIGN KEY (`sweaters_color_id`) REFERENCES `sweaters_color` (`sweaters_color_id`) ON DELETE CASCADE ON UPDATE CASCADE,
  ADD CONSTRAINT `sweaters_ibfk_5` FOREIGN KEY (`sweaters_brand_id`) REFERENCES `sweaters_brand` (`sweaters_brand_id`) ON DELETE CASCADE ON UPDATE CASCADE;
COMMIT;

/*!40101 SET CHARACTER_SET_CLIENT=@OLD_CHARACTER_SET_CLIENT */;
/*!40101 SET CHARACTER_SET_RESULTS=@OLD_CHARACTER_SET_RESULTS */;
/*!40101 SET COLLATION_CONNECTION=@OLD_COLLATION_CONNECTION */;
